[05-Mar-2026 13:59:28 Africa/Lagos] === ADD STUDENT PAGE START ===
[05-Mar-2026 13:59:28 Africa/Lagos] Request URI: /tenant/bitflux-wallet-1771434696/admin/add-new-student.php
[05-Mar-2026 13:59:28 Africa/Lagos] Script: /home/academixsuite/public_html/tenant/{school-slug}/admin/add-new-student.php
[05-Mar-2026 13:59:28 Africa/Lagos] Request Method: POST
[05-Mar-2026 13:59:28 Africa/Lagos] Session ID: 148020af74bf67a95341353e5a2ebfa8
[05-Mar-2026 13:59:28 Africa/Lagos] School Slug: bitflux-wallet-1771434696
[05-Mar-2026 13:59:28 Africa/Lagos] User Type: admin
[05-Mar-2026 13:59:28 Africa/Lagos] Current Page: add-new-student.php
[05-Mar-2026 13:59:28 Africa/Lagos] School ID: 6
[05-Mar-2026 13:59:28 Africa/Lagos] School Name: bitflux wallet
[05-Mar-2026 13:59:28 Africa/Lagos] Authenticated User ID: 1
[05-Mar-2026 13:59:28 Africa/Lagos] Authenticated User Type: admin
[05-Mar-2026 13:59:28 Africa/Lagos] Loading autoload from: /home/academixsuite/public_html/tenant/{school-slug}/admin/../../../includes/autoload.php
[05-Mar-2026 13:59:28 Africa/Lagos] Autoload loaded successfully
[05-Mar-2026 13:59:28 Africa/Lagos] Database class found
[05-Mar-2026 13:59:28 Africa/Lagos] Loading StudentManager from: /home/academixsuite/public_html/tenant/{school-slug}/admin/../../../includes/StudentManager.php
[05-Mar-2026 13:59:28 Africa/Lagos] StudentManager loaded successfully
[05-Mar-2026 13:59:28 Africa/Lagos] Attempting to connect to database: school_6
[05-Mar-2026 13:59:28 Africa/Lagos] School database connection successful for: school_6
[05-Mar-2026 13:59:28 Africa/Lagos] Database connection PDO object: PDO
[05-Mar-2026 13:59:28 Africa/Lagos] Initializing StudentManager with parameters:
[05-Mar-2026 13:59:28 Africa/Lagos] - School ID: 6
[05-Mar-2026 13:59:28 Africa/Lagos] - User ID: 1
[05-Mar-2026 13:59:28 Africa/Lagos] - User Type: admin
[05-Mar-2026 13:59:28 Africa/Lagos] StudentManager initialized for school ID: 6
[05-Mar-2026 13:59:28 Africa/Lagos] StudentManager initialized successfully
[05-Mar-2026 13:59:28 Africa/Lagos] POST data received. Fields: csrf_token, academic_year, class, section, roll_number, admission_date, first_name, middle_name, last_name, gender, date_of_birth, student_phone, student_email, existing_parent_id, guardian_name, guardian_relation, guardian_phone, guardian_email, guardian_address, blood_group, allergies, medical_conditions, current_address, permanent_address, previous_school, previous_class, transfer_certificate_no
[05-Mar-2026 13:59:28 Africa/Lagos] Starting data fetch from database
[05-Mar-2026 13:59:28 Africa/Lagos] Loaded 21 settings records
[05-Mar-2026 13:59:28 Africa/Lagos] Loaded user data for ID: 1
[05-Mar-2026 13:59:28 Africa/Lagos] Loaded 1 academic years
[05-Mar-2026 13:59:28 Africa/Lagos] Loaded 1 classes
[05-Mar-2026 13:59:28 Africa/Lagos] === POST REQUEST DETECTED ===
[05-Mar-2026 13:59:28 Africa/Lagos] POST data keys: csrf_token, academic_year, class, section, roll_number, admission_date, first_name, middle_name, last_name, gender, date_of_birth, student_phone, student_email, existing_parent_id, guardian_name, guardian_relation, guardian_phone, guardian_email, guardian_address, blood_group, allergies, medical_conditions, current_address, permanent_address, previous_school, previous_class, transfer_certificate_no
[05-Mar-2026 13:59:28 Africa/Lagos] === PROCESSING FORM SUBMISSION ===
[05-Mar-2026 13:59:28 Africa/Lagos] Form submission detected via field presence
[05-Mar-2026 13:59:28 Africa/Lagos] CSRF validation PASSED
[05-Mar-2026 13:59:28 Africa/Lagos] Student data prepared for insertion:
[05-Mar-2026 13:59:28 Africa/Lagos] - Name: favour Zubetech
[05-Mar-2026 13:59:28 Africa/Lagos] Validation PASSED - all required fields present
[05-Mar-2026 13:59:28 Africa/Lagos] Calling StudentManager->addStudent()
[05-Mar-2026 13:59:28 Africa/Lagos] === ADD STUDENT START ===
[05-Mar-2026 13:59:28 Africa/Lagos] School ID: 6
[05-Mar-2026 13:59:28 Africa/Lagos] User ID: 1
[05-Mar-2026 13:59:28 Africa/Lagos] Data received: ["academic_year_id","class_id","section_id","roll_number","admission_date","first_name","middle_name","last_name","gender","date_of_birth","student_email","student_phone","guardian_name","guardian_email","guardian_phone","guardian_relation","guardian_address","existing_parent_id","blood_group","allergies","medical_conditions","doctor_name","doctor_phone","current_address","permanent_address","previous_school","previous_class","transfer_certificate_no"]
[05-Mar-2026 13:59:28 Africa/Lagos] Transaction started
[05-Mar-2026 13:59:28 Africa/Lagos] Validation passed
[05-Mar-2026 13:59:28 Africa/Lagos] Generating admission number for academic year ID: 1
[05-Mar-2026 13:59:28 Africa/Lagos] Using academic year: 2025-2026 (Year: 2025)
[05-Mar-2026 13:59:28 Africa/Lagos] Generated admission number: BIT-2025-0001
[05-Mar-2026 13:59:28 Africa/Lagos] Generated admission number: BIT-2025-0001
[05-Mar-2026 13:59:28 Africa/Lagos] Generated random password of length: 8
[05-Mar-2026 13:59:28 Africa/Lagos] Student password generated (hashed)
[05-Mar-2026 13:59:28 Africa/Lagos] Creating student user account:
[05-Mar-2026 13:59:28 Africa/Lagos] - Full name: favour nzube Zubetech
[05-Mar-2026 13:59:28 Africa/Lagos] - Email: zubetechhub@gmail.com
[05-Mar-2026 13:59:28 Africa/Lagos] - Username: zubetechhub
[05-Mar-2026 13:59:28 Africa/Lagos] Student user created with ID: 3
[05-Mar-2026 13:59:28 Africa/Lagos] Student role assigned to user ID: 3
[05-Mar-2026 13:59:28 Africa/Lagos] Getting default campus ID for school: 6
[05-Mar-2026 13:59:28 Africa/Lagos] Campuses table does not exist, returning null
[05-Mar-2026 13:59:28 Africa/Lagos] Campus ID: null
[05-Mar-2026 13:59:28 Africa/Lagos] Inserting student record...
[05-Mar-2026 13:59:28 Africa/Lagos] Student insert params prepared: [6,null,"3","BIT-2025-0001","3",1,1,"2026-03-05","favour","nzube","Zubetech","2020-03-05"]...
[05-Mar-2026 13:59:28 Africa/Lagos] === STUDENT RECORD CREATED SUCCESSFULLY ===
[05-Mar-2026 13:59:28 Africa/Lagos] Student ID: 1
[05-Mar-2026 13:59:28 Africa/Lagos] Admission Number: BIT-2025-0001
[05-Mar-2026 13:59:28 Africa/Lagos] Creating new parent from guardian data
[05-Mar-2026 13:59:28 Africa/Lagos] === FIND OR CREATE PARENT ===
[05-Mar-2026 13:59:28 Africa/Lagos] Parent data: {"name":"hennry uzodima","email":"zubetechhub3@gmail.com","phone":"07042424553","address":"chokocho\r\netche"}
[05-Mar-2026 13:59:28 Africa/Lagos] No existing parent found, creating new parent
[05-Mar-2026 13:59:28 Africa/Lagos] Generated random password of length: 8
[05-Mar-2026 13:59:29 Africa/Lagos] Generated parent password (hashed)
[05-Mar-2026 13:59:29 Africa/Lagos] Created new parent with ID: 4
[05-Mar-2026 13:59:29 Africa/Lagos] Assigned parent role to user ID: 4
[05-Mar-2026 13:59:29 Africa/Lagos] Stored temporary password for parent ID: 4
[05-Mar-2026 13:59:29 Africa/Lagos] Parent user ID from findOrCreate: 4
[05-Mar-2026 13:59:29 Africa/Lagos] Creating guardian relationship - Parent: 4, Student: 1, Relationship: father
[05-Mar-2026 13:59:29 Africa/Lagos] Guardian relationship created successfully
[05-Mar-2026 13:59:29 Africa/Lagos] Stored temporary password for student ID: 3
[05-Mar-2026 13:59:29 Africa/Lagos] Creating audit log entry
[05-Mar-2026 13:59:29 Africa/Lagos] Audit log created successfully
[05-Mar-2026 13:59:29 Africa/Lagos] Transaction committed successfully
[05-Mar-2026 13:59:29 Africa/Lagos] Attempting to send login emails
[05-Mar-2026 13:59:29 Africa/Lagos] === SENDING LOGIN EMAILS ===
[05-Mar-2026 13:59:29 Africa/Lagos] Sending email to student: zubetechhub@gmail.com
[05-Mar-2026 13:59:29 Africa/Lagos] Attempting to send email to: zubetechhub@gmail.com
[05-Mar-2026 13:59:29 Africa/Lagos] Email sent successfully via mail() function
[05-Mar-2026 13:59:29 Africa/Lagos] Student email sent successfully
[05-Mar-2026 13:59:29 Africa/Lagos] Sending email to parent: zubetechhub3@gmail.com
[05-Mar-2026 13:59:29 Africa/Lagos] Attempting to send email to: zubetechhub3@gmail.com
[05-Mar-2026 13:59:29 Africa/Lagos] Email sent successfully via mail() function
[05-Mar-2026 13:59:29 Africa/Lagos] Parent email sent successfully
[05-Mar-2026 13:59:29 Africa/Lagos] Email sending completed with 0 errors
[05-Mar-2026 13:59:29 Africa/Lagos] === ADD STUDENT COMPLETED SUCCESSFULLY ===
[05-Mar-2026 13:59:29 Africa/Lagos] Return message: Student added successfully! Admission Number: BIT-2025-0001
[05-Mar-2026 13:59:29 Africa/Lagos] StudentManager->addStudent() completed in 587.51ms
[05-Mar-2026 13:59:29 Africa/Lagos] === STUDENT ADDED SUCCESSFULLY ===
[05-Mar-2026 13:59:29 Africa/Lagos] Student ID: 1
[05-Mar-2026 13:59:29 Africa/Lagos] Message: Student added successfully! Admission Number: BIT-2025-0001
[05-Mar-2026 13:59:29 Africa/Lagos] Redirecting after form processing
[05-Mar-2026 14:02:48 Africa/Lagos] === ADD STUDENT PAGE START ===
[05-Mar-2026 14:02:48 Africa/Lagos] Request URI: /tenant/bitflux-wallet-1771434696/admin/add-new-student.php
[05-Mar-2026 14:02:48 Africa/Lagos] Script: /home/academixsuite/public_html/tenant/{school-slug}/admin/add-new-student.php
[05-Mar-2026 14:02:48 Africa/Lagos] Request Method: GET
[05-Mar-2026 14:02:48 Africa/Lagos] Session ID: 148020af74bf67a95341353e5a2ebfa8
[05-Mar-2026 14:02:48 Africa/Lagos] School Slug: bitflux-wallet-1771434696
[05-Mar-2026 14:02:48 Africa/Lagos] User Type: admin
[05-Mar-2026 14:02:48 Africa/Lagos] Current Page: add-new-student.php
[05-Mar-2026 14:02:48 Africa/Lagos] School ID: 6
[05-Mar-2026 14:02:48 Africa/Lagos] School Name: bitflux wallet
[05-Mar-2026 14:02:48 Africa/Lagos] Authenticated User ID: 1
[05-Mar-2026 14:02:48 Africa/Lagos] Authenticated User Type: admin
[05-Mar-2026 14:02:48 Africa/Lagos] Loading autoload from: /home/academixsuite/public_html/tenant/{school-slug}/admin/../../../includes/autoload.php
[05-Mar-2026 14:02:48 Africa/Lagos] Autoload loaded successfully
[05-Mar-2026 14:02:48 Africa/Lagos] Database class found
[05-Mar-2026 14:02:48 Africa/Lagos] Loading StudentManager from: /home/academixsuite/public_html/tenant/{school-slug}/admin/../../../includes/StudentManager.php
[05-Mar-2026 14:02:48 Africa/Lagos] StudentManager loaded successfully
[05-Mar-2026 14:02:48 Africa/Lagos] Attempting to connect to database: school_6
[05-Mar-2026 14:02:48 Africa/Lagos] School database connection successful for: school_6
[05-Mar-2026 14:02:48 Africa/Lagos] Database connection PDO object: PDO
[05-Mar-2026 14:02:48 Africa/Lagos] Initializing StudentManager with parameters:
[05-Mar-2026 14:02:48 Africa/Lagos] - School ID: 6
[05-Mar-2026 14:02:48 Africa/Lagos] - User ID: 1
[05-Mar-2026 14:02:48 Africa/Lagos] - User Type: admin
[05-Mar-2026 14:02:48 Africa/Lagos] StudentManager initialized for school ID: 6
[05-Mar-2026 14:02:48 Africa/Lagos] StudentManager initialized successfully
[05-Mar-2026 14:02:48 Africa/Lagos] Starting data fetch from database
[05-Mar-2026 14:02:48 Africa/Lagos] Loaded 21 settings records
[05-Mar-2026 14:02:48 Africa/Lagos] Loaded user data for ID: 1
[05-Mar-2026 14:02:48 Africa/Lagos] Loaded 1 academic years
[05-Mar-2026 14:02:48 Africa/Lagos] Loaded 1 classes
[05-Mar-2026 14:02:48 Africa/Lagos] === ADD STUDENT PAGE END ===
[05-Mar-2026 14:02:48 Africa/Lagos] Page loaded with 1 classes, 1 academic years
[05-Mar-2026 14:02:48 Africa/Lagos] ROUTER END: Successfully served /home/academixsuite/public_html/tenant/{school-slug}/admin/add-new-student.php
[05-Mar-2026 14:24:52 Africa/Lagos] === ADD STUDENT PAGE START ===
[05-Mar-2026 14:24:52 Africa/Lagos] Request URI: /tenant/bitflux-wallet-1771434696/admin/add-new-student.php
[05-Mar-2026 14:24:52 Africa/Lagos] Script: /home/academixsuite/public_html/tenant/{school-slug}/admin/add-new-student.php
[05-Mar-2026 14:24:52 Africa/Lagos] Request Method: GET
[05-Mar-2026 14:24:52 Africa/Lagos] Session ID: 148020af74bf67a95341353e5a2ebfa8
[05-Mar-2026 14:24:52 Africa/Lagos] School Slug: bitflux-wallet-1771434696
[05-Mar-2026 14:24:52 Africa/Lagos] User Type: admin
[05-Mar-2026 14:24:52 Africa/Lagos] Current Page: add-new-student.php
[05-Mar-2026 14:24:52 Africa/Lagos] School ID: 6
[05-Mar-2026 14:24:52 Africa/Lagos] School Name: bitflux wallet
[05-Mar-2026 14:24:52 Africa/Lagos] Authenticated User ID: 1
[05-Mar-2026 14:24:52 Africa/Lagos] Authenticated User Type: admin
[05-Mar-2026 14:24:52 Africa/Lagos] Loading autoload from: /home/academixsuite/public_html/tenant/{school-slug}/admin/../../../includes/autoload.php
[05-Mar-2026 14:24:52 Africa/Lagos] Autoload loaded successfully
[05-Mar-2026 14:24:52 Africa/Lagos] Database class found
[05-Mar-2026 14:24:52 Africa/Lagos] Loading StudentManager from: /home/academixsuite/public_html/tenant/{school-slug}/admin/../../../includes/StudentManager.php
[05-Mar-2026 14:24:52 Africa/Lagos] StudentManager loaded successfully
[05-Mar-2026 14:24:52 Africa/Lagos] Attempting to connect to database: school_6
[05-Mar-2026 14:24:52 Africa/Lagos] School database connection successful for: school_6
[05-Mar-2026 14:24:52 Africa/Lagos] Database connection PDO object: PDO
[05-Mar-2026 14:24:52 Africa/Lagos] Initializing StudentManager with parameters:
[05-Mar-2026 14:24:52 Africa/Lagos] - School ID: 6
[05-Mar-2026 14:24:52 Africa/Lagos] - User ID: 1
[05-Mar-2026 14:24:52 Africa/Lagos] - User Type: admin
[05-Mar-2026 14:24:52 Africa/Lagos] StudentManager initialized for school ID: 6
[05-Mar-2026 14:24:52 Africa/Lagos] StudentManager initialized successfully
[05-Mar-2026 14:24:52 Africa/Lagos] Starting data fetch from database
[05-Mar-2026 14:24:52 Africa/Lagos] Loaded 21 settings records
[05-Mar-2026 14:24:52 Africa/Lagos] Loaded user data for ID: 1
[05-Mar-2026 14:24:52 Africa/Lagos] Loaded 1 academic years
[05-Mar-2026 14:24:52 Africa/Lagos] Loaded 1 classes
[05-Mar-2026 14:24:52 Africa/Lagos] === ADD STUDENT PAGE END ===
[05-Mar-2026 14:24:52 Africa/Lagos] Page loaded with 1 classes, 1 academic years
[05-Mar-2026 14:24:52 Africa/Lagos] ROUTER END: Successfully served /home/academixsuite/public_html/tenant/{school-slug}/admin/add-new-student.php
[05-Mar-2026 14:36:05 Africa/Lagos] === ADD STUDENT PAGE START ===
[05-Mar-2026 14:36:05 Africa/Lagos] Request URI: /tenant/bitflux-wallet-1771434696/admin/add-new-student.php
[05-Mar-2026 14:36:05 Africa/Lagos] Script: /home/academixsuite/public_html/tenant/{school-slug}/admin/add-new-student.php
[05-Mar-2026 14:36:05 Africa/Lagos] Request Method: GET
[05-Mar-2026 14:36:05 Africa/Lagos] Session ID: bf3ff9161bc15c0e3555f9ed9828769c
[05-Mar-2026 14:36:05 Africa/Lagos] School Slug: bitflux-wallet-1771434696
[05-Mar-2026 14:36:05 Africa/Lagos] User Type: admin
[05-Mar-2026 14:36:05 Africa/Lagos] Current Page: add-new-student.php
[05-Mar-2026 14:36:05 Africa/Lagos] School ID: 6
[05-Mar-2026 14:36:05 Africa/Lagos] School Name: bitflux wallet
[05-Mar-2026 14:36:05 Africa/Lagos] Authenticated User ID: 1
[05-Mar-2026 14:36:05 Africa/Lagos] Authenticated User Type: admin
[05-Mar-2026 14:36:05 Africa/Lagos] Loading autoload from: /home/academixsuite/public_html/tenant/{school-slug}/admin/../../../includes/autoload.php
[05-Mar-2026 14:36:05 Africa/Lagos] Autoload loaded successfully
[05-Mar-2026 14:36:05 Africa/Lagos] Database class found
[05-Mar-2026 14:36:05 Africa/Lagos] Loading StudentManager from: /home/academixsuite/public_html/tenant/{school-slug}/admin/../../../includes/StudentManager.php
[05-Mar-2026 14:36:05 Africa/Lagos] StudentManager loaded successfully
[05-Mar-2026 14:36:05 Africa/Lagos] Attempting to connect to database: school_6
[05-Mar-2026 14:36:05 Africa/Lagos] School database connection successful for: school_6
[05-Mar-2026 14:36:05 Africa/Lagos] Database connection PDO object: PDO
[05-Mar-2026 14:36:05 Africa/Lagos] Initializing StudentManager with parameters:
[05-Mar-2026 14:36:05 Africa/Lagos] - School ID: 6
[05-Mar-2026 14:36:05 Africa/Lagos] - User ID: 1
[05-Mar-2026 14:36:05 Africa/Lagos] - User Type: admin
[05-Mar-2026 14:36:05 Africa/Lagos] StudentManager initialized for school ID: 6
[05-Mar-2026 14:36:05 Africa/Lagos] StudentManager initialized successfully
[05-Mar-2026 14:36:05 Africa/Lagos] Starting data fetch from database
[05-Mar-2026 14:36:05 Africa/Lagos] Loaded 21 settings records
[05-Mar-2026 14:36:05 Africa/Lagos] Loaded user data for ID: 1
[05-Mar-2026 14:36:05 Africa/Lagos] Loaded 1 academic years
[05-Mar-2026 14:36:05 Africa/Lagos] Loaded 1 classes
[05-Mar-2026 14:36:05 Africa/Lagos] === ADD STUDENT PAGE END ===
[05-Mar-2026 14:36:05 Africa/Lagos] Page loaded with 1 classes, 1 academic years
[05-Mar-2026 14:36:05 Africa/Lagos] ROUTER END: Successfully served /home/academixsuite/public_html/tenant/{school-slug}/admin/add-new-student.php
[05-Mar-2026 14:36:14 Africa/Lagos] === ADD STUDENT PAGE START ===
[05-Mar-2026 14:36:14 Africa/Lagos] Request URI: /tenant/bitflux-wallet-1771434696/admin/add-new-student.php?ajax=search_parents&term=Hen
[05-Mar-2026 14:36:14 Africa/Lagos] Script: /home/academixsuite/public_html/tenant/{school-slug}/admin/add-new-student.php
[05-Mar-2026 14:36:14 Africa/Lagos] Request Method: GET
[05-Mar-2026 14:36:14 Africa/Lagos] Session ID: bf3ff9161bc15c0e3555f9ed9828769c
[05-Mar-2026 14:36:14 Africa/Lagos] School Slug: bitflux-wallet-1771434696
[05-Mar-2026 14:36:14 Africa/Lagos] User Type: admin
[05-Mar-2026 14:36:14 Africa/Lagos] Current Page: add-new-student.php
[05-Mar-2026 14:36:14 Africa/Lagos] School ID: 6
[05-Mar-2026 14:36:14 Africa/Lagos] School Name: bitflux wallet
[05-Mar-2026 14:36:14 Africa/Lagos] Authenticated User ID: 1
[05-Mar-2026 14:36:14 Africa/Lagos] Authenticated User Type: admin
[05-Mar-2026 14:36:14 Africa/Lagos] Loading autoload from: /home/academixsuite/public_html/tenant/{school-slug}/admin/../../../includes/autoload.php
[05-Mar-2026 14:36:14 Africa/Lagos] Autoload loaded successfully
[05-Mar-2026 14:36:14 Africa/Lagos] Database class found
[05-Mar-2026 14:36:14 Africa/Lagos] Loading StudentManager from: /home/academixsuite/public_html/tenant/{school-slug}/admin/../../../includes/StudentManager.php
[05-Mar-2026 14:36:14 Africa/Lagos] StudentManager loaded successfully
[05-Mar-2026 14:36:14 Africa/Lagos] Attempting to connect to database: school_6
[05-Mar-2026 14:36:14 Africa/Lagos] School database connection successful for: school_6
[05-Mar-2026 14:36:14 Africa/Lagos] Database connection PDO object: PDO
[05-Mar-2026 14:36:14 Africa/Lagos] Initializing StudentManager with parameters:
[05-Mar-2026 14:36:14 Africa/Lagos] - School ID: 6
[05-Mar-2026 14:36:14 Africa/Lagos] - User ID: 1
[05-Mar-2026 14:36:14 Africa/Lagos] - User Type: admin
[05-Mar-2026 14:36:14 Africa/Lagos] StudentManager initialized for school ID: 6
[05-Mar-2026 14:36:14 Africa/Lagos] StudentManager initialized successfully
[05-Mar-2026 14:36:14 Africa/Lagos] Starting data fetch from database
[05-Mar-2026 14:36:14 Africa/Lagos] Loaded 21 settings records
[05-Mar-2026 14:36:14 Africa/Lagos] Loaded user data for ID: 1
[05-Mar-2026 14:36:14 Africa/Lagos] Loaded 1 academic years
[05-Mar-2026 14:36:14 Africa/Lagos] Loaded 1 classes
[05-Mar-2026 14:36:14 Africa/Lagos] Processing AJAX request: search_parents
[05-Mar-2026 14:36:14 Africa/Lagos] Searching parents with term: Hen
[05-Mar-2026 14:36:14 Africa/Lagos] Found 1 parents matching term
[05-Mar-2026 14:47:25 Africa/Lagos] === ADD STUDENT PAGE START ===
[05-Mar-2026 14:47:25 Africa/Lagos] Request URI: /tenant/bitflux-wallet-1771434696/admin/add-new-student.php
[05-Mar-2026 14:47:25 Africa/Lagos] Script: /home/academixsuite/public_html/tenant/{school-slug}/admin/add-new-student.php
[05-Mar-2026 14:47:25 Africa/Lagos] Request Method: GET
[05-Mar-2026 14:47:25 Africa/Lagos] Session ID: bf3ff9161bc15c0e3555f9ed9828769c
[05-Mar-2026 14:47:25 Africa/Lagos] School Slug: bitflux-wallet-1771434696
[05-Mar-2026 14:47:25 Africa/Lagos] User Type: admin
[05-Mar-2026 14:47:25 Africa/Lagos] Current Page: add-new-student.php
[05-Mar-2026 14:47:25 Africa/Lagos] School ID: 6
[05-Mar-2026 14:47:25 Africa/Lagos] School Name: bitflux wallet
[05-Mar-2026 14:47:25 Africa/Lagos] Authenticated User ID: 1
[05-Mar-2026 14:47:25 Africa/Lagos] Authenticated User Type: admin
[05-Mar-2026 14:47:25 Africa/Lagos] Loading autoload from: /home/academixsuite/public_html/tenant/{school-slug}/admin/../../../includes/autoload.php
[05-Mar-2026 14:47:25 Africa/Lagos] Autoload loaded successfully
[05-Mar-2026 14:47:25 Africa/Lagos] Database class found
[05-Mar-2026 14:47:25 Africa/Lagos] Loading StudentManager from: /home/academixsuite/public_html/tenant/{school-slug}/admin/../../../includes/StudentManager.php
[05-Mar-2026 14:47:25 Africa/Lagos] StudentManager loaded successfully
[05-Mar-2026 14:47:25 Africa/Lagos] Attempting to connect to database: school_6
[05-Mar-2026 14:47:25 Africa/Lagos] School database connection successful for: school_6
[05-Mar-2026 14:47:25 Africa/Lagos] Database connection PDO object: PDO
[05-Mar-2026 14:47:25 Africa/Lagos] Initializing StudentManager with parameters:
[05-Mar-2026 14:47:25 Africa/Lagos] - School ID: 6
[05-Mar-2026 14:47:25 Africa/Lagos] - User ID: 1
[05-Mar-2026 14:47:25 Africa/Lagos] - User Type: admin
[05-Mar-2026 14:47:25 Africa/Lagos] StudentManager initialized for school ID: 6
[05-Mar-2026 14:47:25 Africa/Lagos] StudentManager initialized successfully
[05-Mar-2026 14:47:25 Africa/Lagos] Starting data fetch from database
[05-Mar-2026 14:47:25 Africa/Lagos] Loaded 21 settings records
[05-Mar-2026 14:47:25 Africa/Lagos] Loaded user data for ID: 1
[05-Mar-2026 14:47:25 Africa/Lagos] Loaded 1 academic years
[05-Mar-2026 14:47:25 Africa/Lagos] Loaded 1 classes
[05-Mar-2026 14:47:25 Africa/Lagos] === ADD STUDENT PAGE END ===
[05-Mar-2026 14:47:25 Africa/Lagos] Page loaded with 1 classes, 1 academic years
[05-Mar-2026 14:47:25 Africa/Lagos] ROUTER END: Successfully served /home/academixsuite/public_html/tenant/{school-slug}/admin/add-new-student.php
[05-Mar-2026 14:49:33 Africa/Lagos] === ADD STUDENT PAGE START ===
[05-Mar-2026 14:49:33 Africa/Lagos] Request URI: /tenant/bitflux-wallet-1771434696/admin/add-new-student.php?ajax=get_sections&class_id=1
[05-Mar-2026 14:49:33 Africa/Lagos] Script: /home/academixsuite/public_html/tenant/{school-slug}/admin/add-new-student.php
[05-Mar-2026 14:49:33 Africa/Lagos] Request Method: GET
[05-Mar-2026 14:49:33 Africa/Lagos] Session ID: bf3ff9161bc15c0e3555f9ed9828769c
[05-Mar-2026 14:49:33 Africa/Lagos] School Slug: bitflux-wallet-1771434696
[05-Mar-2026 14:49:33 Africa/Lagos] User Type: admin
[05-Mar-2026 14:49:33 Africa/Lagos] Current Page: add-new-student.php
[05-Mar-2026 14:49:33 Africa/Lagos] School ID: 6
[05-Mar-2026 14:49:33 Africa/Lagos] School Name: bitflux wallet
[05-Mar-2026 14:49:33 Africa/Lagos] Authenticated User ID: 1
[05-Mar-2026 14:49:33 Africa/Lagos] Authenticated User Type: admin
[05-Mar-2026 14:49:33 Africa/Lagos] Loading autoload from: /home/academixsuite/public_html/tenant/{school-slug}/admin/../../../includes/autoload.php
[05-Mar-2026 14:49:33 Africa/Lagos] Autoload loaded successfully
[05-Mar-2026 14:49:33 Africa/Lagos] Database class found
[05-Mar-2026 14:49:33 Africa/Lagos] Loading StudentManager from: /home/academixsuite/public_html/tenant/{school-slug}/admin/../../../includes/StudentManager.php
[05-Mar-2026 14:49:33 Africa/Lagos] StudentManager loaded successfully
[05-Mar-2026 14:49:33 Africa/Lagos] Attempting to connect to database: school_6
[05-Mar-2026 14:49:33 Africa/Lagos] School database connection successful for: school_6
[05-Mar-2026 14:49:33 Africa/Lagos] Database connection PDO object: PDO
[05-Mar-2026 14:49:33 Africa/Lagos] Initializing StudentManager with parameters:
[05-Mar-2026 14:49:33 Africa/Lagos] - School ID: 6
[05-Mar-2026 14:49:33 Africa/Lagos] - User ID: 1
[05-Mar-2026 14:49:33 Africa/Lagos] - User Type: admin
[05-Mar-2026 14:49:33 Africa/Lagos] StudentManager initialized for school ID: 6
[05-Mar-2026 14:49:33 Africa/Lagos] StudentManager initialized successfully
[05-Mar-2026 14:49:33 Africa/Lagos] Starting data fetch from database
[05-Mar-2026 14:49:33 Africa/Lagos] Loaded 21 settings records
[05-Mar-2026 14:49:33 Africa/Lagos] Loaded user data for ID: 1
[05-Mar-2026 14:49:33 Africa/Lagos] Loaded 1 academic years
[05-Mar-2026 14:49:33 Africa/Lagos] Loaded 1 classes
[05-Mar-2026 14:49:33 Africa/Lagos] Retrieved 1 sections for class ID: 1
[05-Mar-2026 14:49:33 Africa/Lagos] Loaded 1 sections for class 1
[05-Mar-2026 14:49:33 Africa/Lagos] Processing AJAX request: get_sections
[05-Mar-2026 14:49:33 Africa/Lagos] Retrieved 1 sections for class ID: 1
[05-Mar-2026 14:58:07 Africa/Lagos] === ADD STUDENT PAGE START ===
[05-Mar-2026 14:58:07 Africa/Lagos] Request URI: /tenant/bitflux-wallet-1771434696/admin/add-new-student.php?ajax=search_parents&term=Hen
[05-Mar-2026 14:58:07 Africa/Lagos] Script: /home/academixsuite/public_html/tenant/{school-slug}/admin/add-new-student.php
[05-Mar-2026 14:58:07 Africa/Lagos] Request Method: GET
[05-Mar-2026 14:58:07 Africa/Lagos] Session ID: bf3ff9161bc15c0e3555f9ed9828769c
[05-Mar-2026 14:58:07 Africa/Lagos] School Slug: bitflux-wallet-1771434696
[05-Mar-2026 14:58:07 Africa/Lagos] User Type: admin
[05-Mar-2026 14:58:07 Africa/Lagos] Current Page: add-new-student.php
[05-Mar-2026 14:58:07 Africa/Lagos] School ID: 6
[05-Mar-2026 14:58:07 Africa/Lagos] School Name: bitflux wallet
[05-Mar-2026 14:58:07 Africa/Lagos] Authenticated User ID: 1
[05-Mar-2026 14:58:07 Africa/Lagos] Authenticated User Type: admin
[05-Mar-2026 14:58:07 Africa/Lagos] Loading autoload from: /home/academixsuite/public_html/tenant/{school-slug}/admin/../../../includes/autoload.php
[05-Mar-2026 14:58:07 Africa/Lagos] Autoload loaded successfully
[05-Mar-2026 14:58:07 Africa/Lagos] Database class found
[05-Mar-2026 14:58:07 Africa/Lagos] Loading StudentManager from: /home/academixsuite/public_html/tenant/{school-slug}/admin/../../../includes/StudentManager.php
[05-Mar-2026 14:58:07 Africa/Lagos] StudentManager loaded successfully
[05-Mar-2026 14:58:07 Africa/Lagos] Attempting to connect to database: school_6
[05-Mar-2026 14:58:07 Africa/Lagos] School database connection successful for: school_6
[05-Mar-2026 14:58:07 Africa/Lagos] Database connection PDO object: PDO
[05-Mar-2026 14:58:07 Africa/Lagos] Initializing StudentManager with parameters:
[05-Mar-2026 14:58:07 Africa/Lagos] - School ID: 6
[05-Mar-2026 14:58:07 Africa/Lagos] - User ID: 1
[05-Mar-2026 14:58:07 Africa/Lagos] - User Type: admin
[05-Mar-2026 14:58:07 Africa/Lagos] StudentManager initialized for school ID: 6
[05-Mar-2026 14:58:07 Africa/Lagos] StudentManager initialized successfully
[05-Mar-2026 14:58:07 Africa/Lagos] Starting data fetch from database
[05-Mar-2026 14:58:07 Africa/Lagos] Loaded 21 settings records
[05-Mar-2026 14:58:07 Africa/Lagos] Loaded user data for ID: 1
[05-Mar-2026 14:58:07 Africa/Lagos] Loaded 1 academic years
[05-Mar-2026 14:58:07 Africa/Lagos] Loaded 1 classes
[05-Mar-2026 14:58:07 Africa/Lagos] Processing AJAX request: search_parents
[05-Mar-2026 14:58:07 Africa/Lagos] Searching parents with term: Hen
[05-Mar-2026 14:58:07 Africa/Lagos] Found 1 parents matching term
[05-Mar-2026 14:58:09 Africa/Lagos] === ADD STUDENT PAGE START ===
[05-Mar-2026 14:58:09 Africa/Lagos] Request URI: /tenant/bitflux-wallet-1771434696/admin/add-new-student.php?ajax=search_parents&term=Henry
[05-Mar-2026 14:58:09 Africa/Lagos] Script: /home/academixsuite/public_html/tenant/{school-slug}/admin/add-new-student.php
[05-Mar-2026 14:58:09 Africa/Lagos] Request Method: GET
[05-Mar-2026 14:58:09 Africa/Lagos] Session ID: bf3ff9161bc15c0e3555f9ed9828769c
[05-Mar-2026 14:58:09 Africa/Lagos] School Slug: bitflux-wallet-1771434696
[05-Mar-2026 14:58:09 Africa/Lagos] User Type: admin
[05-Mar-2026 14:58:09 Africa/Lagos] Current Page: add-new-student.php
[05-Mar-2026 14:58:09 Africa/Lagos] School ID: 6
[05-Mar-2026 14:58:09 Africa/Lagos] School Name: bitflux wallet
[05-Mar-2026 14:58:09 Africa/Lagos] Authenticated User ID: 1
[05-Mar-2026 14:58:09 Africa/Lagos] Authenticated User Type: admin
[05-Mar-2026 14:58:09 Africa/Lagos] Loading autoload from: /home/academixsuite/public_html/tenant/{school-slug}/admin/../../../includes/autoload.php
[05-Mar-2026 14:58:09 Africa/Lagos] Autoload loaded successfully
[05-Mar-2026 14:58:09 Africa/Lagos] Database class found
[05-Mar-2026 14:58:09 Africa/Lagos] Loading StudentManager from: /home/academixsuite/public_html/tenant/{school-slug}/admin/../../../includes/StudentManager.php
[05-Mar-2026 14:58:09 Africa/Lagos] StudentManager loaded successfully
[05-Mar-2026 14:58:09 Africa/Lagos] Attempting to connect to database: school_6
[05-Mar-2026 14:58:09 Africa/Lagos] School database connection successful for: school_6
[05-Mar-2026 14:58:09 Africa/Lagos] Database connection PDO object: PDO
[05-Mar-2026 14:58:09 Africa/Lagos] Initializing StudentManager with parameters:
[05-Mar-2026 14:58:09 Africa/Lagos] - School ID: 6
[05-Mar-2026 14:58:09 Africa/Lagos] - User ID: 1
[05-Mar-2026 14:58:09 Africa/Lagos] - User Type: admin
[05-Mar-2026 14:58:09 Africa/Lagos] StudentManager initialized for school ID: 6
[05-Mar-2026 14:58:09 Africa/Lagos] StudentManager initialized successfully
[05-Mar-2026 14:58:09 Africa/Lagos] Starting data fetch from database
[05-Mar-2026 14:58:09 Africa/Lagos] Loaded 21 settings records
[05-Mar-2026 14:58:09 Africa/Lagos] Loaded user data for ID: 1
[05-Mar-2026 14:58:09 Africa/Lagos] Loaded 1 academic years
[05-Mar-2026 14:58:09 Africa/Lagos] Loaded 1 classes
[05-Mar-2026 14:58:09 Africa/Lagos] Processing AJAX request: search_parents
[05-Mar-2026 14:58:09 Africa/Lagos] Searching parents with term: Henry
[05-Mar-2026 14:58:09 Africa/Lagos] Found 0 parents matching term
[05-Mar-2026 15:01:27 Africa/Lagos] === ADD STUDENT PAGE START ===
[05-Mar-2026 15:01:27 Africa/Lagos] Request URI: /tenant/bitflux-wallet-1771434696/admin/add-new-student.php
[05-Mar-2026 15:01:27 Africa/Lagos] Script: /home/academixsuite/public_html/tenant/{school-slug}/admin/add-new-student.php
[05-Mar-2026 15:01:27 Africa/Lagos] Request Method: POST
[05-Mar-2026 15:01:27 Africa/Lagos] Session ID: bf3ff9161bc15c0e3555f9ed9828769c
[05-Mar-2026 15:01:27 Africa/Lagos] School Slug: bitflux-wallet-1771434696
[05-Mar-2026 15:01:27 Africa/Lagos] User Type: admin
[05-Mar-2026 15:01:27 Africa/Lagos] Current Page: add-new-student.php
[05-Mar-2026 15:01:27 Africa/Lagos] School ID: 6
[05-Mar-2026 15:01:27 Africa/Lagos] School Name: bitflux wallet
[05-Mar-2026 15:01:27 Africa/Lagos] Authenticated User ID: 1
[05-Mar-2026 15:01:27 Africa/Lagos] Authenticated User Type: admin
[05-Mar-2026 15:01:27 Africa/Lagos] Loading autoload from: /home/academixsuite/public_html/tenant/{school-slug}/admin/../../../includes/autoload.php
[05-Mar-2026 15:01:27 Africa/Lagos] Autoload loaded successfully
[05-Mar-2026 15:01:27 Africa/Lagos] Database class found
[05-Mar-2026 15:01:27 Africa/Lagos] Loading StudentManager from: /home/academixsuite/public_html/tenant/{school-slug}/admin/../../../includes/StudentManager.php
[05-Mar-2026 15:01:27 Africa/Lagos] StudentManager loaded successfully
[05-Mar-2026 15:01:27 Africa/Lagos] Attempting to connect to database: school_6
[05-Mar-2026 15:01:27 Africa/Lagos] School database connection successful for: school_6
[05-Mar-2026 15:01:27 Africa/Lagos] Database connection PDO object: PDO
[05-Mar-2026 15:01:27 Africa/Lagos] Initializing StudentManager with parameters:
[05-Mar-2026 15:01:27 Africa/Lagos] - School ID: 6
[05-Mar-2026 15:01:27 Africa/Lagos] - User ID: 1
[05-Mar-2026 15:01:27 Africa/Lagos] - User Type: admin
[05-Mar-2026 15:01:27 Africa/Lagos] StudentManager initialized for school ID: 6
[05-Mar-2026 15:01:27 Africa/Lagos] StudentManager initialized successfully
[05-Mar-2026 15:01:27 Africa/Lagos] POST data received. Fields: csrf_token, academic_year, class, section, roll_number, admission_date, first_name, middle_name, last_name, gender, date_of_birth, student_phone, student_email, existing_parent_id, guardian_name, guardian_relation, guardian_phone, guardian_email, guardian_address, blood_group, allergies, medical_conditions, current_address, permanent_address, previous_school, previous_class, transfer_certificate_no
[05-Mar-2026 15:01:27 Africa/Lagos] Starting data fetch from database
[05-Mar-2026 15:01:27 Africa/Lagos] Loaded 21 settings records
[05-Mar-2026 15:01:27 Africa/Lagos] Loaded user data for ID: 1
[05-Mar-2026 15:01:27 Africa/Lagos] Loaded 1 academic years
[05-Mar-2026 15:01:27 Africa/Lagos] Loaded 1 classes
[05-Mar-2026 15:01:27 Africa/Lagos] === POST REQUEST DETECTED ===
[05-Mar-2026 15:01:27 Africa/Lagos] POST data keys: csrf_token, academic_year, class, section, roll_number, admission_date, first_name, middle_name, last_name, gender, date_of_birth, student_phone, student_email, existing_parent_id, guardian_name, guardian_relation, guardian_phone, guardian_email, guardian_address, blood_group, allergies, medical_conditions, current_address, permanent_address, previous_school, previous_class, transfer_certificate_no
[05-Mar-2026 15:01:27 Africa/Lagos] === PROCESSING FORM SUBMISSION ===
[05-Mar-2026 15:01:27 Africa/Lagos] Form submission detected via field presence
[05-Mar-2026 15:01:27 Africa/Lagos] CSRF validation PASSED
[05-Mar-2026 15:01:27 Africa/Lagos] Student data prepared for insertion:
[05-Mar-2026 15:01:27 Africa/Lagos] - Name: Bibi Agundu
[05-Mar-2026 15:01:27 Africa/Lagos] Validation PASSED - all required fields present
[05-Mar-2026 15:01:27 Africa/Lagos] Calling StudentManager->addStudent()
[05-Mar-2026 15:01:27 Africa/Lagos] === ADD STUDENT START ===
[05-Mar-2026 15:01:27 Africa/Lagos] School ID: 6
[05-Mar-2026 15:01:27 Africa/Lagos] User ID: 1
[05-Mar-2026 15:01:27 Africa/Lagos] Data received: ["academic_year_id","class_id","section_id","roll_number","admission_date","first_name","middle_name","last_name","gender","date_of_birth","student_email","student_phone","guardian_name","guardian_email","guardian_phone","guardian_relation","guardian_address","existing_parent_id","blood_group","allergies","medical_conditions","doctor_name","doctor_phone","current_address","permanent_address","previous_school","previous_class","transfer_certificate_no"]
[05-Mar-2026 15:01:27 Africa/Lagos] Transaction started
[05-Mar-2026 15:01:27 Africa/Lagos] Validation passed
[05-Mar-2026 15:01:27 Africa/Lagos] Generating admission number for academic year ID: 1
[05-Mar-2026 15:01:27 Africa/Lagos] Using academic year: 2025-2026 (Year: 2025)
[05-Mar-2026 15:01:27 Africa/Lagos] Generated admission number: BIT-2025-0002
[05-Mar-2026 15:01:27 Africa/Lagos] Generated admission number: BIT-2025-0002
[05-Mar-2026 15:01:27 Africa/Lagos] Generated random password of length: 8
[05-Mar-2026 15:01:27 Africa/Lagos] Student password generated (hashed)
[05-Mar-2026 15:01:27 Africa/Lagos] Creating student user account:
[05-Mar-2026 15:01:27 Africa/Lagos] - Full name: Bibi Steph Agundu
[05-Mar-2026 15:01:27 Africa/Lagos] - Email: fs@gmail.com
[05-Mar-2026 15:01:27 Africa/Lagos] - Username: fs
[05-Mar-2026 15:01:27 Africa/Lagos] Student user created with ID: 5
[05-Mar-2026 15:01:27 Africa/Lagos] Student role assigned to user ID: 5
[05-Mar-2026 15:01:27 Africa/Lagos] Getting default campus ID for school: 6
[05-Mar-2026 15:01:27 Africa/Lagos] Campuses table does not exist, returning null
[05-Mar-2026 15:01:27 Africa/Lagos] Campus ID: null
[05-Mar-2026 15:01:27 Africa/Lagos] Inserting student record...
[05-Mar-2026 15:01:27 Africa/Lagos] Student insert params prepared: [6,null,"5","BIT-2025-0002","3",1,1,"2026-03-05","Bibi","Steph","Agundu","2006-10-05"]...
[05-Mar-2026 15:01:27 Africa/Lagos] === STUDENT RECORD CREATED SUCCESSFULLY ===
[05-Mar-2026 15:01:27 Africa/Lagos] Student ID: 2
[05-Mar-2026 15:01:27 Africa/Lagos] Admission Number: BIT-2025-0002
[05-Mar-2026 15:01:27 Africa/Lagos] Creating new parent from guardian data
[05-Mar-2026 15:01:27 Africa/Lagos] === FIND OR CREATE PARENT ===
[05-Mar-2026 15:01:27 Africa/Lagos] Parent data: {"name":"Fatima","email":"fhj@gmail.con","phone":"0804344545","address":"Etch"}
[05-Mar-2026 15:01:27 Africa/Lagos] No existing parent found, creating new parent
[05-Mar-2026 15:01:27 Africa/Lagos] Generated random password of length: 8
[05-Mar-2026 15:01:27 Africa/Lagos] Generated parent password (hashed)
[05-Mar-2026 15:01:27 Africa/Lagos] Created new parent with ID: 6
[05-Mar-2026 15:01:27 Africa/Lagos] Assigned parent role to user ID: 6
[05-Mar-2026 15:01:27 Africa/Lagos] Stored temporary password for parent ID: 6
[05-Mar-2026 15:01:27 Africa/Lagos] Parent user ID from findOrCreate: 6
[05-Mar-2026 15:01:27 Africa/Lagos] Creating guardian relationship - Parent: 6, Student: 2, Relationship: mother
[05-Mar-2026 15:01:27 Africa/Lagos] Guardian relationship created successfully
[05-Mar-2026 15:01:27 Africa/Lagos] Stored temporary password for student ID: 5
[05-Mar-2026 15:01:27 Africa/Lagos] Creating audit log entry
[05-Mar-2026 15:01:27 Africa/Lagos] Audit log created successfully
[05-Mar-2026 15:01:27 Africa/Lagos] Transaction committed successfully
[05-Mar-2026 15:01:27 Africa/Lagos] Attempting to send login emails
[05-Mar-2026 15:01:27 Africa/Lagos] === SENDING LOGIN EMAILS ===
[05-Mar-2026 15:01:27 Africa/Lagos] Sending email to student: fs@gmail.com
[05-Mar-2026 15:01:27 Africa/Lagos] Attempting to send email to: fs@gmail.com
[05-Mar-2026 15:01:27 Africa/Lagos] Email sent successfully via mail() function
[05-Mar-2026 15:01:27 Africa/Lagos] Student email sent successfully
[05-Mar-2026 15:01:27 Africa/Lagos] Sending email to parent: fhj@gmail.con
[05-Mar-2026 15:01:27 Africa/Lagos] Attempting to send email to: fhj@gmail.con
[05-Mar-2026 15:01:27 Africa/Lagos] Email sent successfully via mail() function
[05-Mar-2026 15:01:27 Africa/Lagos] Parent email sent successfully
[05-Mar-2026 15:01:27 Africa/Lagos] Email sending completed with 0 errors
[05-Mar-2026 15:01:27 Africa/Lagos] === ADD STUDENT COMPLETED SUCCESSFULLY ===
[05-Mar-2026 15:01:27 Africa/Lagos] Return message: Student added successfully! Admission Number: BIT-2025-0002
[05-Mar-2026 15:01:27 Africa/Lagos] StudentManager->addStudent() completed in 576.88ms
[05-Mar-2026 15:01:27 Africa/Lagos] === STUDENT ADDED SUCCESSFULLY ===
[05-Mar-2026 15:01:27 Africa/Lagos] Student ID: 2
[05-Mar-2026 15:01:27 Africa/Lagos] Message: Student added successfully! Admission Number: BIT-2025-0002
[05-Mar-2026 15:01:27 Africa/Lagos] Redirecting after form processing
[05-Mar-2026 15:01:33 Africa/Lagos] === ADD STUDENT PAGE START ===
[05-Mar-2026 15:01:33 Africa/Lagos] Request URI: /tenant/bitflux-wallet-1771434696/admin/add-new-student.php
[05-Mar-2026 15:01:33 Africa/Lagos] Script: /home/academixsuite/public_html/tenant/{school-slug}/admin/add-new-student.php
[05-Mar-2026 15:01:33 Africa/Lagos] Request Method: GET
[05-Mar-2026 15:01:33 Africa/Lagos] Session ID: bf3ff9161bc15c0e3555f9ed9828769c
[05-Mar-2026 15:01:33 Africa/Lagos] School Slug: bitflux-wallet-1771434696
[05-Mar-2026 15:01:33 Africa/Lagos] User Type: admin
[05-Mar-2026 15:01:33 Africa/Lagos] Current Page: add-new-student.php
[05-Mar-2026 15:01:33 Africa/Lagos] School ID: 6
[05-Mar-2026 15:01:33 Africa/Lagos] School Name: bitflux wallet
[05-Mar-2026 15:01:33 Africa/Lagos] Authenticated User ID: 1
[05-Mar-2026 15:01:33 Africa/Lagos] Authenticated User Type: admin
[05-Mar-2026 15:01:33 Africa/Lagos] Loading autoload from: /home/academixsuite/public_html/tenant/{school-slug}/admin/../../../includes/autoload.php
[05-Mar-2026 15:01:33 Africa/Lagos] Autoload loaded successfully
[05-Mar-2026 15:01:33 Africa/Lagos] Database class found
[05-Mar-2026 15:01:33 Africa/Lagos] Loading StudentManager from: /home/academixsuite/public_html/tenant/{school-slug}/admin/../../../includes/StudentManager.php
[05-Mar-2026 15:01:33 Africa/Lagos] StudentManager loaded successfully
[05-Mar-2026 15:01:33 Africa/Lagos] Attempting to connect to database: school_6
[05-Mar-2026 15:01:33 Africa/Lagos] School database connection successful for: school_6
[05-Mar-2026 15:01:33 Africa/Lagos] Database connection PDO object: PDO
[05-Mar-2026 15:01:33 Africa/Lagos] Initializing StudentManager with parameters:
[05-Mar-2026 15:01:33 Africa/Lagos] - School ID: 6
[05-Mar-2026 15:01:33 Africa/Lagos] - User ID: 1
[05-Mar-2026 15:01:33 Africa/Lagos] - User Type: admin
[05-Mar-2026 15:01:33 Africa/Lagos] StudentManager initialized for school ID: 6
[05-Mar-2026 15:01:33 Africa/Lagos] StudentManager initialized successfully
[05-Mar-2026 15:01:33 Africa/Lagos] Starting data fetch from database
[05-Mar-2026 15:01:33 Africa/Lagos] Loaded 21 settings records
[05-Mar-2026 15:01:33 Africa/Lagos] Loaded user data for ID: 1
[05-Mar-2026 15:01:33 Africa/Lagos] Loaded 1 academic years
[05-Mar-2026 15:01:33 Africa/Lagos] Loaded 1 classes
[05-Mar-2026 15:01:33 Africa/Lagos] === ADD STUDENT PAGE END ===
[05-Mar-2026 15:01:33 Africa/Lagos] Page loaded with 1 classes, 1 academic years
[05-Mar-2026 15:01:33 Africa/Lagos] ROUTER END: Successfully served /home/academixsuite/public_html/tenant/{school-slug}/admin/add-new-student.php
[05-Mar-2026 18:35:26 Africa/Lagos] === ADD STUDENT PAGE START ===
[05-Mar-2026 18:35:26 Africa/Lagos] Request URI: /tenant/bitflux-wallet-1771434696/admin/add-new-student.php
[05-Mar-2026 18:35:26 Africa/Lagos] Script: /home/academixsuite/public_html/tenant/{school-slug}/admin/add-new-student.php
[05-Mar-2026 18:35:26 Africa/Lagos] Request Method: GET
[05-Mar-2026 18:35:26 Africa/Lagos] Session ID: b071d997e0a69dc696849e7087f8f3a5
[05-Mar-2026 18:35:26 Africa/Lagos] School Slug: bitflux-wallet-1771434696
[05-Mar-2026 18:35:26 Africa/Lagos] User Type: admin
[05-Mar-2026 18:35:26 Africa/Lagos] Current Page: add-new-student.php
[05-Mar-2026 18:35:26 Africa/Lagos] School ID: 6
[05-Mar-2026 18:35:26 Africa/Lagos] School Name: bitflux wallet
[05-Mar-2026 18:35:26 Africa/Lagos] Authenticated User ID: 1
[05-Mar-2026 18:35:26 Africa/Lagos] Authenticated User Type: admin
[05-Mar-2026 18:35:26 Africa/Lagos] Loading autoload from: /home/academixsuite/public_html/tenant/{school-slug}/admin/../../../includes/autoload.php
[05-Mar-2026 18:35:26 Africa/Lagos] Autoload loaded successfully
[05-Mar-2026 18:35:26 Africa/Lagos] Database class found
[05-Mar-2026 18:35:26 Africa/Lagos] Loading StudentManager from: /home/academixsuite/public_html/tenant/{school-slug}/admin/../../../includes/StudentManager.php
[05-Mar-2026 18:35:26 Africa/Lagos] StudentManager loaded successfully
[05-Mar-2026 18:35:26 Africa/Lagos] Attempting to connect to database: school_6
[05-Mar-2026 18:35:26 Africa/Lagos] School database connection successful for: school_6
[05-Mar-2026 18:35:26 Africa/Lagos] Database connection PDO object: PDO
[05-Mar-2026 18:35:26 Africa/Lagos] Initializing StudentManager with parameters:
[05-Mar-2026 18:35:26 Africa/Lagos] - School ID: 6
[05-Mar-2026 18:35:26 Africa/Lagos] - User ID: 1
[05-Mar-2026 18:35:26 Africa/Lagos] - User Type: admin
[05-Mar-2026 18:35:26 Africa/Lagos] StudentManager initialized for school ID: 6
[05-Mar-2026 18:35:26 Africa/Lagos] StudentManager initialized successfully
[05-Mar-2026 18:35:26 Africa/Lagos] Starting data fetch from database
[05-Mar-2026 18:35:26 Africa/Lagos] Loaded 21 settings records
[05-Mar-2026 18:35:26 Africa/Lagos] Loaded user data for ID: 1
[05-Mar-2026 18:35:26 Africa/Lagos] Loaded 1 academic years
[05-Mar-2026 18:35:26 Africa/Lagos] Loaded 1 classes
[05-Mar-2026 18:35:26 Africa/Lagos] === ADD STUDENT PAGE END ===
[05-Mar-2026 18:35:26 Africa/Lagos] Page loaded with 1 classes, 1 academic years
[05-Mar-2026 18:35:26 Africa/Lagos] ROUTER END: Successfully served /home/academixsuite/public_html/tenant/{school-slug}/admin/add-new-student.php
[05-Mar-2026 21:06:36 Africa/Lagos] === ADD STUDENT PAGE START ===
[05-Mar-2026 21:06:36 Africa/Lagos] Request URI: /tenant/bitflux-wallet-1771434696/admin/add-new-student.php
[05-Mar-2026 21:06:36 Africa/Lagos] Script: /home/academixsuite/public_html/tenant/{school-slug}/admin/add-new-student.php
[05-Mar-2026 21:06:36 Africa/Lagos] Request Method: GET
[05-Mar-2026 21:06:36 Africa/Lagos] Session ID: b4e63b665998ce153578c8d41fdeeee7
[05-Mar-2026 21:06:36 Africa/Lagos] School Slug: bitflux-wallet-1771434696
[05-Mar-2026 21:06:36 Africa/Lagos] User Type: admin
[05-Mar-2026 21:06:36 Africa/Lagos] Current Page: add-new-student.php
[05-Mar-2026 21:06:36 Africa/Lagos] School ID: 6
[05-Mar-2026 21:06:36 Africa/Lagos] School Name: bitflux wallet
[05-Mar-2026 21:06:36 Africa/Lagos] Authenticated User ID: 1
[05-Mar-2026 21:06:36 Africa/Lagos] Authenticated User Type: admin
[05-Mar-2026 21:06:36 Africa/Lagos] Loading autoload from: /home/academixsuite/public_html/tenant/{school-slug}/admin/../../../includes/autoload.php
[05-Mar-2026 21:06:36 Africa/Lagos] Autoload loaded successfully
[05-Mar-2026 21:06:36 Africa/Lagos] Database class found
[05-Mar-2026 21:06:36 Africa/Lagos] Loading StudentManager from: /home/academixsuite/public_html/tenant/{school-slug}/admin/../../../includes/StudentManager.php
[05-Mar-2026 21:06:36 Africa/Lagos] StudentManager loaded successfully
[05-Mar-2026 21:06:36 Africa/Lagos] Attempting to connect to database: school_6
[05-Mar-2026 21:06:36 Africa/Lagos] School database connection successful for: school_6
[05-Mar-2026 21:06:36 Africa/Lagos] Database connection PDO object: PDO
[05-Mar-2026 21:06:36 Africa/Lagos] Initializing StudentManager with parameters:
[05-Mar-2026 21:06:36 Africa/Lagos] - School ID: 6
[05-Mar-2026 21:06:36 Africa/Lagos] - User ID: 1
[05-Mar-2026 21:06:36 Africa/Lagos] - User Type: admin
[05-Mar-2026 21:06:36 Africa/Lagos] StudentManager initialized for school ID: 6
[05-Mar-2026 21:06:36 Africa/Lagos] StudentManager initialized successfully
[05-Mar-2026 21:06:36 Africa/Lagos] Starting data fetch from database
[05-Mar-2026 21:06:36 Africa/Lagos] Loaded 21 settings records
[05-Mar-2026 21:06:36 Africa/Lagos] Loaded user data for ID: 1
[05-Mar-2026 21:06:36 Africa/Lagos] Loaded 1 academic years
[05-Mar-2026 21:06:36 Africa/Lagos] Loaded 2 classes
[05-Mar-2026 21:06:36 Africa/Lagos] === ADD STUDENT PAGE END ===
[05-Mar-2026 21:06:36 Africa/Lagos] Page loaded with 2 classes, 1 academic years
[05-Mar-2026 21:06:36 Africa/Lagos] ROUTER END: Successfully served /home/academixsuite/public_html/tenant/{school-slug}/admin/add-new-student.php
[05-Mar-2026 21:06:46 Africa/Lagos] === ADD STUDENT PAGE START ===
[05-Mar-2026 21:06:46 Africa/Lagos] Request URI: /tenant/bitflux-wallet-1771434696/admin/add-new-student.php?ajax=search_parents&term=Fat
[05-Mar-2026 21:06:46 Africa/Lagos] Script: /home/academixsuite/public_html/tenant/{school-slug}/admin/add-new-student.php
[05-Mar-2026 21:06:46 Africa/Lagos] Request Method: GET
[05-Mar-2026 21:06:46 Africa/Lagos] Session ID: b4e63b665998ce153578c8d41fdeeee7
[05-Mar-2026 21:06:46 Africa/Lagos] School Slug: bitflux-wallet-1771434696
[05-Mar-2026 21:06:46 Africa/Lagos] User Type: admin
[05-Mar-2026 21:06:46 Africa/Lagos] Current Page: add-new-student.php
[05-Mar-2026 21:06:46 Africa/Lagos] School ID: 6
[05-Mar-2026 21:06:46 Africa/Lagos] School Name: bitflux wallet
[05-Mar-2026 21:06:46 Africa/Lagos] Authenticated User ID: 1
[05-Mar-2026 21:06:46 Africa/Lagos] Authenticated User Type: admin
[05-Mar-2026 21:06:46 Africa/Lagos] Loading autoload from: /home/academixsuite/public_html/tenant/{school-slug}/admin/../../../includes/autoload.php
[05-Mar-2026 21:06:46 Africa/Lagos] Autoload loaded successfully
[05-Mar-2026 21:06:46 Africa/Lagos] Database class found
[05-Mar-2026 21:06:46 Africa/Lagos] Loading StudentManager from: /home/academixsuite/public_html/tenant/{school-slug}/admin/../../../includes/StudentManager.php
[05-Mar-2026 21:06:46 Africa/Lagos] StudentManager loaded successfully
[05-Mar-2026 21:06:46 Africa/Lagos] Attempting to connect to database: school_6
[05-Mar-2026 21:06:46 Africa/Lagos] School database connection successful for: school_6
[05-Mar-2026 21:06:46 Africa/Lagos] Database connection PDO object: PDO
[05-Mar-2026 21:06:46 Africa/Lagos] Initializing StudentManager with parameters:
[05-Mar-2026 21:06:46 Africa/Lagos] - School ID: 6
[05-Mar-2026 21:06:46 Africa/Lagos] - User ID: 1
[05-Mar-2026 21:06:46 Africa/Lagos] - User Type: admin
[05-Mar-2026 21:06:46 Africa/Lagos] StudentManager initialized for school ID: 6
[05-Mar-2026 21:06:46 Africa/Lagos] StudentManager initialized successfully
[05-Mar-2026 21:06:46 Africa/Lagos] Starting data fetch from database
[05-Mar-2026 21:06:46 Africa/Lagos] Loaded 21 settings records
[05-Mar-2026 21:06:46 Africa/Lagos] Loaded user data for ID: 1
[05-Mar-2026 21:06:46 Africa/Lagos] Loaded 1 academic years
[05-Mar-2026 21:06:46 Africa/Lagos] Loaded 2 classes
[05-Mar-2026 21:06:46 Africa/Lagos] Processing AJAX request: search_parents
[05-Mar-2026 21:06:46 Africa/Lagos] Searching parents with term: Fat
[05-Mar-2026 21:06:46 Africa/Lagos] Found 1 parents matching term
[06-Mar-2026 02:33:33 Africa/Lagos] === ADD STUDENT PAGE START ===
[06-Mar-2026 02:33:33 Africa/Lagos] Request URI: /tenant/bitflux-wallet-1771434696/admin/add-new-student.php
[06-Mar-2026 02:33:33 Africa/Lagos] Script: /home/academixsuite/public_html/tenant/{school-slug}/admin/add-new-student.php
[06-Mar-2026 02:33:33 Africa/Lagos] Request Method: GET
[06-Mar-2026 02:33:33 Africa/Lagos] Session ID: b4e63b665998ce153578c8d41fdeeee7
[06-Mar-2026 02:33:33 Africa/Lagos] School Slug: bitflux-wallet-1771434696
[06-Mar-2026 02:33:33 Africa/Lagos] User Type: admin
[06-Mar-2026 02:33:33 Africa/Lagos] Current Page: add-new-student.php
[06-Mar-2026 02:33:33 Africa/Lagos] School ID: 6
[06-Mar-2026 02:33:33 Africa/Lagos] School Name: bitflux wallet
[06-Mar-2026 02:33:33 Africa/Lagos] Authenticated User ID: 1
[06-Mar-2026 02:33:33 Africa/Lagos] Authenticated User Type: admin
[06-Mar-2026 02:33:33 Africa/Lagos] Loading autoload from: /home/academixsuite/public_html/tenant/{school-slug}/admin/../../../includes/autoload.php
[06-Mar-2026 02:33:33 Africa/Lagos] Autoload loaded successfully
[06-Mar-2026 02:33:33 Africa/Lagos] Database class found
[06-Mar-2026 02:33:33 Africa/Lagos] Loading StudentManager from: /home/academixsuite/public_html/tenant/{school-slug}/admin/../../../includes/StudentManager.php
[06-Mar-2026 02:33:33 Africa/Lagos] StudentManager loaded successfully
[06-Mar-2026 02:33:33 Africa/Lagos] Attempting to connect to database: school_6
[06-Mar-2026 02:33:33 Africa/Lagos] School database connection successful for: school_6
[06-Mar-2026 02:33:33 Africa/Lagos] Database connection PDO object: PDO
[06-Mar-2026 02:33:33 Africa/Lagos] Initializing StudentManager with parameters:
[06-Mar-2026 02:33:33 Africa/Lagos] - School ID: 6
[06-Mar-2026 02:33:33 Africa/Lagos] - User ID: 1
[06-Mar-2026 02:33:33 Africa/Lagos] - User Type: admin
[06-Mar-2026 02:33:33 Africa/Lagos] StudentManager initialized for school ID: 6
[06-Mar-2026 02:33:33 Africa/Lagos] StudentManager initialized successfully
[06-Mar-2026 02:33:33 Africa/Lagos] Starting data fetch from database
[06-Mar-2026 02:33:33 Africa/Lagos] Loaded 21 settings records
[06-Mar-2026 02:33:33 Africa/Lagos] Loaded user data for ID: 1
[06-Mar-2026 02:33:33 Africa/Lagos] Loaded 1 academic years
[06-Mar-2026 02:33:33 Africa/Lagos] Loaded 2 classes
[06-Mar-2026 02:33:33 Africa/Lagos] === ADD STUDENT PAGE END ===
[06-Mar-2026 02:33:33 Africa/Lagos] Page loaded with 2 classes, 1 academic years
[06-Mar-2026 02:33:33 Africa/Lagos] ROUTER END: Successfully served /home/academixsuite/public_html/tenant/{school-slug}/admin/add-new-student.php
[06-Mar-2026 02:34:04 Africa/Lagos] === ADD STUDENT PAGE START ===
[06-Mar-2026 02:34:04 Africa/Lagos] Request URI: /tenant/bitflux-wallet-1771434696/admin/add-new-student.php
[06-Mar-2026 02:34:04 Africa/Lagos] Script: /home/academixsuite/public_html/tenant/{school-slug}/admin/add-new-student.php
[06-Mar-2026 02:34:04 Africa/Lagos] Request Method: GET
[06-Mar-2026 02:34:04 Africa/Lagos] Session ID: b4e63b665998ce153578c8d41fdeeee7
[06-Mar-2026 02:34:04 Africa/Lagos] School Slug: bitflux-wallet-1771434696
[06-Mar-2026 02:34:04 Africa/Lagos] User Type: admin
[06-Mar-2026 02:34:04 Africa/Lagos] Current Page: add-new-student.php
[06-Mar-2026 02:34:04 Africa/Lagos] School ID: 6
[06-Mar-2026 02:34:04 Africa/Lagos] School Name: bitflux wallet
[06-Mar-2026 02:34:04 Africa/Lagos] Authenticated User ID: 1
[06-Mar-2026 02:34:04 Africa/Lagos] Authenticated User Type: admin
[06-Mar-2026 02:34:04 Africa/Lagos] Loading autoload from: /home/academixsuite/public_html/tenant/{school-slug}/admin/../../../includes/autoload.php
[06-Mar-2026 02:34:04 Africa/Lagos] Autoload loaded successfully
[06-Mar-2026 02:34:04 Africa/Lagos] Database class found
[06-Mar-2026 02:34:04 Africa/Lagos] Loading StudentManager from: /home/academixsuite/public_html/tenant/{school-slug}/admin/../../../includes/StudentManager.php
[06-Mar-2026 02:34:04 Africa/Lagos] StudentManager loaded successfully
[06-Mar-2026 02:34:04 Africa/Lagos] Attempting to connect to database: school_6
[06-Mar-2026 02:34:04 Africa/Lagos] School database connection successful for: school_6
[06-Mar-2026 02:34:04 Africa/Lagos] Database connection PDO object: PDO
[06-Mar-2026 02:34:04 Africa/Lagos] Initializing StudentManager with parameters:
[06-Mar-2026 02:34:04 Africa/Lagos] - School ID: 6
[06-Mar-2026 02:34:04 Africa/Lagos] - User ID: 1
[06-Mar-2026 02:34:04 Africa/Lagos] - User Type: admin
[06-Mar-2026 02:34:04 Africa/Lagos] StudentManager initialized for school ID: 6
[06-Mar-2026 02:34:04 Africa/Lagos] StudentManager initialized successfully
[06-Mar-2026 02:34:04 Africa/Lagos] Starting data fetch from database
[06-Mar-2026 02:34:04 Africa/Lagos] Loaded 21 settings records
[06-Mar-2026 02:34:04 Africa/Lagos] Loaded user data for ID: 1
[06-Mar-2026 02:34:04 Africa/Lagos] Loaded 1 academic years
[06-Mar-2026 02:34:04 Africa/Lagos] Loaded 2 classes
[06-Mar-2026 02:34:04 Africa/Lagos] === ADD STUDENT PAGE END ===
[06-Mar-2026 02:34:04 Africa/Lagos] Page loaded with 2 classes, 1 academic years
[06-Mar-2026 02:34:04 Africa/Lagos] ROUTER END: Successfully served /home/academixsuite/public_html/tenant/{school-slug}/admin/add-new-student.php
[06-Mar-2026 08:40:03 Africa/Lagos] === ADD STUDENT PAGE START ===
[06-Mar-2026 08:40:03 Africa/Lagos] Request URI: /tenant/bitflux-wallet-1771434696/admin/add-new-student.php
[06-Mar-2026 08:40:03 Africa/Lagos] Script: /home/academixsuite/public_html/tenant/{school-slug}/admin/add-new-student.php
[06-Mar-2026 08:40:03 Africa/Lagos] Request Method: GET
[06-Mar-2026 08:40:03 Africa/Lagos] Session ID: b071d997e0a69dc696849e7087f8f3a5
[06-Mar-2026 08:40:03 Africa/Lagos] School Slug: bitflux-wallet-1771434696
[06-Mar-2026 08:40:03 Africa/Lagos] User Type: admin
[06-Mar-2026 08:40:03 Africa/Lagos] Current Page: add-new-student.php
[06-Mar-2026 08:40:03 Africa/Lagos] School ID: 6
[06-Mar-2026 08:40:03 Africa/Lagos] School Name: bitflux wallet
[06-Mar-2026 08:40:03 Africa/Lagos] Authenticated User ID: 1
[06-Mar-2026 08:40:03 Africa/Lagos] Authenticated User Type: admin
[06-Mar-2026 08:40:03 Africa/Lagos] Loading autoload from: /home/academixsuite/public_html/tenant/{school-slug}/admin/../../../includes/autoload.php
[06-Mar-2026 08:40:03 Africa/Lagos] Autoload loaded successfully
[06-Mar-2026 08:40:03 Africa/Lagos] Database class found
[06-Mar-2026 08:40:03 Africa/Lagos] Loading StudentManager from: /home/academixsuite/public_html/tenant/{school-slug}/admin/../../../includes/StudentManager.php
[06-Mar-2026 08:40:03 Africa/Lagos] StudentManager loaded successfully
[06-Mar-2026 08:40:03 Africa/Lagos] Attempting to connect to database: school_6
[06-Mar-2026 08:40:03 Africa/Lagos] School database connection successful for: school_6
[06-Mar-2026 08:40:03 Africa/Lagos] Database connection PDO object: PDO
[06-Mar-2026 08:40:03 Africa/Lagos] Initializing StudentManager with parameters:
[06-Mar-2026 08:40:03 Africa/Lagos] - School ID: 6
[06-Mar-2026 08:40:03 Africa/Lagos] - User ID: 1
[06-Mar-2026 08:40:03 Africa/Lagos] - User Type: admin
[06-Mar-2026 08:40:03 Africa/Lagos] StudentManager initialized for school ID: 6
[06-Mar-2026 08:40:03 Africa/Lagos] StudentManager initialized successfully
[06-Mar-2026 08:40:03 Africa/Lagos] Starting data fetch from database
[06-Mar-2026 08:40:03 Africa/Lagos] Loaded 21 settings records
[06-Mar-2026 08:40:03 Africa/Lagos] Loaded user data for ID: 1
[06-Mar-2026 08:40:03 Africa/Lagos] Loaded 1 academic years
[06-Mar-2026 08:40:03 Africa/Lagos] Loaded 2 classes
[06-Mar-2026 08:40:03 Africa/Lagos] === ADD STUDENT PAGE END ===
[06-Mar-2026 08:40:03 Africa/Lagos] Page loaded with 2 classes, 1 academic years
[06-Mar-2026 08:40:03 Africa/Lagos] ROUTER END: Successfully served /home/academixsuite/public_html/tenant/{school-slug}/admin/add-new-student.php
[06-Mar-2026 08:40:35 Africa/Lagos] === ADD STUDENT PAGE START ===
[06-Mar-2026 08:40:35 Africa/Lagos] Request URI: /tenant/bitflux-wallet-1771434696/admin/add-new-student.php?ajax=get_sections&class_id=2
[06-Mar-2026 08:40:35 Africa/Lagos] Script: /home/academixsuite/public_html/tenant/{school-slug}/admin/add-new-student.php
[06-Mar-2026 08:40:35 Africa/Lagos] Request Method: GET
[06-Mar-2026 08:40:35 Africa/Lagos] Session ID: b071d997e0a69dc696849e7087f8f3a5
[06-Mar-2026 08:40:35 Africa/Lagos] School Slug: bitflux-wallet-1771434696
[06-Mar-2026 08:40:35 Africa/Lagos] User Type: admin
[06-Mar-2026 08:40:35 Africa/Lagos] Current Page: add-new-student.php
[06-Mar-2026 08:40:35 Africa/Lagos] School ID: 6
[06-Mar-2026 08:40:35 Africa/Lagos] School Name: bitflux wallet
[06-Mar-2026 08:40:35 Africa/Lagos] Authenticated User ID: 1
[06-Mar-2026 08:40:35 Africa/Lagos] Authenticated User Type: admin
[06-Mar-2026 08:40:35 Africa/Lagos] Loading autoload from: /home/academixsuite/public_html/tenant/{school-slug}/admin/../../../includes/autoload.php
[06-Mar-2026 08:40:35 Africa/Lagos] Autoload loaded successfully
[06-Mar-2026 08:40:35 Africa/Lagos] Database class found
[06-Mar-2026 08:40:35 Africa/Lagos] Loading StudentManager from: /home/academixsuite/public_html/tenant/{school-slug}/admin/../../../includes/StudentManager.php
[06-Mar-2026 08:40:35 Africa/Lagos] StudentManager loaded successfully
[06-Mar-2026 08:40:35 Africa/Lagos] Attempting to connect to database: school_6
[06-Mar-2026 08:40:35 Africa/Lagos] School database connection successful for: school_6
[06-Mar-2026 08:40:35 Africa/Lagos] Database connection PDO object: PDO
[06-Mar-2026 08:40:35 Africa/Lagos] Initializing StudentManager with parameters:
[06-Mar-2026 08:40:35 Africa/Lagos] - School ID: 6
[06-Mar-2026 08:40:35 Africa/Lagos] - User ID: 1
[06-Mar-2026 08:40:35 Africa/Lagos] - User Type: admin
[06-Mar-2026 08:40:35 Africa/Lagos] StudentManager initialized for school ID: 6
[06-Mar-2026 08:40:35 Africa/Lagos] StudentManager initialized successfully
[06-Mar-2026 08:40:35 Africa/Lagos] Starting data fetch from database
[06-Mar-2026 08:40:35 Africa/Lagos] Loaded 21 settings records
[06-Mar-2026 08:40:35 Africa/Lagos] Loaded user data for ID: 1
[06-Mar-2026 08:40:35 Africa/Lagos] Loaded 1 academic years
[06-Mar-2026 08:40:35 Africa/Lagos] Loaded 2 classes
[06-Mar-2026 08:40:35 Africa/Lagos] Retrieved 1 sections for class ID: 2
[06-Mar-2026 08:40:35 Africa/Lagos] Loaded 1 sections for class 2
[06-Mar-2026 08:40:35 Africa/Lagos] Processing AJAX request: get_sections
[06-Mar-2026 08:40:35 Africa/Lagos] Retrieved 1 sections for class ID: 2
[06-Mar-2026 08:52:59 Africa/Lagos] === ADD STUDENT PAGE START ===
[06-Mar-2026 08:52:59 Africa/Lagos] Request URI: /tenant/bitflux-wallet-1771434696/admin/add-new-student.php
[06-Mar-2026 08:52:59 Africa/Lagos] Script: /home/academixsuite/public_html/tenant/{school-slug}/admin/add-new-student.php
[06-Mar-2026 08:52:59 Africa/Lagos] Request Method: POST
[06-Mar-2026 08:52:59 Africa/Lagos] Session ID: b071d997e0a69dc696849e7087f8f3a5
[06-Mar-2026 08:52:59 Africa/Lagos] School Slug: bitflux-wallet-1771434696
[06-Mar-2026 08:52:59 Africa/Lagos] User Type: admin
[06-Mar-2026 08:52:59 Africa/Lagos] Current Page: add-new-student.php
[06-Mar-2026 08:52:59 Africa/Lagos] School ID: 6
[06-Mar-2026 08:52:59 Africa/Lagos] School Name: bitflux wallet
[06-Mar-2026 08:52:59 Africa/Lagos] Authenticated User ID: 1
[06-Mar-2026 08:52:59 Africa/Lagos] Authenticated User Type: admin
[06-Mar-2026 08:52:59 Africa/Lagos] Loading autoload from: /home/academixsuite/public_html/tenant/{school-slug}/admin/../../../includes/autoload.php
[06-Mar-2026 08:52:59 Africa/Lagos] Autoload loaded successfully
[06-Mar-2026 08:52:59 Africa/Lagos] Database class found
[06-Mar-2026 08:52:59 Africa/Lagos] Loading StudentManager from: /home/academixsuite/public_html/tenant/{school-slug}/admin/../../../includes/StudentManager.php
[06-Mar-2026 08:52:59 Africa/Lagos] StudentManager loaded successfully
[06-Mar-2026 08:52:59 Africa/Lagos] Attempting to connect to database: school_6
[06-Mar-2026 08:52:59 Africa/Lagos] School database connection successful for: school_6
[06-Mar-2026 08:52:59 Africa/Lagos] Database connection PDO object: PDO
[06-Mar-2026 08:52:59 Africa/Lagos] Initializing StudentManager with parameters:
[06-Mar-2026 08:52:59 Africa/Lagos] - School ID: 6
[06-Mar-2026 08:52:59 Africa/Lagos] - User ID: 1
[06-Mar-2026 08:52:59 Africa/Lagos] - User Type: admin
[06-Mar-2026 08:52:59 Africa/Lagos] StudentManager initialized for school ID: 6
[06-Mar-2026 08:52:59 Africa/Lagos] StudentManager initialized successfully
[06-Mar-2026 08:52:59 Africa/Lagos] POST data received. Fields: csrf_token, academic_year, class, section, roll_number, admission_date, first_name, middle_name, last_name, gender, date_of_birth, student_phone, student_email, existing_parent_id, guardian_name, guardian_relation, guardian_phone, guardian_email, guardian_address, blood_group, allergies, medical_conditions, current_address, permanent_address, previous_school, previous_class, transfer_certificate_no
[06-Mar-2026 08:52:59 Africa/Lagos] Starting data fetch from database
[06-Mar-2026 08:52:59 Africa/Lagos] Loaded 21 settings records
[06-Mar-2026 08:52:59 Africa/Lagos] Loaded user data for ID: 1
[06-Mar-2026 08:52:59 Africa/Lagos] Loaded 1 academic years
[06-Mar-2026 08:52:59 Africa/Lagos] Loaded 2 classes
[06-Mar-2026 08:52:59 Africa/Lagos] === POST REQUEST DETECTED ===
[06-Mar-2026 08:52:59 Africa/Lagos] POST data keys: csrf_token, academic_year, class, section, roll_number, admission_date, first_name, middle_name, last_name, gender, date_of_birth, student_phone, student_email, existing_parent_id, guardian_name, guardian_relation, guardian_phone, guardian_email, guardian_address, blood_group, allergies, medical_conditions, current_address, permanent_address, previous_school, previous_class, transfer_certificate_no
[06-Mar-2026 08:52:59 Africa/Lagos] === PROCESSING FORM SUBMISSION ===
[06-Mar-2026 08:52:59 Africa/Lagos] Form submission detected via field presence
[06-Mar-2026 08:52:59 Africa/Lagos] CSRF validation PASSED
[06-Mar-2026 08:52:59 Africa/Lagos] Student data prepared for insertion:
[06-Mar-2026 08:52:59 Africa/Lagos] - Name: Uzochukwu Jessica
[06-Mar-2026 08:52:59 Africa/Lagos] Validation PASSED - all required fields present
[06-Mar-2026 08:52:59 Africa/Lagos] Calling StudentManager->addStudent()
[06-Mar-2026 08:52:59 Africa/Lagos] === ADD STUDENT START ===
[06-Mar-2026 08:52:59 Africa/Lagos] School ID: 6
[06-Mar-2026 08:52:59 Africa/Lagos] User ID: 1
[06-Mar-2026 08:52:59 Africa/Lagos] Data received: ["academic_year_id","class_id","section_id","roll_number","admission_date","first_name","middle_name","last_name","gender","date_of_birth","student_email","student_phone","guardian_name","guardian_email","guardian_phone","guardian_relation","guardian_address","existing_parent_id","blood_group","allergies","medical_conditions","doctor_name","doctor_phone","current_address","permanent_address","previous_school","previous_class","transfer_certificate_no"]
[06-Mar-2026 08:52:59 Africa/Lagos] Transaction started
[06-Mar-2026 08:52:59 Africa/Lagos] Validation passed
[06-Mar-2026 08:52:59 Africa/Lagos] Generating admission number for academic year ID: 1
[06-Mar-2026 08:52:59 Africa/Lagos] Using academic year: 2025-2026 (Year: 2025)
[06-Mar-2026 08:52:59 Africa/Lagos] Generated admission number: BIT-2025-0003
[06-Mar-2026 08:52:59 Africa/Lagos] Generated admission number: BIT-2025-0003
[06-Mar-2026 08:52:59 Africa/Lagos] Generated random password of length: 8
[06-Mar-2026 08:52:59 Africa/Lagos] Student password generated (hashed)
[06-Mar-2026 08:52:59 Africa/Lagos] Creating student user account:
[06-Mar-2026 08:52:59 Africa/Lagos] - Full name: Uzochukwu Kosisochukwu Jessica
[06-Mar-2026 08:52:59 Africa/Lagos] - Email: uzochukwukosisochukwu046@gmail.com
[06-Mar-2026 08:52:59 Africa/Lagos] - Username: uzochukwukosisochukwu046
[06-Mar-2026 08:52:59 Africa/Lagos] Student user created with ID: 10
[06-Mar-2026 08:52:59 Africa/Lagos] Student role assigned to user ID: 10
[06-Mar-2026 08:52:59 Africa/Lagos] Getting default campus ID for school: 6
[06-Mar-2026 08:52:59 Africa/Lagos] Campuses table does not exist, returning null
[06-Mar-2026 08:52:59 Africa/Lagos] Campus ID: null
[06-Mar-2026 08:52:59 Africa/Lagos] Inserting student record...
[06-Mar-2026 08:52:59 Africa/Lagos] Student insert params prepared: [6,null,"10","BIT-2025-0003","4",2,2,"2026-03-06","Uzochukwu","Kosisochukwu","Jessica","2007-10-07"]...
[06-Mar-2026 08:52:59 Africa/Lagos] === STUDENT RECORD CREATED SUCCESSFULLY ===
[06-Mar-2026 08:52:59 Africa/Lagos] Student ID: 3
[06-Mar-2026 08:52:59 Africa/Lagos] Admission Number: BIT-2025-0003
[06-Mar-2026 08:52:59 Africa/Lagos] Creating new parent from guardian data
[06-Mar-2026 08:52:59 Africa/Lagos] === FIND OR CREATE PARENT ===
[06-Mar-2026 08:52:59 Africa/Lagos] Parent data: {"name":"Emezie Ngozi","email":"ngozionyebuchin@gmail.com","phone":"07061052210","address":"eliozu portharcourt"}
[06-Mar-2026 08:52:59 Africa/Lagos] No existing parent found, creating new parent
[06-Mar-2026 08:52:59 Africa/Lagos] Generated random password of length: 8
[06-Mar-2026 08:52:59 Africa/Lagos] Generated parent password (hashed)
[06-Mar-2026 08:52:59 Africa/Lagos] Created new parent with ID: 11
[06-Mar-2026 08:52:59 Africa/Lagos] Assigned parent role to user ID: 11
[06-Mar-2026 08:52:59 Africa/Lagos] Stored temporary password for parent ID: 11
[06-Mar-2026 08:52:59 Africa/Lagos] Parent user ID from findOrCreate: 11
[06-Mar-2026 08:52:59 Africa/Lagos] Creating guardian relationship - Parent: 11, Student: 3, Relationship: mother
[06-Mar-2026 08:52:59 Africa/Lagos] Guardian relationship created successfully
[06-Mar-2026 08:52:59 Africa/Lagos] Stored temporary password for student ID: 10
[06-Mar-2026 08:52:59 Africa/Lagos] Creating audit log entry
[06-Mar-2026 08:52:59 Africa/Lagos] Audit log created successfully
[06-Mar-2026 08:52:59 Africa/Lagos] Transaction committed successfully
[06-Mar-2026 08:52:59 Africa/Lagos] Attempting to send login emails
[06-Mar-2026 08:52:59 Africa/Lagos] === SENDING LOGIN EMAILS ===
[06-Mar-2026 08:52:59 Africa/Lagos] Sending email to student: uzochukwukosisochukwu046@gmail.com
[06-Mar-2026 08:52:59 Africa/Lagos] Attempting to send email to: uzochukwukosisochukwu046@gmail.com
[06-Mar-2026 08:52:59 Africa/Lagos] Email sent successfully via mail() function
[06-Mar-2026 08:52:59 Africa/Lagos] Student email sent successfully
[06-Mar-2026 08:52:59 Africa/Lagos] Sending email to parent: ngozionyebuchin@gmail.com
[06-Mar-2026 08:52:59 Africa/Lagos] Attempting to send email to: ngozionyebuchin@gmail.com
[06-Mar-2026 08:53:00 Africa/Lagos] Email sent successfully via mail() function
[06-Mar-2026 08:53:00 Africa/Lagos] Parent email sent successfully
[06-Mar-2026 08:53:00 Africa/Lagos] Email sending completed with 0 errors
[06-Mar-2026 08:53:00 Africa/Lagos] === ADD STUDENT COMPLETED SUCCESSFULLY ===
[06-Mar-2026 08:53:00 Africa/Lagos] Return message: Student added successfully! Admission Number: BIT-2025-0003
[06-Mar-2026 08:53:00 Africa/Lagos] StudentManager->addStudent() completed in 576.19ms
[06-Mar-2026 08:53:00 Africa/Lagos] === STUDENT ADDED SUCCESSFULLY ===
[06-Mar-2026 08:53:00 Africa/Lagos] Student ID: 3
[06-Mar-2026 08:53:00 Africa/Lagos] Message: Student added successfully! Admission Number: BIT-2025-0003
[06-Mar-2026 08:53:00 Africa/Lagos] Redirecting after form processing
[06-Mar-2026 08:53:41 Africa/Lagos] === ADD STUDENT PAGE START ===
[06-Mar-2026 08:53:41 Africa/Lagos] Request URI: /tenant/bitflux-wallet-1771434696/admin/add-new-student.php
[06-Mar-2026 08:53:41 Africa/Lagos] Script: /home/academixsuite/public_html/tenant/{school-slug}/admin/add-new-student.php
[06-Mar-2026 08:53:41 Africa/Lagos] Request Method: GET
[06-Mar-2026 08:53:41 Africa/Lagos] Session ID: b071d997e0a69dc696849e7087f8f3a5
[06-Mar-2026 08:53:41 Africa/Lagos] School Slug: bitflux-wallet-1771434696
[06-Mar-2026 08:53:41 Africa/Lagos] User Type: admin
[06-Mar-2026 08:53:41 Africa/Lagos] Current Page: add-new-student.php
[06-Mar-2026 08:53:41 Africa/Lagos] School ID: 6
[06-Mar-2026 08:53:41 Africa/Lagos] School Name: bitflux wallet
[06-Mar-2026 08:53:41 Africa/Lagos] Authenticated User ID: 1
[06-Mar-2026 08:53:41 Africa/Lagos] Authenticated User Type: admin
[06-Mar-2026 08:53:41 Africa/Lagos] Loading autoload from: /home/academixsuite/public_html/tenant/{school-slug}/admin/../../../includes/autoload.php
[06-Mar-2026 08:53:41 Africa/Lagos] Autoload loaded successfully
[06-Mar-2026 08:53:41 Africa/Lagos] Database class found
[06-Mar-2026 08:53:41 Africa/Lagos] Loading StudentManager from: /home/academixsuite/public_html/tenant/{school-slug}/admin/../../../includes/StudentManager.php
[06-Mar-2026 08:53:41 Africa/Lagos] StudentManager loaded successfully
[06-Mar-2026 08:53:41 Africa/Lagos] Attempting to connect to database: school_6
[06-Mar-2026 08:53:41 Africa/Lagos] School database connection successful for: school_6
[06-Mar-2026 08:53:41 Africa/Lagos] Database connection PDO object: PDO
[06-Mar-2026 08:53:41 Africa/Lagos] Initializing StudentManager with parameters:
[06-Mar-2026 08:53:41 Africa/Lagos] - School ID: 6
[06-Mar-2026 08:53:41 Africa/Lagos] - User ID: 1
[06-Mar-2026 08:53:41 Africa/Lagos] - User Type: admin
[06-Mar-2026 08:53:41 Africa/Lagos] StudentManager initialized for school ID: 6
[06-Mar-2026 08:53:41 Africa/Lagos] StudentManager initialized successfully
[06-Mar-2026 08:53:41 Africa/Lagos] Starting data fetch from database
[06-Mar-2026 08:53:41 Africa/Lagos] Loaded 21 settings records
[06-Mar-2026 08:53:41 Africa/Lagos] Loaded user data for ID: 1
[06-Mar-2026 08:53:41 Africa/Lagos] Loaded 1 academic years
[06-Mar-2026 08:53:41 Africa/Lagos] Loaded 2 classes
[06-Mar-2026 08:53:41 Africa/Lagos] === ADD STUDENT PAGE END ===
[06-Mar-2026 08:53:41 Africa/Lagos] Page loaded with 2 classes, 1 academic years
[06-Mar-2026 08:53:41 Africa/Lagos] ROUTER END: Successfully served /home/academixsuite/public_html/tenant/{school-slug}/admin/add-new-student.php
[06-Mar-2026 09:52:41 Africa/Lagos] === ADD STUDENT PAGE START ===
[06-Mar-2026 09:52:41 Africa/Lagos] Request URI: /tenant/bitflux-wallet-1771434696/admin/add-new-student.php
[06-Mar-2026 09:52:41 Africa/Lagos] Script: /home/academixsuite/public_html/tenant/{school-slug}/admin/add-new-student.php
[06-Mar-2026 09:52:41 Africa/Lagos] Request Method: GET
[06-Mar-2026 09:52:41 Africa/Lagos] Session ID: b071d997e0a69dc696849e7087f8f3a5
[06-Mar-2026 09:52:41 Africa/Lagos] School Slug: bitflux-wallet-1771434696
[06-Mar-2026 09:52:41 Africa/Lagos] User Type: admin
[06-Mar-2026 09:52:41 Africa/Lagos] Current Page: add-new-student.php
[06-Mar-2026 09:52:41 Africa/Lagos] School ID: 6
[06-Mar-2026 09:52:41 Africa/Lagos] School Name: bitflux wallet
[06-Mar-2026 09:52:41 Africa/Lagos] Authenticated User ID: 1
[06-Mar-2026 09:52:41 Africa/Lagos] Authenticated User Type: admin
[06-Mar-2026 09:52:41 Africa/Lagos] Loading autoload from: /home/academixsuite/public_html/tenant/{school-slug}/admin/../../../includes/autoload.php
[06-Mar-2026 09:52:41 Africa/Lagos] Autoload loaded successfully
[06-Mar-2026 09:52:41 Africa/Lagos] Database class found
[06-Mar-2026 09:52:41 Africa/Lagos] Loading StudentManager from: /home/academixsuite/public_html/tenant/{school-slug}/admin/../../../includes/StudentManager.php
[06-Mar-2026 09:52:41 Africa/Lagos] StudentManager loaded successfully
[06-Mar-2026 09:52:41 Africa/Lagos] Attempting to connect to database: school_6
[06-Mar-2026 09:52:41 Africa/Lagos] School database connection successful for: school_6
[06-Mar-2026 09:52:41 Africa/Lagos] Database connection PDO object: PDO
[06-Mar-2026 09:52:41 Africa/Lagos] Initializing StudentManager with parameters:
[06-Mar-2026 09:52:41 Africa/Lagos] - School ID: 6
[06-Mar-2026 09:52:41 Africa/Lagos] - User ID: 1
[06-Mar-2026 09:52:41 Africa/Lagos] - User Type: admin
[06-Mar-2026 09:52:41 Africa/Lagos] StudentManager initialized for school ID: 6
[06-Mar-2026 09:52:41 Africa/Lagos] StudentManager initialized successfully
[06-Mar-2026 09:52:41 Africa/Lagos] Starting data fetch from database
[06-Mar-2026 09:52:41 Africa/Lagos] Loaded 21 settings records
[06-Mar-2026 09:52:41 Africa/Lagos] Loaded user data for ID: 1
[06-Mar-2026 09:52:41 Africa/Lagos] Loaded 1 academic years
[06-Mar-2026 09:52:41 Africa/Lagos] Loaded 7 classes
[06-Mar-2026 09:52:41 Africa/Lagos] === ADD STUDENT PAGE END ===
[06-Mar-2026 09:52:41 Africa/Lagos] Page loaded with 7 classes, 1 academic years
[06-Mar-2026 09:52:41 Africa/Lagos] ROUTER END: Successfully served /home/academixsuite/public_html/tenant/{school-slug}/admin/add-new-student.php
[06-Mar-2026 12:29:09 Africa/Lagos] === ADD STUDENT PAGE START ===
[06-Mar-2026 12:29:09 Africa/Lagos] Request URI: /tenant/bitflux-wallet-1771434696/admin/add-new-student.php
[06-Mar-2026 12:29:09 Africa/Lagos] Script: /home/academixsuite/public_html/tenant/{school-slug}/admin/add-new-student.php
[06-Mar-2026 12:29:09 Africa/Lagos] Request Method: GET
[06-Mar-2026 12:29:09 Africa/Lagos] Session ID: b4e63b665998ce153578c8d41fdeeee7
[06-Mar-2026 12:29:09 Africa/Lagos] School Slug: bitflux-wallet-1771434696
[06-Mar-2026 12:29:09 Africa/Lagos] User Type: admin
[06-Mar-2026 12:29:09 Africa/Lagos] Current Page: add-new-student.php
[06-Mar-2026 12:29:09 Africa/Lagos] School ID: 6
[06-Mar-2026 12:29:09 Africa/Lagos] School Name: bitflux wallet
[06-Mar-2026 12:29:09 Africa/Lagos] Authenticated User ID: 1
[06-Mar-2026 12:29:09 Africa/Lagos] Authenticated User Type: admin
[06-Mar-2026 12:29:09 Africa/Lagos] Loading autoload from: /home/academixsuite/public_html/tenant/{school-slug}/admin/../../../includes/autoload.php
[06-Mar-2026 12:29:09 Africa/Lagos] Autoload loaded successfully
[06-Mar-2026 12:29:09 Africa/Lagos] Database class found
[06-Mar-2026 12:29:09 Africa/Lagos] Loading StudentManager from: /home/academixsuite/public_html/tenant/{school-slug}/admin/../../../includes/StudentManager.php
[06-Mar-2026 12:29:09 Africa/Lagos] StudentManager loaded successfully
[06-Mar-2026 12:29:09 Africa/Lagos] Attempting to connect to database: school_6
[06-Mar-2026 12:29:09 Africa/Lagos] School database connection successful for: school_6
[06-Mar-2026 12:29:09 Africa/Lagos] Database connection PDO object: PDO
[06-Mar-2026 12:29:09 Africa/Lagos] Initializing StudentManager with parameters:
[06-Mar-2026 12:29:09 Africa/Lagos] - School ID: 6
[06-Mar-2026 12:29:09 Africa/Lagos] - User ID: 1
[06-Mar-2026 12:29:09 Africa/Lagos] - User Type: admin
[06-Mar-2026 12:29:09 Africa/Lagos] StudentManager initialized for school ID: 6
[06-Mar-2026 12:29:09 Africa/Lagos] StudentManager initialized successfully
[06-Mar-2026 12:29:09 Africa/Lagos] Starting data fetch from database
[06-Mar-2026 12:29:09 Africa/Lagos] Loaded 21 settings records
[06-Mar-2026 12:29:09 Africa/Lagos] Loaded user data for ID: 1
[06-Mar-2026 12:29:09 Africa/Lagos] Loaded 1 academic years
[06-Mar-2026 12:29:09 Africa/Lagos] Loaded 16 classes
[06-Mar-2026 12:29:09 Africa/Lagos] === ADD STUDENT PAGE END ===
[06-Mar-2026 12:29:09 Africa/Lagos] Page loaded with 16 classes, 1 academic years
[06-Mar-2026 12:29:09 Africa/Lagos] ROUTER END: Successfully served /home/academixsuite/public_html/tenant/{school-slug}/admin/add-new-student.php
[06-Mar-2026 13:08:52 Africa/Lagos] === ADD STUDENT PAGE START ===
[06-Mar-2026 13:08:52 Africa/Lagos] Request URI: /tenant/bitflux-wallet-1771434696/admin/add-new-student.php
[06-Mar-2026 13:08:52 Africa/Lagos] Script: /home/academixsuite/public_html/tenant/{school-slug}/admin/add-new-student.php
[06-Mar-2026 13:08:52 Africa/Lagos] Request Method: GET
[06-Mar-2026 13:08:52 Africa/Lagos] Session ID: b4e63b665998ce153578c8d41fdeeee7
[06-Mar-2026 13:08:52 Africa/Lagos] School Slug: bitflux-wallet-1771434696
[06-Mar-2026 13:08:52 Africa/Lagos] User Type: admin
[06-Mar-2026 13:08:52 Africa/Lagos] Current Page: add-new-student.php
[06-Mar-2026 13:08:52 Africa/Lagos] School ID: 6
[06-Mar-2026 13:08:52 Africa/Lagos] School Name: bitflux wallet
[06-Mar-2026 13:08:52 Africa/Lagos] Authenticated User ID: 1
[06-Mar-2026 13:08:52 Africa/Lagos] Authenticated User Type: admin
[06-Mar-2026 13:08:52 Africa/Lagos] Loading autoload from: /home/academixsuite/public_html/tenant/{school-slug}/admin/../../../includes/autoload.php
[06-Mar-2026 13:08:52 Africa/Lagos] Autoload loaded successfully
[06-Mar-2026 13:08:52 Africa/Lagos] Database class found
[06-Mar-2026 13:08:52 Africa/Lagos] Loading StudentManager from: /home/academixsuite/public_html/tenant/{school-slug}/admin/../../../includes/StudentManager.php
[06-Mar-2026 13:08:52 Africa/Lagos] StudentManager loaded successfully
[06-Mar-2026 13:08:52 Africa/Lagos] Attempting to connect to database: school_6
[06-Mar-2026 13:08:52 Africa/Lagos] School database connection successful for: school_6
[06-Mar-2026 13:08:52 Africa/Lagos] Database connection PDO object: PDO
[06-Mar-2026 13:08:52 Africa/Lagos] Initializing StudentManager with parameters:
[06-Mar-2026 13:08:52 Africa/Lagos] - School ID: 6
[06-Mar-2026 13:08:52 Africa/Lagos] - User ID: 1
[06-Mar-2026 13:08:52 Africa/Lagos] - User Type: admin
[06-Mar-2026 13:08:52 Africa/Lagos] StudentManager initialized for school ID: 6
[06-Mar-2026 13:08:52 Africa/Lagos] StudentManager initialized successfully
[06-Mar-2026 13:08:52 Africa/Lagos] Starting data fetch from database
[06-Mar-2026 13:08:52 Africa/Lagos] Loaded 21 settings records
[06-Mar-2026 13:08:52 Africa/Lagos] Loaded user data for ID: 1
[06-Mar-2026 13:08:52 Africa/Lagos] Loaded 1 academic years
[06-Mar-2026 13:08:52 Africa/Lagos] Loaded 16 classes
[06-Mar-2026 13:08:52 Africa/Lagos] === ADD STUDENT PAGE END ===
[06-Mar-2026 13:08:52 Africa/Lagos] Page loaded with 16 classes, 1 academic years
[06-Mar-2026 13:08:52 Africa/Lagos] ROUTER END: Successfully served /home/academixsuite/public_html/tenant/{school-slug}/admin/add-new-student.php
[06-Mar-2026 13:09:01 Africa/Lagos] === ADD STUDENT PAGE START ===
[06-Mar-2026 13:09:01 Africa/Lagos] Request URI: /tenant/bitflux-wallet-1771434696/admin/add-new-student.php?ajax=search_parents&term=Henry
[06-Mar-2026 13:09:01 Africa/Lagos] Script: /home/academixsuite/public_html/tenant/{school-slug}/admin/add-new-student.php
[06-Mar-2026 13:09:01 Africa/Lagos] Request Method: GET
[06-Mar-2026 13:09:01 Africa/Lagos] Session ID: b4e63b665998ce153578c8d41fdeeee7
[06-Mar-2026 13:09:01 Africa/Lagos] School Slug: bitflux-wallet-1771434696
[06-Mar-2026 13:09:01 Africa/Lagos] User Type: admin
[06-Mar-2026 13:09:01 Africa/Lagos] Current Page: add-new-student.php
[06-Mar-2026 13:09:01 Africa/Lagos] School ID: 6
[06-Mar-2026 13:09:01 Africa/Lagos] School Name: bitflux wallet
[06-Mar-2026 13:09:01 Africa/Lagos] Authenticated User ID: 1
[06-Mar-2026 13:09:01 Africa/Lagos] Authenticated User Type: admin
[06-Mar-2026 13:09:01 Africa/Lagos] Loading autoload from: /home/academixsuite/public_html/tenant/{school-slug}/admin/../../../includes/autoload.php
[06-Mar-2026 13:09:01 Africa/Lagos] Autoload loaded successfully
[06-Mar-2026 13:09:01 Africa/Lagos] Database class found
[06-Mar-2026 13:09:01 Africa/Lagos] Loading StudentManager from: /home/academixsuite/public_html/tenant/{school-slug}/admin/../../../includes/StudentManager.php
[06-Mar-2026 13:09:01 Africa/Lagos] StudentManager loaded successfully
[06-Mar-2026 13:09:01 Africa/Lagos] Attempting to connect to database: school_6
[06-Mar-2026 13:09:01 Africa/Lagos] School database connection successful for: school_6
[06-Mar-2026 13:09:01 Africa/Lagos] Database connection PDO object: PDO
[06-Mar-2026 13:09:01 Africa/Lagos] Initializing StudentManager with parameters:
[06-Mar-2026 13:09:01 Africa/Lagos] - School ID: 6
[06-Mar-2026 13:09:01 Africa/Lagos] - User ID: 1
[06-Mar-2026 13:09:01 Africa/Lagos] - User Type: admin
[06-Mar-2026 13:09:01 Africa/Lagos] StudentManager initialized for school ID: 6
[06-Mar-2026 13:09:01 Africa/Lagos] StudentManager initialized successfully
[06-Mar-2026 13:09:01 Africa/Lagos] Starting data fetch from database
[06-Mar-2026 13:09:01 Africa/Lagos] Loaded 21 settings records
[06-Mar-2026 13:09:01 Africa/Lagos] Loaded user data for ID: 1
[06-Mar-2026 13:09:01 Africa/Lagos] Loaded 1 academic years
[06-Mar-2026 13:09:01 Africa/Lagos] Loaded 16 classes
[06-Mar-2026 13:09:01 Africa/Lagos] Processing AJAX request: search_parents
[06-Mar-2026 13:09:01 Africa/Lagos] Searching parents with term: Henry
[06-Mar-2026 13:09:01 Africa/Lagos] Found 0 parents matching term
[06-Mar-2026 13:09:07 Africa/Lagos] === ADD STUDENT PAGE START ===
[06-Mar-2026 13:09:07 Africa/Lagos] Request URI: /tenant/bitflux-wallet-1771434696/admin/add-new-student.php?ajax=search_parents&term=Promise
[06-Mar-2026 13:09:07 Africa/Lagos] Script: /home/academixsuite/public_html/tenant/{school-slug}/admin/add-new-student.php
[06-Mar-2026 13:09:07 Africa/Lagos] Request Method: GET
[06-Mar-2026 13:09:07 Africa/Lagos] Session ID: b4e63b665998ce153578c8d41fdeeee7
[06-Mar-2026 13:09:07 Africa/Lagos] School Slug: bitflux-wallet-1771434696
[06-Mar-2026 13:09:07 Africa/Lagos] User Type: admin
[06-Mar-2026 13:09:07 Africa/Lagos] Current Page: add-new-student.php
[06-Mar-2026 13:09:07 Africa/Lagos] School ID: 6
[06-Mar-2026 13:09:07 Africa/Lagos] School Name: bitflux wallet
[06-Mar-2026 13:09:07 Africa/Lagos] Authenticated User ID: 1
[06-Mar-2026 13:09:07 Africa/Lagos] Authenticated User Type: admin
[06-Mar-2026 13:09:07 Africa/Lagos] Loading autoload from: /home/academixsuite/public_html/tenant/{school-slug}/admin/../../../includes/autoload.php
[06-Mar-2026 13:09:07 Africa/Lagos] Autoload loaded successfully
[06-Mar-2026 13:09:07 Africa/Lagos] Database class found
[06-Mar-2026 13:09:07 Africa/Lagos] Loading StudentManager from: /home/academixsuite/public_html/tenant/{school-slug}/admin/../../../includes/StudentManager.php
[06-Mar-2026 13:09:07 Africa/Lagos] StudentManager loaded successfully
[06-Mar-2026 13:09:07 Africa/Lagos] Attempting to connect to database: school_6
[06-Mar-2026 13:09:07 Africa/Lagos] School database connection successful for: school_6
[06-Mar-2026 13:09:07 Africa/Lagos] Database connection PDO object: PDO
[06-Mar-2026 13:09:07 Africa/Lagos] Initializing StudentManager with parameters:
[06-Mar-2026 13:09:07 Africa/Lagos] - School ID: 6
[06-Mar-2026 13:09:07 Africa/Lagos] - User ID: 1
[06-Mar-2026 13:09:07 Africa/Lagos] - User Type: admin
[06-Mar-2026 13:09:07 Africa/Lagos] StudentManager initialized for school ID: 6
[06-Mar-2026 13:09:07 Africa/Lagos] StudentManager initialized successfully
[06-Mar-2026 13:09:07 Africa/Lagos] Starting data fetch from database
[06-Mar-2026 13:09:07 Africa/Lagos] Loaded 21 settings records
[06-Mar-2026 13:09:07 Africa/Lagos] Loaded user data for ID: 1
[06-Mar-2026 13:09:07 Africa/Lagos] Loaded 1 academic years
[06-Mar-2026 13:09:07 Africa/Lagos] Loaded 16 classes
[06-Mar-2026 13:09:07 Africa/Lagos] Processing AJAX request: search_parents
[06-Mar-2026 13:09:07 Africa/Lagos] Searching parents with term: Promise
[06-Mar-2026 13:09:07 Africa/Lagos] Found 0 parents matching term
[06-Mar-2026 13:09:10 Africa/Lagos] === ADD STUDENT PAGE START ===
[06-Mar-2026 13:09:10 Africa/Lagos] Request URI: /tenant/bitflux-wallet-1771434696/admin/add-new-student.php?ajax=search_parents&term=Promis
[06-Mar-2026 13:09:10 Africa/Lagos] Script: /home/academixsuite/public_html/tenant/{school-slug}/admin/add-new-student.php
[06-Mar-2026 13:09:10 Africa/Lagos] Request Method: GET
[06-Mar-2026 13:09:10 Africa/Lagos] Session ID: b4e63b665998ce153578c8d41fdeeee7
[06-Mar-2026 13:09:10 Africa/Lagos] School Slug: bitflux-wallet-1771434696
[06-Mar-2026 13:09:10 Africa/Lagos] User Type: admin
[06-Mar-2026 13:09:10 Africa/Lagos] Current Page: add-new-student.php
[06-Mar-2026 13:09:10 Africa/Lagos] School ID: 6
[06-Mar-2026 13:09:10 Africa/Lagos] School Name: bitflux wallet
[06-Mar-2026 13:09:10 Africa/Lagos] Authenticated User ID: 1
[06-Mar-2026 13:09:10 Africa/Lagos] Authenticated User Type: admin
[06-Mar-2026 13:09:10 Africa/Lagos] Loading autoload from: /home/academixsuite/public_html/tenant/{school-slug}/admin/../../../includes/autoload.php
[06-Mar-2026 13:09:10 Africa/Lagos] Autoload loaded successfully
[06-Mar-2026 13:09:10 Africa/Lagos] Database class found
[06-Mar-2026 13:09:10 Africa/Lagos] Loading StudentManager from: /home/academixsuite/public_html/tenant/{school-slug}/admin/../../../includes/StudentManager.php
[06-Mar-2026 13:09:10 Africa/Lagos] StudentManager loaded successfully
[06-Mar-2026 13:09:10 Africa/Lagos] Attempting to connect to database: school_6
[06-Mar-2026 13:09:10 Africa/Lagos] School database connection successful for: school_6
[06-Mar-2026 13:09:10 Africa/Lagos] Database connection PDO object: PDO
[06-Mar-2026 13:09:10 Africa/Lagos] Initializing StudentManager with parameters:
[06-Mar-2026 13:09:10 Africa/Lagos] - School ID: 6
[06-Mar-2026 13:09:10 Africa/Lagos] - User ID: 1
[06-Mar-2026 13:09:10 Africa/Lagos] - User Type: admin
[06-Mar-2026 13:09:10 Africa/Lagos] StudentManager initialized for school ID: 6
[06-Mar-2026 13:09:10 Africa/Lagos] StudentManager initialized successfully
[06-Mar-2026 13:09:10 Africa/Lagos] Starting data fetch from database
[06-Mar-2026 13:09:10 Africa/Lagos] Loaded 21 settings records
[06-Mar-2026 13:09:10 Africa/Lagos] Loaded user data for ID: 1
[06-Mar-2026 13:09:10 Africa/Lagos] Loaded 1 academic years
[06-Mar-2026 13:09:10 Africa/Lagos] Loaded 16 classes
[06-Mar-2026 13:09:10 Africa/Lagos] Processing AJAX request: search_parents
[06-Mar-2026 13:09:10 Africa/Lagos] Searching parents with term: Promis
[06-Mar-2026 13:09:10 Africa/Lagos] Found 0 parents matching term
[06-Mar-2026 13:09:11 Africa/Lagos] === ADD STUDENT PAGE START ===
[06-Mar-2026 13:09:11 Africa/Lagos] Request URI: /tenant/bitflux-wallet-1771434696/admin/add-new-student.php?ajax=search_parents&term=Promi
[06-Mar-2026 13:09:11 Africa/Lagos] Script: /home/academixsuite/public_html/tenant/{school-slug}/admin/add-new-student.php
[06-Mar-2026 13:09:11 Africa/Lagos] Request Method: GET
[06-Mar-2026 13:09:11 Africa/Lagos] Session ID: b4e63b665998ce153578c8d41fdeeee7
[06-Mar-2026 13:09:11 Africa/Lagos] School Slug: bitflux-wallet-1771434696
[06-Mar-2026 13:09:11 Africa/Lagos] User Type: admin
[06-Mar-2026 13:09:11 Africa/Lagos] Current Page: add-new-student.php
[06-Mar-2026 13:09:11 Africa/Lagos] School ID: 6
[06-Mar-2026 13:09:11 Africa/Lagos] School Name: bitflux wallet
[06-Mar-2026 13:09:11 Africa/Lagos] Authenticated User ID: 1
[06-Mar-2026 13:09:11 Africa/Lagos] Authenticated User Type: admin
[06-Mar-2026 13:09:11 Africa/Lagos] Loading autoload from: /home/academixsuite/public_html/tenant/{school-slug}/admin/../../../includes/autoload.php
[06-Mar-2026 13:09:11 Africa/Lagos] Autoload loaded successfully
[06-Mar-2026 13:09:11 Africa/Lagos] Database class found
[06-Mar-2026 13:09:11 Africa/Lagos] Loading StudentManager from: /home/academixsuite/public_html/tenant/{school-slug}/admin/../../../includes/StudentManager.php
[06-Mar-2026 13:09:11 Africa/Lagos] StudentManager loaded successfully
[06-Mar-2026 13:09:11 Africa/Lagos] Attempting to connect to database: school_6
[06-Mar-2026 13:09:11 Africa/Lagos] School database connection successful for: school_6
[06-Mar-2026 13:09:11 Africa/Lagos] Database connection PDO object: PDO
[06-Mar-2026 13:09:11 Africa/Lagos] Initializing StudentManager with parameters:
[06-Mar-2026 13:09:11 Africa/Lagos] - School ID: 6
[06-Mar-2026 13:09:11 Africa/Lagos] - User ID: 1
[06-Mar-2026 13:09:11 Africa/Lagos] - User Type: admin
[06-Mar-2026 13:09:11 Africa/Lagos] StudentManager initialized for school ID: 6
[06-Mar-2026 13:09:11 Africa/Lagos] StudentManager initialized successfully
[06-Mar-2026 13:09:11 Africa/Lagos] Starting data fetch from database
[06-Mar-2026 13:09:11 Africa/Lagos] Loaded 21 settings records
[06-Mar-2026 13:09:11 Africa/Lagos] Loaded user data for ID: 1
[06-Mar-2026 13:09:11 Africa/Lagos] Loaded 1 academic years
[06-Mar-2026 13:09:11 Africa/Lagos] Loaded 16 classes
[06-Mar-2026 13:09:11 Africa/Lagos] Processing AJAX request: search_parents
[06-Mar-2026 13:09:11 Africa/Lagos] Searching parents with term: Promi
[06-Mar-2026 13:09:11 Africa/Lagos] Found 0 parents matching term
[06-Mar-2026 13:09:12 Africa/Lagos] === ADD STUDENT PAGE START ===
[06-Mar-2026 13:09:12 Africa/Lagos] Request URI: /tenant/bitflux-wallet-1771434696/admin/add-new-student.php?ajax=search_parents&term=Pro
[06-Mar-2026 13:09:12 Africa/Lagos] Script: /home/academixsuite/public_html/tenant/{school-slug}/admin/add-new-student.php
[06-Mar-2026 13:09:12 Africa/Lagos] Request Method: GET
[06-Mar-2026 13:09:12 Africa/Lagos] Session ID: b4e63b665998ce153578c8d41fdeeee7
[06-Mar-2026 13:09:12 Africa/Lagos] School Slug: bitflux-wallet-1771434696
[06-Mar-2026 13:09:12 Africa/Lagos] User Type: admin
[06-Mar-2026 13:09:12 Africa/Lagos] Current Page: add-new-student.php
[06-Mar-2026 13:09:12 Africa/Lagos] School ID: 6
[06-Mar-2026 13:09:12 Africa/Lagos] School Name: bitflux wallet
[06-Mar-2026 13:09:12 Africa/Lagos] Authenticated User ID: 1
[06-Mar-2026 13:09:12 Africa/Lagos] Authenticated User Type: admin
[06-Mar-2026 13:09:12 Africa/Lagos] Loading autoload from: /home/academixsuite/public_html/tenant/{school-slug}/admin/../../../includes/autoload.php
[06-Mar-2026 13:09:12 Africa/Lagos] Autoload loaded successfully
[06-Mar-2026 13:09:12 Africa/Lagos] Database class found
[06-Mar-2026 13:09:12 Africa/Lagos] Loading StudentManager from: /home/academixsuite/public_html/tenant/{school-slug}/admin/../../../includes/StudentManager.php
[06-Mar-2026 13:09:12 Africa/Lagos] StudentManager loaded successfully
[06-Mar-2026 13:09:12 Africa/Lagos] Attempting to connect to database: school_6
[06-Mar-2026 13:09:12 Africa/Lagos] School database connection successful for: school_6
[06-Mar-2026 13:09:12 Africa/Lagos] Database connection PDO object: PDO
[06-Mar-2026 13:09:12 Africa/Lagos] Initializing StudentManager with parameters:
[06-Mar-2026 13:09:12 Africa/Lagos] - School ID: 6
[06-Mar-2026 13:09:12 Africa/Lagos] - User ID: 1
[06-Mar-2026 13:09:12 Africa/Lagos] - User Type: admin
[06-Mar-2026 13:09:12 Africa/Lagos] StudentManager initialized for school ID: 6
[06-Mar-2026 13:09:12 Africa/Lagos] StudentManager initialized successfully
[06-Mar-2026 13:09:12 Africa/Lagos] Starting data fetch from database
[06-Mar-2026 13:09:12 Africa/Lagos] Loaded 21 settings records
[06-Mar-2026 13:09:12 Africa/Lagos] Loaded user data for ID: 1
[06-Mar-2026 13:09:12 Africa/Lagos] Loaded 1 academic years
[06-Mar-2026 13:09:12 Africa/Lagos] Loaded 16 classes
[06-Mar-2026 13:09:12 Africa/Lagos] Processing AJAX request: search_parents
[06-Mar-2026 13:09:12 Africa/Lagos] Searching parents with term: Pro
[06-Mar-2026 13:09:12 Africa/Lagos] Found 0 parents matching term
[06-Mar-2026 13:09:17 Africa/Lagos] === ADD STUDENT PAGE START ===
[06-Mar-2026 13:09:17 Africa/Lagos] Request URI: /tenant/bitflux-wallet-1771434696/admin/add-new-student.php?ajax=search_parents&term=Amara
[06-Mar-2026 13:09:17 Africa/Lagos] Script: /home/academixsuite/public_html/tenant/{school-slug}/admin/add-new-student.php
[06-Mar-2026 13:09:17 Africa/Lagos] Request Method: GET
[06-Mar-2026 13:09:17 Africa/Lagos] Session ID: b4e63b665998ce153578c8d41fdeeee7
[06-Mar-2026 13:09:17 Africa/Lagos] School Slug: bitflux-wallet-1771434696
[06-Mar-2026 13:09:17 Africa/Lagos] User Type: admin
[06-Mar-2026 13:09:17 Africa/Lagos] Current Page: add-new-student.php
[06-Mar-2026 13:09:17 Africa/Lagos] School ID: 6
[06-Mar-2026 13:09:17 Africa/Lagos] School Name: bitflux wallet
[06-Mar-2026 13:09:17 Africa/Lagos] Authenticated User ID: 1
[06-Mar-2026 13:09:17 Africa/Lagos] Authenticated User Type: admin
[06-Mar-2026 13:09:17 Africa/Lagos] Loading autoload from: /home/academixsuite/public_html/tenant/{school-slug}/admin/../../../includes/autoload.php
[06-Mar-2026 13:09:17 Africa/Lagos] Autoload loaded successfully
[06-Mar-2026 13:09:17 Africa/Lagos] Database class found
[06-Mar-2026 13:09:17 Africa/Lagos] Loading StudentManager from: /home/academixsuite/public_html/tenant/{school-slug}/admin/../../../includes/StudentManager.php
[06-Mar-2026 13:09:17 Africa/Lagos] StudentManager loaded successfully
[06-Mar-2026 13:09:17 Africa/Lagos] Attempting to connect to database: school_6
[06-Mar-2026 13:09:17 Africa/Lagos] School database connection successful for: school_6
[06-Mar-2026 13:09:17 Africa/Lagos] Database connection PDO object: PDO
[06-Mar-2026 13:09:17 Africa/Lagos] Initializing StudentManager with parameters:
[06-Mar-2026 13:09:17 Africa/Lagos] - School ID: 6
[06-Mar-2026 13:09:17 Africa/Lagos] - User ID: 1
[06-Mar-2026 13:09:17 Africa/Lagos] - User Type: admin
[06-Mar-2026 13:09:17 Africa/Lagos] StudentManager initialized for school ID: 6
[06-Mar-2026 13:09:17 Africa/Lagos] StudentManager initialized successfully
[06-Mar-2026 13:09:17 Africa/Lagos] Starting data fetch from database
[06-Mar-2026 13:09:17 Africa/Lagos] Loaded 21 settings records
[06-Mar-2026 13:09:17 Africa/Lagos] Loaded user data for ID: 1
[06-Mar-2026 13:09:17 Africa/Lagos] Loaded 1 academic years
[06-Mar-2026 13:09:17 Africa/Lagos] Loaded 16 classes
[06-Mar-2026 13:09:17 Africa/Lagos] Processing AJAX request: search_parents
[06-Mar-2026 13:09:17 Africa/Lagos] Searching parents with term: Amara
[06-Mar-2026 13:09:17 Africa/Lagos] Found 0 parents matching term
[07-Mar-2026 07:00:08 Africa/Lagos] === ADD STUDENT PAGE START ===
[07-Mar-2026 07:00:08 Africa/Lagos] Request URI: /tenant/bitflux-wallet-1771434696/admin/add-new-student.php
[07-Mar-2026 07:00:08 Africa/Lagos] Script: /home/academixsuite/public_html/tenant/{school-slug}/admin/add-new-student.php
[07-Mar-2026 07:00:08 Africa/Lagos] Request Method: GET
[07-Mar-2026 07:00:08 Africa/Lagos] Session ID: 6890d5ca37f38bdaee03eba6e41647ef
[07-Mar-2026 07:00:08 Africa/Lagos] School Slug: bitflux-wallet-1771434696
[07-Mar-2026 07:00:08 Africa/Lagos] User Type: admin
[07-Mar-2026 07:00:08 Africa/Lagos] Current Page: add-new-student.php
[07-Mar-2026 07:00:08 Africa/Lagos] School ID: 6
[07-Mar-2026 07:00:08 Africa/Lagos] School Name: bitflux wallet
[07-Mar-2026 07:00:08 Africa/Lagos] Authenticated User ID: 1
[07-Mar-2026 07:00:08 Africa/Lagos] Authenticated User Type: admin
[07-Mar-2026 07:00:08 Africa/Lagos] Loading autoload from: /home/academixsuite/public_html/tenant/{school-slug}/admin/../../../includes/autoload.php
[07-Mar-2026 07:00:08 Africa/Lagos] Autoload loaded successfully
[07-Mar-2026 07:00:08 Africa/Lagos] Database class found
[07-Mar-2026 07:00:08 Africa/Lagos] Loading StudentManager from: /home/academixsuite/public_html/tenant/{school-slug}/admin/../../../includes/StudentManager.php
[07-Mar-2026 07:00:08 Africa/Lagos] StudentManager loaded successfully
[07-Mar-2026 07:00:08 Africa/Lagos] Attempting to connect to database: school_6
[07-Mar-2026 07:00:08 Africa/Lagos] School database connection successful for: school_6
[07-Mar-2026 07:00:08 Africa/Lagos] Database connection PDO object: PDO
[07-Mar-2026 07:00:08 Africa/Lagos] Initializing StudentManager with parameters:
[07-Mar-2026 07:00:08 Africa/Lagos] - School ID: 6
[07-Mar-2026 07:00:08 Africa/Lagos] - User ID: 1
[07-Mar-2026 07:00:08 Africa/Lagos] - User Type: admin
[07-Mar-2026 07:00:08 Africa/Lagos] StudentManager initialized for school ID: 6
[07-Mar-2026 07:00:08 Africa/Lagos] StudentManager initialized successfully
[07-Mar-2026 07:00:08 Africa/Lagos] Starting data fetch from database
[07-Mar-2026 07:00:08 Africa/Lagos] Loaded 21 settings records
[07-Mar-2026 07:00:08 Africa/Lagos] Loaded user data for ID: 1
[07-Mar-2026 07:00:08 Africa/Lagos] Loaded 1 academic years
[07-Mar-2026 07:00:08 Africa/Lagos] Loaded 16 classes
[07-Mar-2026 07:00:08 Africa/Lagos] === ADD STUDENT PAGE END ===
[07-Mar-2026 07:00:08 Africa/Lagos] Page loaded with 16 classes, 1 academic years
[07-Mar-2026 07:00:08 Africa/Lagos] ROUTER END: Successfully served /home/academixsuite/public_html/tenant/{school-slug}/admin/add-new-student.php
[08-Mar-2026 18:21:25 Africa/Lagos] === ADD STUDENT PAGE START ===
[08-Mar-2026 18:21:25 Africa/Lagos] Request URI: /tenant/bitflux-wallet-1771434696/admin/add-new-student.php
[08-Mar-2026 18:21:25 Africa/Lagos] Script: /home/academixsuite/public_html/tenant/{school-slug}/admin/add-new-student.php
[08-Mar-2026 18:21:25 Africa/Lagos] Request Method: GET
[08-Mar-2026 18:21:25 Africa/Lagos] Session ID: 2a8d2e3e2699c70be3d62de7c3d5be45
[08-Mar-2026 18:21:25 Africa/Lagos] School Slug: bitflux-wallet-1771434696
[08-Mar-2026 18:21:25 Africa/Lagos] User Type: admin
[08-Mar-2026 18:21:25 Africa/Lagos] Current Page: add-new-student.php
[08-Mar-2026 18:21:25 Africa/Lagos] School ID: 6
[08-Mar-2026 18:21:25 Africa/Lagos] School Name: bitflux wallet
[08-Mar-2026 18:21:25 Africa/Lagos] Authenticated User ID: 1
[08-Mar-2026 18:21:25 Africa/Lagos] Authenticated User Type: admin
[08-Mar-2026 18:21:25 Africa/Lagos] Loading autoload from: /home/academixsuite/public_html/tenant/{school-slug}/admin/../../../includes/autoload.php
[08-Mar-2026 18:21:25 Africa/Lagos] Autoload loaded successfully
[08-Mar-2026 18:21:25 Africa/Lagos] Database class found
[08-Mar-2026 18:21:25 Africa/Lagos] Loading StudentManager from: /home/academixsuite/public_html/tenant/{school-slug}/admin/../../../includes/StudentManager.php
[08-Mar-2026 18:21:25 Africa/Lagos] StudentManager loaded successfully
[08-Mar-2026 18:21:25 Africa/Lagos] Attempting to connect to database: school_6
[08-Mar-2026 18:21:25 Africa/Lagos] School database connection successful for: school_6
[08-Mar-2026 18:21:25 Africa/Lagos] Database connection PDO object: PDO
[08-Mar-2026 18:21:25 Africa/Lagos] Initializing StudentManager with parameters:
[08-Mar-2026 18:21:25 Africa/Lagos] - School ID: 6
[08-Mar-2026 18:21:25 Africa/Lagos] - User ID: 1
[08-Mar-2026 18:21:25 Africa/Lagos] - User Type: admin
[08-Mar-2026 18:21:25 Africa/Lagos] StudentManager initialized for school ID: 6
[08-Mar-2026 18:21:25 Africa/Lagos] StudentManager initialized successfully
[08-Mar-2026 18:21:25 Africa/Lagos] Starting data fetch from database
[08-Mar-2026 18:21:25 Africa/Lagos] Loaded 21 settings records
[08-Mar-2026 18:21:25 Africa/Lagos] Loaded user data for ID: 1
[08-Mar-2026 18:21:25 Africa/Lagos] Loaded 1 academic years
[08-Mar-2026 18:21:25 Africa/Lagos] Loaded 16 classes
[08-Mar-2026 18:21:25 Africa/Lagos] === ADD STUDENT PAGE END ===
[08-Mar-2026 18:21:25 Africa/Lagos] Page loaded with 16 classes, 1 academic years
[08-Mar-2026 18:21:25 Africa/Lagos] ROUTER END: Successfully served /home/academixsuite/public_html/tenant/{school-slug}/admin/add-new-student.php
[09-Mar-2026 10:57:28 Africa/Lagos] === ADD STUDENT PAGE START ===
[09-Mar-2026 10:57:28 Africa/Lagos] Request URI: /tenant/bitflux-wallet-1771434696/admin/add-new-student.php
[09-Mar-2026 10:57:28 Africa/Lagos] Script: /home/academixsuite/public_html/tenant/{school-slug}/admin/add-new-student.php
[09-Mar-2026 10:57:28 Africa/Lagos] Request Method: GET
[09-Mar-2026 10:57:28 Africa/Lagos] Session ID: ee4247076f80c3e1979e3c78df303e12
[09-Mar-2026 10:57:28 Africa/Lagos] School Slug: bitflux-wallet-1771434696
[09-Mar-2026 10:57:28 Africa/Lagos] User Type: admin
[09-Mar-2026 10:57:28 Africa/Lagos] Current Page: add-new-student.php
[09-Mar-2026 10:57:28 Africa/Lagos] School ID: 6
[09-Mar-2026 10:57:28 Africa/Lagos] School Name: bitflux wallet
[09-Mar-2026 10:57:28 Africa/Lagos] Authenticated User ID: 1
[09-Mar-2026 10:57:28 Africa/Lagos] Authenticated User Type: admin
[09-Mar-2026 10:57:28 Africa/Lagos] Loading autoload from: /home/academixsuite/public_html/tenant/{school-slug}/admin/../../../includes/autoload.php
[09-Mar-2026 10:57:28 Africa/Lagos] Autoload loaded successfully
[09-Mar-2026 10:57:28 Africa/Lagos] Database class found
[09-Mar-2026 10:57:28 Africa/Lagos] Loading StudentManager from: /home/academixsuite/public_html/tenant/{school-slug}/admin/../../../includes/StudentManager.php
[09-Mar-2026 10:57:28 Africa/Lagos] StudentManager loaded successfully
[09-Mar-2026 10:57:28 Africa/Lagos] Attempting to connect to database: school_6
[09-Mar-2026 10:57:28 Africa/Lagos] School database connection successful for: school_6
[09-Mar-2026 10:57:28 Africa/Lagos] Database connection PDO object: PDO
[09-Mar-2026 10:57:28 Africa/Lagos] Initializing StudentManager with parameters:
[09-Mar-2026 10:57:28 Africa/Lagos] - School ID: 6
[09-Mar-2026 10:57:28 Africa/Lagos] - User ID: 1
[09-Mar-2026 10:57:28 Africa/Lagos] - User Type: admin
[09-Mar-2026 10:57:28 Africa/Lagos] StudentManager initialized for school ID: 6
[09-Mar-2026 10:57:28 Africa/Lagos] StudentManager initialized successfully
[09-Mar-2026 10:57:28 Africa/Lagos] Starting data fetch from database
[09-Mar-2026 10:57:28 Africa/Lagos] Loaded 21 settings records
[09-Mar-2026 10:57:28 Africa/Lagos] Loaded user data for ID: 1
[09-Mar-2026 10:57:28 Africa/Lagos] Loaded 1 academic years
[09-Mar-2026 10:57:28 Africa/Lagos] Loaded 16 classes
[09-Mar-2026 10:57:28 Africa/Lagos] === ADD STUDENT PAGE END ===
[09-Mar-2026 10:57:28 Africa/Lagos] Page loaded with 16 classes, 1 academic years
[09-Mar-2026 10:57:28 Africa/Lagos] ROUTER END: Successfully served /home/academixsuite/public_html/tenant/{school-slug}/admin/add-new-student.php
[09-Mar-2026 11:00:03 Africa/Lagos] === ADD STUDENT PAGE START ===
[09-Mar-2026 11:00:03 Africa/Lagos] Request URI: /tenant/bitflux-wallet-1771434696/admin/add-new-student.php
[09-Mar-2026 11:00:03 Africa/Lagos] Script: /home/academixsuite/public_html/tenant/{school-slug}/admin/add-new-student.php
[09-Mar-2026 11:00:03 Africa/Lagos] Request Method: GET
[09-Mar-2026 11:00:03 Africa/Lagos] Session ID: ee4247076f80c3e1979e3c78df303e12
[09-Mar-2026 11:00:03 Africa/Lagos] School Slug: bitflux-wallet-1771434696
[09-Mar-2026 11:00:03 Africa/Lagos] User Type: admin
[09-Mar-2026 11:00:03 Africa/Lagos] Current Page: add-new-student.php
[09-Mar-2026 11:00:03 Africa/Lagos] School ID: 6
[09-Mar-2026 11:00:03 Africa/Lagos] School Name: bitflux wallet
[09-Mar-2026 11:00:03 Africa/Lagos] Authenticated User ID: 1
[09-Mar-2026 11:00:03 Africa/Lagos] Authenticated User Type: admin
[09-Mar-2026 11:00:03 Africa/Lagos] Loading autoload from: /home/academixsuite/public_html/tenant/{school-slug}/admin/../../../includes/autoload.php
[09-Mar-2026 11:00:03 Africa/Lagos] Autoload loaded successfully
[09-Mar-2026 11:00:03 Africa/Lagos] Database class found
[09-Mar-2026 11:00:03 Africa/Lagos] Loading StudentManager from: /home/academixsuite/public_html/tenant/{school-slug}/admin/../../../includes/StudentManager.php
[09-Mar-2026 11:00:03 Africa/Lagos] StudentManager loaded successfully
[09-Mar-2026 11:00:03 Africa/Lagos] Attempting to connect to database: school_6
[09-Mar-2026 11:00:03 Africa/Lagos] School database connection successful for: school_6
[09-Mar-2026 11:00:03 Africa/Lagos] Database connection PDO object: PDO
[09-Mar-2026 11:00:03 Africa/Lagos] Initializing StudentManager with parameters:
[09-Mar-2026 11:00:03 Africa/Lagos] - School ID: 6
[09-Mar-2026 11:00:03 Africa/Lagos] - User ID: 1
[09-Mar-2026 11:00:03 Africa/Lagos] - User Type: admin
[09-Mar-2026 11:00:03 Africa/Lagos] StudentManager initialized for school ID: 6
[09-Mar-2026 11:00:03 Africa/Lagos] StudentManager initialized successfully
[09-Mar-2026 11:00:03 Africa/Lagos] Starting data fetch from database
[09-Mar-2026 11:00:03 Africa/Lagos] Loaded 21 settings records
[09-Mar-2026 11:00:03 Africa/Lagos] Loaded user data for ID: 1
[09-Mar-2026 11:00:03 Africa/Lagos] Loaded 1 academic years
[09-Mar-2026 11:00:03 Africa/Lagos] Loaded 16 classes
[09-Mar-2026 11:00:03 Africa/Lagos] === ADD STUDENT PAGE END ===
[09-Mar-2026 11:00:03 Africa/Lagos] Page loaded with 16 classes, 1 academic years
[09-Mar-2026 11:00:03 Africa/Lagos] ROUTER END: Successfully served /home/academixsuite/public_html/tenant/{school-slug}/admin/add-new-student.php
[09-Mar-2026 11:11:18 Africa/Lagos] === ADD STUDENT PAGE START ===
[09-Mar-2026 11:11:18 Africa/Lagos] Request URI: /tenant/bitflux-wallet-1771434696/admin/add-new-student.php
[09-Mar-2026 11:11:18 Africa/Lagos] Script: /home/academixsuite/public_html/tenant/{school-slug}/admin/add-new-student.php
[09-Mar-2026 11:11:18 Africa/Lagos] Request Method: GET
[09-Mar-2026 11:11:18 Africa/Lagos] Session ID: 2ca477592c1608a4e85e00256a47a3ab
[09-Mar-2026 11:11:18 Africa/Lagos] School Slug: bitflux-wallet-1771434696
[09-Mar-2026 11:11:18 Africa/Lagos] User Type: admin
[09-Mar-2026 11:11:18 Africa/Lagos] Current Page: add-new-student.php
[09-Mar-2026 11:11:18 Africa/Lagos] School ID: 6
[09-Mar-2026 11:11:18 Africa/Lagos] School Name: bitflux wallet
[09-Mar-2026 11:11:18 Africa/Lagos] Authenticated User ID: 1
[09-Mar-2026 11:11:18 Africa/Lagos] Authenticated User Type: admin
[09-Mar-2026 11:11:18 Africa/Lagos] Loading autoload from: /home/academixsuite/public_html/tenant/{school-slug}/admin/../../../includes/autoload.php
[09-Mar-2026 11:11:18 Africa/Lagos] Autoload loaded successfully
[09-Mar-2026 11:11:18 Africa/Lagos] Database class found
[09-Mar-2026 11:11:18 Africa/Lagos] Loading StudentManager from: /home/academixsuite/public_html/tenant/{school-slug}/admin/../../../includes/StudentManager.php
[09-Mar-2026 11:11:18 Africa/Lagos] StudentManager loaded successfully
[09-Mar-2026 11:11:18 Africa/Lagos] Attempting to connect to database: school_6
[09-Mar-2026 11:11:18 Africa/Lagos] School database connection successful for: school_6
[09-Mar-2026 11:11:18 Africa/Lagos] Database connection PDO object: PDO
[09-Mar-2026 11:11:18 Africa/Lagos] Initializing StudentManager with parameters:
[09-Mar-2026 11:11:18 Africa/Lagos] - School ID: 6
[09-Mar-2026 11:11:18 Africa/Lagos] - User ID: 1
[09-Mar-2026 11:11:18 Africa/Lagos] - User Type: admin
[09-Mar-2026 11:11:18 Africa/Lagos] StudentManager initialized for school ID: 6
[09-Mar-2026 11:11:18 Africa/Lagos] StudentManager initialized successfully
[09-Mar-2026 11:11:18 Africa/Lagos] Starting data fetch from database
[09-Mar-2026 11:11:18 Africa/Lagos] Loaded 21 settings records
[09-Mar-2026 11:11:18 Africa/Lagos] Loaded user data for ID: 1
[09-Mar-2026 11:11:18 Africa/Lagos] Loaded 1 academic years
[09-Mar-2026 11:11:18 Africa/Lagos] Loaded 16 classes
[09-Mar-2026 11:11:18 Africa/Lagos] === ADD STUDENT PAGE END ===
[09-Mar-2026 11:11:18 Africa/Lagos] Page loaded with 16 classes, 1 academic years
[09-Mar-2026 11:11:18 Africa/Lagos] ROUTER END: Successfully served /home/academixsuite/public_html/tenant/{school-slug}/admin/add-new-student.php
[09-Mar-2026 11:11:23 Africa/Lagos] === ADD STUDENT PAGE START ===
[09-Mar-2026 11:11:23 Africa/Lagos] Request URI: /tenant/bitflux-wallet-1771434696/admin/add-new-student.php?ajax=get_sections&class_id=12
[09-Mar-2026 11:11:23 Africa/Lagos] Script: /home/academixsuite/public_html/tenant/{school-slug}/admin/add-new-student.php
[09-Mar-2026 11:11:23 Africa/Lagos] Request Method: GET
[09-Mar-2026 11:11:23 Africa/Lagos] Session ID: 2ca477592c1608a4e85e00256a47a3ab
[09-Mar-2026 11:11:23 Africa/Lagos] School Slug: bitflux-wallet-1771434696
[09-Mar-2026 11:11:23 Africa/Lagos] User Type: admin
[09-Mar-2026 11:11:24 Africa/Lagos] Current Page: add-new-student.php
[09-Mar-2026 11:11:24 Africa/Lagos] School ID: 6
[09-Mar-2026 11:11:24 Africa/Lagos] School Name: bitflux wallet
[09-Mar-2026 11:11:24 Africa/Lagos] Authenticated User ID: 1
[09-Mar-2026 11:11:24 Africa/Lagos] Authenticated User Type: admin
[09-Mar-2026 11:11:24 Africa/Lagos] Loading autoload from: /home/academixsuite/public_html/tenant/{school-slug}/admin/../../../includes/autoload.php
[09-Mar-2026 11:11:24 Africa/Lagos] Autoload loaded successfully
[09-Mar-2026 11:11:24 Africa/Lagos] Database class found
[09-Mar-2026 11:11:24 Africa/Lagos] Loading StudentManager from: /home/academixsuite/public_html/tenant/{school-slug}/admin/../../../includes/StudentManager.php
[09-Mar-2026 11:11:24 Africa/Lagos] StudentManager loaded successfully
[09-Mar-2026 11:11:24 Africa/Lagos] Attempting to connect to database: school_6
[09-Mar-2026 11:11:24 Africa/Lagos] School database connection successful for: school_6
[09-Mar-2026 11:11:24 Africa/Lagos] Database connection PDO object: PDO
[09-Mar-2026 11:11:24 Africa/Lagos] Initializing StudentManager with parameters:
[09-Mar-2026 11:11:24 Africa/Lagos] - School ID: 6
[09-Mar-2026 11:11:24 Africa/Lagos] - User ID: 1
[09-Mar-2026 11:11:24 Africa/Lagos] - User Type: admin
[09-Mar-2026 11:11:24 Africa/Lagos] StudentManager initialized for school ID: 6
[09-Mar-2026 11:11:24 Africa/Lagos] StudentManager initialized successfully
[09-Mar-2026 11:11:24 Africa/Lagos] Starting data fetch from database
[09-Mar-2026 11:11:24 Africa/Lagos] Loaded 21 settings records
[09-Mar-2026 11:11:24 Africa/Lagos] Loaded user data for ID: 1
[09-Mar-2026 11:11:24 Africa/Lagos] Loaded 1 academic years
[09-Mar-2026 11:11:24 Africa/Lagos] Loaded 16 classes
[09-Mar-2026 11:11:24 Africa/Lagos] Retrieved 0 sections for class ID: 12
[09-Mar-2026 11:11:24 Africa/Lagos] Loaded 0 sections for class 12
[09-Mar-2026 11:11:24 Africa/Lagos] Processing AJAX request: get_sections
[09-Mar-2026 11:11:24 Africa/Lagos] Retrieved 0 sections for class ID: 12
[09-Mar-2026 11:11:31 Africa/Lagos] === ADD STUDENT PAGE START ===
[09-Mar-2026 11:11:31 Africa/Lagos] Request URI: /tenant/bitflux-wallet-1771434696/admin/add-new-student.php?ajax=get_sections&class_id=1
[09-Mar-2026 11:11:31 Africa/Lagos] Script: /home/academixsuite/public_html/tenant/{school-slug}/admin/add-new-student.php
[09-Mar-2026 11:11:31 Africa/Lagos] Request Method: GET
[09-Mar-2026 11:11:31 Africa/Lagos] Session ID: 2ca477592c1608a4e85e00256a47a3ab
[09-Mar-2026 11:11:31 Africa/Lagos] School Slug: bitflux-wallet-1771434696
[09-Mar-2026 11:11:31 Africa/Lagos] User Type: admin
[09-Mar-2026 11:11:31 Africa/Lagos] Current Page: add-new-student.php
[09-Mar-2026 11:11:31 Africa/Lagos] School ID: 6
[09-Mar-2026 11:11:31 Africa/Lagos] School Name: bitflux wallet
[09-Mar-2026 11:11:31 Africa/Lagos] Authenticated User ID: 1
[09-Mar-2026 11:11:31 Africa/Lagos] Authenticated User Type: admin
[09-Mar-2026 11:11:31 Africa/Lagos] Loading autoload from: /home/academixsuite/public_html/tenant/{school-slug}/admin/../../../includes/autoload.php
[09-Mar-2026 11:11:31 Africa/Lagos] Autoload loaded successfully
[09-Mar-2026 11:11:31 Africa/Lagos] Database class found
[09-Mar-2026 11:11:31 Africa/Lagos] Loading StudentManager from: /home/academixsuite/public_html/tenant/{school-slug}/admin/../../../includes/StudentManager.php
[09-Mar-2026 11:11:31 Africa/Lagos] StudentManager loaded successfully
[09-Mar-2026 11:11:31 Africa/Lagos] Attempting to connect to database: school_6
[09-Mar-2026 11:11:31 Africa/Lagos] School database connection successful for: school_6
[09-Mar-2026 11:11:31 Africa/Lagos] Database connection PDO object: PDO
[09-Mar-2026 11:11:31 Africa/Lagos] Initializing StudentManager with parameters:
[09-Mar-2026 11:11:31 Africa/Lagos] - School ID: 6
[09-Mar-2026 11:11:31 Africa/Lagos] - User ID: 1
[09-Mar-2026 11:11:31 Africa/Lagos] - User Type: admin
[09-Mar-2026 11:11:31 Africa/Lagos] StudentManager initialized for school ID: 6
[09-Mar-2026 11:11:31 Africa/Lagos] StudentManager initialized successfully
[09-Mar-2026 11:11:31 Africa/Lagos] Starting data fetch from database
[09-Mar-2026 11:11:31 Africa/Lagos] Loaded 21 settings records
[09-Mar-2026 11:11:31 Africa/Lagos] Loaded user data for ID: 1
[09-Mar-2026 11:11:31 Africa/Lagos] Loaded 1 academic years
[09-Mar-2026 11:11:31 Africa/Lagos] Loaded 16 classes
[09-Mar-2026 11:11:31 Africa/Lagos] Retrieved 1 sections for class ID: 1
[09-Mar-2026 11:11:31 Africa/Lagos] Loaded 1 sections for class 1
[09-Mar-2026 11:11:31 Africa/Lagos] Processing AJAX request: get_sections
[09-Mar-2026 11:11:31 Africa/Lagos] Retrieved 1 sections for class ID: 1
[09-Mar-2026 11:11:34 Africa/Lagos] === ADD STUDENT PAGE START ===
[09-Mar-2026 11:11:34 Africa/Lagos] Request URI: /tenant/bitflux-wallet-1771434696/admin/add-new-student.php?ajax=get_sections&class_id=2
[09-Mar-2026 11:11:34 Africa/Lagos] Script: /home/academixsuite/public_html/tenant/{school-slug}/admin/add-new-student.php
[09-Mar-2026 11:11:34 Africa/Lagos] Request Method: GET
[09-Mar-2026 11:11:34 Africa/Lagos] Session ID: 2ca477592c1608a4e85e00256a47a3ab
[09-Mar-2026 11:11:34 Africa/Lagos] School Slug: bitflux-wallet-1771434696
[09-Mar-2026 11:11:34 Africa/Lagos] User Type: admin
[09-Mar-2026 11:11:34 Africa/Lagos] Current Page: add-new-student.php
[09-Mar-2026 11:11:34 Africa/Lagos] School ID: 6
[09-Mar-2026 11:11:34 Africa/Lagos] School Name: bitflux wallet
[09-Mar-2026 11:11:34 Africa/Lagos] Authenticated User ID: 1
[09-Mar-2026 11:11:34 Africa/Lagos] Authenticated User Type: admin
[09-Mar-2026 11:11:34 Africa/Lagos] Loading autoload from: /home/academixsuite/public_html/tenant/{school-slug}/admin/../../../includes/autoload.php
[09-Mar-2026 11:11:34 Africa/Lagos] Autoload loaded successfully
[09-Mar-2026 11:11:34 Africa/Lagos] Database class found
[09-Mar-2026 11:11:34 Africa/Lagos] Loading StudentManager from: /home/academixsuite/public_html/tenant/{school-slug}/admin/../../../includes/StudentManager.php
[09-Mar-2026 11:11:34 Africa/Lagos] StudentManager loaded successfully
[09-Mar-2026 11:11:34 Africa/Lagos] Attempting to connect to database: school_6
[09-Mar-2026 11:11:34 Africa/Lagos] School database connection successful for: school_6
[09-Mar-2026 11:11:34 Africa/Lagos] Database connection PDO object: PDO
[09-Mar-2026 11:11:34 Africa/Lagos] Initializing StudentManager with parameters:
[09-Mar-2026 11:11:34 Africa/Lagos] - School ID: 6
[09-Mar-2026 11:11:34 Africa/Lagos] - User ID: 1
[09-Mar-2026 11:11:34 Africa/Lagos] - User Type: admin
[09-Mar-2026 11:11:34 Africa/Lagos] StudentManager initialized for school ID: 6
[09-Mar-2026 11:11:34 Africa/Lagos] StudentManager initialized successfully
[09-Mar-2026 11:11:34 Africa/Lagos] Starting data fetch from database
[09-Mar-2026 11:11:34 Africa/Lagos] Loaded 21 settings records
[09-Mar-2026 11:11:34 Africa/Lagos] Loaded user data for ID: 1
[09-Mar-2026 11:11:34 Africa/Lagos] Loaded 1 academic years
[09-Mar-2026 11:11:34 Africa/Lagos] Loaded 16 classes
[09-Mar-2026 11:11:34 Africa/Lagos] Retrieved 1 sections for class ID: 2
[09-Mar-2026 11:11:34 Africa/Lagos] Loaded 1 sections for class 2
[09-Mar-2026 11:11:34 Africa/Lagos] Processing AJAX request: get_sections
[09-Mar-2026 11:11:34 Africa/Lagos] Retrieved 1 sections for class ID: 2
[09-Mar-2026 11:14:57 Africa/Lagos] === ADD STUDENT PAGE START ===
[09-Mar-2026 11:14:57 Africa/Lagos] Request URI: /tenant/bitflux-wallet-1771434696/admin/add-new-student.php
[09-Mar-2026 11:14:57 Africa/Lagos] Script: /home/academixsuite/public_html/tenant/{school-slug}/admin/add-new-student.php
[09-Mar-2026 11:14:57 Africa/Lagos] Request Method: POST
[09-Mar-2026 11:14:57 Africa/Lagos] Session ID: 2ca477592c1608a4e85e00256a47a3ab
[09-Mar-2026 11:14:57 Africa/Lagos] School Slug: bitflux-wallet-1771434696
[09-Mar-2026 11:14:57 Africa/Lagos] User Type: admin
[09-Mar-2026 11:14:57 Africa/Lagos] Current Page: add-new-student.php
[09-Mar-2026 11:14:57 Africa/Lagos] School ID: 6
[09-Mar-2026 11:14:57 Africa/Lagos] School Name: bitflux wallet
[09-Mar-2026 11:14:57 Africa/Lagos] Authenticated User ID: 1
[09-Mar-2026 11:14:57 Africa/Lagos] Authenticated User Type: admin
[09-Mar-2026 11:14:57 Africa/Lagos] Loading autoload from: /home/academixsuite/public_html/tenant/{school-slug}/admin/../../../includes/autoload.php
[09-Mar-2026 11:14:57 Africa/Lagos] Autoload loaded successfully
[09-Mar-2026 11:14:57 Africa/Lagos] Database class found
[09-Mar-2026 11:14:57 Africa/Lagos] Loading StudentManager from: /home/academixsuite/public_html/tenant/{school-slug}/admin/../../../includes/StudentManager.php
[09-Mar-2026 11:14:57 Africa/Lagos] StudentManager loaded successfully
[09-Mar-2026 11:14:57 Africa/Lagos] Attempting to connect to database: school_6
[09-Mar-2026 11:14:57 Africa/Lagos] School database connection successful for: school_6
[09-Mar-2026 11:14:57 Africa/Lagos] Database connection PDO object: PDO
[09-Mar-2026 11:14:57 Africa/Lagos] Initializing StudentManager with parameters:
[09-Mar-2026 11:14:57 Africa/Lagos] - School ID: 6
[09-Mar-2026 11:14:57 Africa/Lagos] - User ID: 1
[09-Mar-2026 11:14:57 Africa/Lagos] - User Type: admin
[09-Mar-2026 11:14:57 Africa/Lagos] StudentManager initialized for school ID: 6
[09-Mar-2026 11:14:57 Africa/Lagos] StudentManager initialized successfully
[09-Mar-2026 11:14:57 Africa/Lagos] POST data received. Fields: csrf_token, academic_year, class, section, roll_number, admission_date, first_name, middle_name, last_name, gender, date_of_birth, student_phone, student_email, existing_parent_id, guardian_name, guardian_relation, guardian_phone, guardian_email, guardian_address, blood_group, allergies, medical_conditions, current_address, permanent_address, previous_school, previous_class, transfer_certificate_no
[09-Mar-2026 11:14:57 Africa/Lagos] Starting data fetch from database
[09-Mar-2026 11:14:57 Africa/Lagos] Loaded 21 settings records
[09-Mar-2026 11:14:57 Africa/Lagos] Loaded user data for ID: 1
[09-Mar-2026 11:14:57 Africa/Lagos] Loaded 1 academic years
[09-Mar-2026 11:14:57 Africa/Lagos] Loaded 16 classes
[09-Mar-2026 11:14:57 Africa/Lagos] === POST REQUEST DETECTED ===
[09-Mar-2026 11:14:57 Africa/Lagos] POST data keys: csrf_token, academic_year, class, section, roll_number, admission_date, first_name, middle_name, last_name, gender, date_of_birth, student_phone, student_email, existing_parent_id, guardian_name, guardian_relation, guardian_phone, guardian_email, guardian_address, blood_group, allergies, medical_conditions, current_address, permanent_address, previous_school, previous_class, transfer_certificate_no
[09-Mar-2026 11:14:57 Africa/Lagos] === PROCESSING FORM SUBMISSION ===
[09-Mar-2026 11:14:57 Africa/Lagos] Form submission detected via field presence
[09-Mar-2026 11:14:57 Africa/Lagos] CSRF validation PASSED
[09-Mar-2026 11:14:57 Africa/Lagos] Student data prepared for insertion:
[09-Mar-2026 11:14:57 Africa/Lagos] - Name: Allen Faith
[09-Mar-2026 11:14:57 Africa/Lagos] Validation PASSED - all required fields present
[09-Mar-2026 11:14:57 Africa/Lagos] Calling StudentManager->addStudent()
[09-Mar-2026 11:14:57 Africa/Lagos] === ADD STUDENT START ===
[09-Mar-2026 11:14:57 Africa/Lagos] School ID: 6
[09-Mar-2026 11:14:57 Africa/Lagos] User ID: 1
[09-Mar-2026 11:14:57 Africa/Lagos] Data received: ["academic_year_id","class_id","section_id","roll_number","admission_date","first_name","middle_name","last_name","gender","date_of_birth","student_email","student_phone","guardian_name","guardian_email","guardian_phone","guardian_relation","guardian_address","existing_parent_id","blood_group","allergies","medical_conditions","doctor_name","doctor_phone","current_address","permanent_address","previous_school","previous_class","transfer_certificate_no"]
[09-Mar-2026 11:14:57 Africa/Lagos] Transaction started
[09-Mar-2026 11:14:57 Africa/Lagos] Validation passed
[09-Mar-2026 11:14:57 Africa/Lagos] Generating admission number for academic year ID: 1
[09-Mar-2026 11:14:57 Africa/Lagos] Using academic year: 2025-2026 (Year: 2025)
[09-Mar-2026 11:14:57 Africa/Lagos] Generated admission number: BIT-2025-0004
[09-Mar-2026 11:14:57 Africa/Lagos] Generated admission number: BIT-2025-0004
[09-Mar-2026 11:14:57 Africa/Lagos] Generated random password of length: 8
[09-Mar-2026 11:14:57 Africa/Lagos] Student password generated (hashed)
[09-Mar-2026 11:14:57 Africa/Lagos] Creating student user account:
[09-Mar-2026 11:14:57 Africa/Lagos] - Full name: Allen Firi Faith
[09-Mar-2026 11:14:57 Africa/Lagos] - Email: amina2006@gmail.com
[09-Mar-2026 11:14:57 Africa/Lagos] - Username: amina2006
[09-Mar-2026 11:14:57 Africa/Lagos] Student user created with ID: 14
[09-Mar-2026 11:14:57 Africa/Lagos] Student role assigned to user ID: 14
[09-Mar-2026 11:14:57 Africa/Lagos] Getting default campus ID for school: 6
[09-Mar-2026 11:14:57 Africa/Lagos] Campuses table does not exist, returning null
[09-Mar-2026 11:14:57 Africa/Lagos] Campus ID: null
[09-Mar-2026 11:14:57 Africa/Lagos] Inserting student record...
[09-Mar-2026 11:14:57 Africa/Lagos] Student insert params prepared: [6,null,"14","BIT-2025-0004","2",2,2,"2026-03-09","Allen","Firi","Faith","2006-06-23"]...
[09-Mar-2026 11:14:57 Africa/Lagos] === STUDENT RECORD CREATED SUCCESSFULLY ===
[09-Mar-2026 11:14:57 Africa/Lagos] Student ID: 4
[09-Mar-2026 11:14:57 Africa/Lagos] Admission Number: BIT-2025-0004
[09-Mar-2026 11:14:57 Africa/Lagos] Creating new parent from guardian data
[09-Mar-2026 11:14:57 Africa/Lagos] === FIND OR CREATE PARENT ===
[09-Mar-2026 11:14:57 Africa/Lagos] Parent data: {"name":"Allen Ateli","email":"aminfather@gmail.com","phone":"07061052211","address":"chokocho\r\netche"}
[09-Mar-2026 11:14:57 Africa/Lagos] No existing parent found, creating new parent
[09-Mar-2026 11:14:57 Africa/Lagos] Generated random password of length: 8
[09-Mar-2026 11:14:58 Africa/Lagos] Generated parent password (hashed)
[09-Mar-2026 11:14:58 Africa/Lagos] Created new parent with ID: 15
[09-Mar-2026 11:14:58 Africa/Lagos] Assigned parent role to user ID: 15
[09-Mar-2026 11:14:58 Africa/Lagos] Stored temporary password for parent ID: 15
[09-Mar-2026 11:14:58 Africa/Lagos] Parent user ID from findOrCreate: 15
[09-Mar-2026 11:14:58 Africa/Lagos] Creating guardian relationship - Parent: 15, Student: 4, Relationship: father
[09-Mar-2026 11:14:58 Africa/Lagos] Guardian relationship created successfully
[09-Mar-2026 11:14:58 Africa/Lagos] Stored temporary password for student ID: 14
[09-Mar-2026 11:14:58 Africa/Lagos] Creating audit log entry
[09-Mar-2026 11:14:58 Africa/Lagos] Audit log created successfully
[09-Mar-2026 11:14:58 Africa/Lagos] Transaction committed successfully
[09-Mar-2026 11:14:58 Africa/Lagos] Attempting to send login emails
[09-Mar-2026 11:14:58 Africa/Lagos] === SENDING LOGIN EMAILS ===
[09-Mar-2026 11:14:58 Africa/Lagos] Sending email to student: amina2006@gmail.com
[09-Mar-2026 11:14:58 Africa/Lagos] Attempting to send email to: amina2006@gmail.com
[09-Mar-2026 11:14:58 Africa/Lagos] Email sent successfully via mail() function
[09-Mar-2026 11:14:58 Africa/Lagos] Student email sent successfully
[09-Mar-2026 11:14:58 Africa/Lagos] Sending email to parent: aminfather@gmail.com
[09-Mar-2026 11:14:58 Africa/Lagos] Attempting to send email to: aminfather@gmail.com
[09-Mar-2026 11:14:58 Africa/Lagos] Email sent successfully via mail() function
[09-Mar-2026 11:14:58 Africa/Lagos] Parent email sent successfully
[09-Mar-2026 11:14:58 Africa/Lagos] Email sending completed with 0 errors
[09-Mar-2026 11:14:58 Africa/Lagos] === ADD STUDENT COMPLETED SUCCESSFULLY ===
[09-Mar-2026 11:14:58 Africa/Lagos] Return message: Student added successfully! Admission Number: BIT-2025-0004
[09-Mar-2026 11:14:58 Africa/Lagos] StudentManager->addStudent() completed in 594.48ms
[09-Mar-2026 11:14:58 Africa/Lagos] === STUDENT ADDED SUCCESSFULLY ===
[09-Mar-2026 11:14:58 Africa/Lagos] Student ID: 4
[09-Mar-2026 11:14:58 Africa/Lagos] Message: Student added successfully! Admission Number: BIT-2025-0004
[09-Mar-2026 11:14:58 Africa/Lagos] Redirecting after form processing
[09-Mar-2026 11:15:01 Africa/Lagos] === ADD STUDENT PAGE START ===
[09-Mar-2026 11:15:01 Africa/Lagos] Request URI: /tenant/bitflux-wallet-1771434696/admin/add-new-student.php
[09-Mar-2026 11:15:01 Africa/Lagos] Script: /home/academixsuite/public_html/tenant/{school-slug}/admin/add-new-student.php
[09-Mar-2026 11:15:01 Africa/Lagos] Request Method: GET
[09-Mar-2026 11:15:01 Africa/Lagos] Session ID: 2ca477592c1608a4e85e00256a47a3ab
[09-Mar-2026 11:15:01 Africa/Lagos] School Slug: bitflux-wallet-1771434696
[09-Mar-2026 11:15:01 Africa/Lagos] User Type: admin
[09-Mar-2026 11:15:01 Africa/Lagos] Current Page: add-new-student.php
[09-Mar-2026 11:15:01 Africa/Lagos] School ID: 6
[09-Mar-2026 11:15:01 Africa/Lagos] School Name: bitflux wallet
[09-Mar-2026 11:15:01 Africa/Lagos] Authenticated User ID: 1
[09-Mar-2026 11:15:01 Africa/Lagos] Authenticated User Type: admin
[09-Mar-2026 11:15:01 Africa/Lagos] Loading autoload from: /home/academixsuite/public_html/tenant/{school-slug}/admin/../../../includes/autoload.php
[09-Mar-2026 11:15:01 Africa/Lagos] Autoload loaded successfully
[09-Mar-2026 11:15:01 Africa/Lagos] Database class found
[09-Mar-2026 11:15:01 Africa/Lagos] Loading StudentManager from: /home/academixsuite/public_html/tenant/{school-slug}/admin/../../../includes/StudentManager.php
[09-Mar-2026 11:15:01 Africa/Lagos] StudentManager loaded successfully
[09-Mar-2026 11:15:01 Africa/Lagos] Attempting to connect to database: school_6
[09-Mar-2026 11:15:01 Africa/Lagos] School database connection successful for: school_6
[09-Mar-2026 11:15:01 Africa/Lagos] Database connection PDO object: PDO
[09-Mar-2026 11:15:01 Africa/Lagos] Initializing StudentManager with parameters:
[09-Mar-2026 11:15:01 Africa/Lagos] - School ID: 6
[09-Mar-2026 11:15:01 Africa/Lagos] - User ID: 1
[09-Mar-2026 11:15:01 Africa/Lagos] - User Type: admin
[09-Mar-2026 11:15:01 Africa/Lagos] StudentManager initialized for school ID: 6
[09-Mar-2026 11:15:01 Africa/Lagos] StudentManager initialized successfully
[09-Mar-2026 11:15:01 Africa/Lagos] Starting data fetch from database
[09-Mar-2026 11:15:01 Africa/Lagos] Loaded 21 settings records
[09-Mar-2026 11:15:01 Africa/Lagos] Loaded user data for ID: 1
[09-Mar-2026 11:15:01 Africa/Lagos] Loaded 1 academic years
[09-Mar-2026 11:15:01 Africa/Lagos] Loaded 16 classes
[09-Mar-2026 11:15:01 Africa/Lagos] === ADD STUDENT PAGE END ===
[09-Mar-2026 11:15:01 Africa/Lagos] Page loaded with 16 classes, 1 academic years
[09-Mar-2026 11:15:01 Africa/Lagos] ROUTER END: Successfully served /home/academixsuite/public_html/tenant/{school-slug}/admin/add-new-student.php
[09-Mar-2026 11:48:29 Africa/Lagos] === ADD STUDENT PAGE START ===
[09-Mar-2026 11:48:29 Africa/Lagos] Request URI: /tenant/bitflux-wallet-1771434696/admin/add-new-student.php
[09-Mar-2026 11:48:29 Africa/Lagos] Script: /home/academixsuite/public_html/tenant/{school-slug}/admin/add-new-student.php
[09-Mar-2026 11:48:29 Africa/Lagos] Request Method: GET
[09-Mar-2026 11:48:29 Africa/Lagos] Session ID: a5eae637926509b8d330609588583a6a
[09-Mar-2026 11:48:29 Africa/Lagos] School Slug: bitflux-wallet-1771434696
[09-Mar-2026 11:48:29 Africa/Lagos] User Type: admin
[09-Mar-2026 11:48:29 Africa/Lagos] Current Page: add-new-student.php
[09-Mar-2026 11:48:29 Africa/Lagos] School ID: 6
[09-Mar-2026 11:48:29 Africa/Lagos] School Name: bitflux wallet
[09-Mar-2026 11:48:29 Africa/Lagos] Authenticated User ID: 1
[09-Mar-2026 11:48:29 Africa/Lagos] Authenticated User Type: admin
[09-Mar-2026 11:48:29 Africa/Lagos] Loading autoload from: /home/academixsuite/public_html/tenant/{school-slug}/admin/../../../includes/autoload.php
[09-Mar-2026 11:48:29 Africa/Lagos] Autoload loaded successfully
[09-Mar-2026 11:48:29 Africa/Lagos] Database class found
[09-Mar-2026 11:48:29 Africa/Lagos] Loading StudentManager from: /home/academixsuite/public_html/tenant/{school-slug}/admin/../../../includes/StudentManager.php
[09-Mar-2026 11:48:29 Africa/Lagos] StudentManager loaded successfully
[09-Mar-2026 11:48:29 Africa/Lagos] Attempting to connect to database: school_6
[09-Mar-2026 11:48:29 Africa/Lagos] School database connection successful for: school_6
[09-Mar-2026 11:48:29 Africa/Lagos] Database connection PDO object: PDO
[09-Mar-2026 11:48:29 Africa/Lagos] Initializing StudentManager with parameters:
[09-Mar-2026 11:48:29 Africa/Lagos] - School ID: 6
[09-Mar-2026 11:48:29 Africa/Lagos] - User ID: 1
[09-Mar-2026 11:48:29 Africa/Lagos] - User Type: admin
[09-Mar-2026 11:48:29 Africa/Lagos] StudentManager initialized for school ID: 6
[09-Mar-2026 11:48:29 Africa/Lagos] StudentManager initialized successfully
[09-Mar-2026 11:48:29 Africa/Lagos] Starting data fetch from database
[09-Mar-2026 11:48:29 Africa/Lagos] Loaded 21 settings records
[09-Mar-2026 11:48:29 Africa/Lagos] Loaded user data for ID: 1
[09-Mar-2026 11:48:29 Africa/Lagos] Loaded 1 academic years
[09-Mar-2026 11:48:29 Africa/Lagos] Loaded 16 classes
[09-Mar-2026 11:48:29 Africa/Lagos] === ADD STUDENT PAGE END ===
[09-Mar-2026 11:48:29 Africa/Lagos] Page loaded with 16 classes, 1 academic years
[09-Mar-2026 11:48:29 Africa/Lagos] ROUTER END: Successfully served /home/academixsuite/public_html/tenant/{school-slug}/admin/add-new-student.php
[09-Mar-2026 11:50:00 Africa/Lagos] === ADD STUDENT PAGE START ===
[09-Mar-2026 11:50:00 Africa/Lagos] Request URI: /tenant/bitflux-wallet-1771434696/admin/add-new-student.php
[09-Mar-2026 11:50:00 Africa/Lagos] Script: /home/academixsuite/public_html/tenant/{school-slug}/admin/add-new-student.php
[09-Mar-2026 11:50:00 Africa/Lagos] Request Method: GET
[09-Mar-2026 11:50:00 Africa/Lagos] Session ID: ee4247076f80c3e1979e3c78df303e12
[09-Mar-2026 11:50:00 Africa/Lagos] School Slug: bitflux-wallet-1771434696
[09-Mar-2026 11:50:00 Africa/Lagos] User Type: admin
[09-Mar-2026 11:50:00 Africa/Lagos] Current Page: add-new-student.php
[09-Mar-2026 11:50:00 Africa/Lagos] School ID: 6
[09-Mar-2026 11:50:00 Africa/Lagos] School Name: bitflux wallet
[09-Mar-2026 11:50:00 Africa/Lagos] Authenticated User ID: 1
[09-Mar-2026 11:50:00 Africa/Lagos] Authenticated User Type: admin
[09-Mar-2026 11:50:00 Africa/Lagos] Loading autoload from: /home/academixsuite/public_html/tenant/{school-slug}/admin/../../../includes/autoload.php
[09-Mar-2026 11:50:00 Africa/Lagos] Autoload loaded successfully
[09-Mar-2026 11:50:00 Africa/Lagos] Database class found
[09-Mar-2026 11:50:00 Africa/Lagos] Loading StudentManager from: /home/academixsuite/public_html/tenant/{school-slug}/admin/../../../includes/StudentManager.php
[09-Mar-2026 11:50:00 Africa/Lagos] StudentManager loaded successfully
[09-Mar-2026 11:50:00 Africa/Lagos] Attempting to connect to database: school_6
[09-Mar-2026 11:50:00 Africa/Lagos] School database connection successful for: school_6
[09-Mar-2026 11:50:00 Africa/Lagos] Database connection PDO object: PDO
[09-Mar-2026 11:50:00 Africa/Lagos] Initializing StudentManager with parameters:
[09-Mar-2026 11:50:00 Africa/Lagos] - School ID: 6
[09-Mar-2026 11:50:00 Africa/Lagos] - User ID: 1
[09-Mar-2026 11:50:00 Africa/Lagos] - User Type: admin
[09-Mar-2026 11:50:00 Africa/Lagos] StudentManager initialized for school ID: 6
[09-Mar-2026 11:50:00 Africa/Lagos] StudentManager initialized successfully
[09-Mar-2026 11:50:00 Africa/Lagos] Starting data fetch from database
[09-Mar-2026 11:50:00 Africa/Lagos] Loaded 21 settings records
[09-Mar-2026 11:50:00 Africa/Lagos] Loaded user data for ID: 1
[09-Mar-2026 11:50:00 Africa/Lagos] Loaded 1 academic years
[09-Mar-2026 11:50:00 Africa/Lagos] Loaded 16 classes
[09-Mar-2026 11:50:00 Africa/Lagos] === ADD STUDENT PAGE END ===
[09-Mar-2026 11:50:00 Africa/Lagos] Page loaded with 16 classes, 1 academic years
[09-Mar-2026 11:50:00 Africa/Lagos] ROUTER END: Successfully served /home/academixsuite/public_html/tenant/{school-slug}/admin/add-new-student.php
[09-Mar-2026 12:17:11 Africa/Lagos] === ADD STUDENT PAGE START ===
[09-Mar-2026 12:17:11 Africa/Lagos] Request URI: /tenant/bitflux-wallet-1771434696/admin/add-new-student.php
[09-Mar-2026 12:17:11 Africa/Lagos] Script: /home/academixsuite/public_html/tenant/{school-slug}/admin/add-new-student.php
[09-Mar-2026 12:17:11 Africa/Lagos] Request Method: GET
[09-Mar-2026 12:17:11 Africa/Lagos] Session ID: ee4247076f80c3e1979e3c78df303e12
[09-Mar-2026 12:17:11 Africa/Lagos] School Slug: bitflux-wallet-1771434696
[09-Mar-2026 12:17:11 Africa/Lagos] User Type: admin
[09-Mar-2026 12:17:11 Africa/Lagos] Current Page: add-new-student.php
[09-Mar-2026 12:17:11 Africa/Lagos] School ID: 6
[09-Mar-2026 12:17:11 Africa/Lagos] School Name: bitflux wallet
[09-Mar-2026 12:17:11 Africa/Lagos] Authenticated User ID: 1
[09-Mar-2026 12:17:11 Africa/Lagos] Authenticated User Type: admin
[09-Mar-2026 12:17:11 Africa/Lagos] Loading autoload from: /home/academixsuite/public_html/tenant/{school-slug}/admin/../../../includes/autoload.php
[09-Mar-2026 12:17:11 Africa/Lagos] Autoload loaded successfully
[09-Mar-2026 12:17:11 Africa/Lagos] Database class found
[09-Mar-2026 12:17:11 Africa/Lagos] Loading StudentManager from: /home/academixsuite/public_html/tenant/{school-slug}/admin/../../../includes/StudentManager.php
[09-Mar-2026 12:17:11 Africa/Lagos] StudentManager loaded successfully
[09-Mar-2026 12:17:11 Africa/Lagos] Attempting to connect to database: school_6
[09-Mar-2026 12:17:11 Africa/Lagos] School database connection successful for: school_6
[09-Mar-2026 12:17:11 Africa/Lagos] Database connection PDO object: PDO
[09-Mar-2026 12:17:11 Africa/Lagos] Initializing StudentManager with parameters:
[09-Mar-2026 12:17:11 Africa/Lagos] - School ID: 6
[09-Mar-2026 12:17:11 Africa/Lagos] - User ID: 1
[09-Mar-2026 12:17:11 Africa/Lagos] - User Type: admin
[09-Mar-2026 12:17:11 Africa/Lagos] StudentManager initialized for school ID: 6
[09-Mar-2026 12:17:11 Africa/Lagos] StudentManager initialized successfully
[09-Mar-2026 12:17:11 Africa/Lagos] Starting data fetch from database
[09-Mar-2026 12:17:11 Africa/Lagos] Loaded 21 settings records
[09-Mar-2026 12:17:11 Africa/Lagos] Loaded user data for ID: 1
[09-Mar-2026 12:17:11 Africa/Lagos] Loaded 1 academic years
[09-Mar-2026 12:17:11 Africa/Lagos] Loaded 16 classes
[09-Mar-2026 12:17:11 Africa/Lagos] === ADD STUDENT PAGE END ===
[09-Mar-2026 12:17:11 Africa/Lagos] Page loaded with 16 classes, 1 academic years
[09-Mar-2026 12:17:11 Africa/Lagos] ROUTER END: Successfully served /home/academixsuite/public_html/tenant/{school-slug}/admin/add-new-student.php
[09-Mar-2026 12:17:34 Africa/Lagos] === ADD STUDENT PAGE START ===
[09-Mar-2026 12:17:34 Africa/Lagos] Request URI: /tenant/bitflux-wallet-1771434696/admin/add-new-student.php
[09-Mar-2026 12:17:34 Africa/Lagos] Script: /home/academixsuite/public_html/tenant/{school-slug}/admin/add-new-student.php
[09-Mar-2026 12:17:34 Africa/Lagos] Request Method: GET
[09-Mar-2026 12:17:34 Africa/Lagos] Session ID: a5eae637926509b8d330609588583a6a
[09-Mar-2026 12:17:34 Africa/Lagos] School Slug: bitflux-wallet-1771434696
[09-Mar-2026 12:17:34 Africa/Lagos] User Type: admin
[09-Mar-2026 12:17:34 Africa/Lagos] Current Page: add-new-student.php
[09-Mar-2026 12:17:34 Africa/Lagos] School ID: 6
[09-Mar-2026 12:17:34 Africa/Lagos] School Name: bitflux wallet
[09-Mar-2026 12:17:34 Africa/Lagos] Authenticated User ID: 1
[09-Mar-2026 12:17:34 Africa/Lagos] Authenticated User Type: admin
[09-Mar-2026 12:17:34 Africa/Lagos] Loading autoload from: /home/academixsuite/public_html/tenant/{school-slug}/admin/../../../includes/autoload.php
[09-Mar-2026 12:17:34 Africa/Lagos] Autoload loaded successfully
[09-Mar-2026 12:17:34 Africa/Lagos] Database class found
[09-Mar-2026 12:17:34 Africa/Lagos] Loading StudentManager from: /home/academixsuite/public_html/tenant/{school-slug}/admin/../../../includes/StudentManager.php
[09-Mar-2026 12:17:34 Africa/Lagos] StudentManager loaded successfully
[09-Mar-2026 12:17:34 Africa/Lagos] Attempting to connect to database: school_6
[09-Mar-2026 12:17:34 Africa/Lagos] School database connection successful for: school_6
[09-Mar-2026 12:17:34 Africa/Lagos] Database connection PDO object: PDO
[09-Mar-2026 12:17:34 Africa/Lagos] Initializing StudentManager with parameters:
[09-Mar-2026 12:17:34 Africa/Lagos] - School ID: 6
[09-Mar-2026 12:17:34 Africa/Lagos] - User ID: 1
[09-Mar-2026 12:17:34 Africa/Lagos] - User Type: admin
[09-Mar-2026 12:17:34 Africa/Lagos] StudentManager initialized for school ID: 6
[09-Mar-2026 12:17:34 Africa/Lagos] StudentManager initialized successfully
[09-Mar-2026 12:17:34 Africa/Lagos] Starting data fetch from database
[09-Mar-2026 12:17:34 Africa/Lagos] Loaded 21 settings records
[09-Mar-2026 12:17:34 Africa/Lagos] Loaded user data for ID: 1
[09-Mar-2026 12:17:34 Africa/Lagos] Loaded 1 academic years
[09-Mar-2026 12:17:34 Africa/Lagos] Loaded 16 classes
[09-Mar-2026 12:17:34 Africa/Lagos] === ADD STUDENT PAGE END ===
[09-Mar-2026 12:17:34 Africa/Lagos] Page loaded with 16 classes, 1 academic years
[09-Mar-2026 12:17:34 Africa/Lagos] ROUTER END: Successfully served /home/academixsuite/public_html/tenant/{school-slug}/admin/add-new-student.php
[09-Mar-2026 12:18:17 Africa/Lagos] === ADD STUDENT PAGE START ===
[09-Mar-2026 12:18:17 Africa/Lagos] Request URI: /tenant/bitflux-wallet-1771434696/admin/add-new-student.php
[09-Mar-2026 12:18:17 Africa/Lagos] Script: /home/academixsuite/public_html/tenant/{school-slug}/admin/add-new-student.php
[09-Mar-2026 12:18:17 Africa/Lagos] Request Method: GET
[09-Mar-2026 12:18:17 Africa/Lagos] Session ID: a5eae637926509b8d330609588583a6a
[09-Mar-2026 12:18:17 Africa/Lagos] School Slug: bitflux-wallet-1771434696
[09-Mar-2026 12:18:17 Africa/Lagos] User Type: admin
[09-Mar-2026 12:18:17 Africa/Lagos] Current Page: add-new-student.php
[09-Mar-2026 12:18:17 Africa/Lagos] School ID: 6
[09-Mar-2026 12:18:17 Africa/Lagos] School Name: bitflux wallet
[09-Mar-2026 12:18:17 Africa/Lagos] Authenticated User ID: 1
[09-Mar-2026 12:18:17 Africa/Lagos] Authenticated User Type: admin
[09-Mar-2026 12:18:17 Africa/Lagos] Loading autoload from: /home/academixsuite/public_html/tenant/{school-slug}/admin/../../../includes/autoload.php
[09-Mar-2026 12:18:17 Africa/Lagos] Autoload loaded successfully
[09-Mar-2026 12:18:17 Africa/Lagos] Database class found
[09-Mar-2026 12:18:17 Africa/Lagos] Loading StudentManager from: /home/academixsuite/public_html/tenant/{school-slug}/admin/../../../includes/StudentManager.php
[09-Mar-2026 12:18:17 Africa/Lagos] StudentManager loaded successfully
[09-Mar-2026 12:18:17 Africa/Lagos] Attempting to connect to database: school_6
[09-Mar-2026 12:18:17 Africa/Lagos] School database connection successful for: school_6
[09-Mar-2026 12:18:17 Africa/Lagos] Database connection PDO object: PDO
[09-Mar-2026 12:18:17 Africa/Lagos] Initializing StudentManager with parameters:
[09-Mar-2026 12:18:17 Africa/Lagos] - School ID: 6
[09-Mar-2026 12:18:17 Africa/Lagos] - User ID: 1
[09-Mar-2026 12:18:17 Africa/Lagos] - User Type: admin
[09-Mar-2026 12:18:17 Africa/Lagos] StudentManager initialized for school ID: 6
[09-Mar-2026 12:18:17 Africa/Lagos] StudentManager initialized successfully
[09-Mar-2026 12:18:17 Africa/Lagos] Starting data fetch from database
[09-Mar-2026 12:18:17 Africa/Lagos] Loaded 21 settings records
[09-Mar-2026 12:18:17 Africa/Lagos] Loaded user data for ID: 1
[09-Mar-2026 12:18:17 Africa/Lagos] Loaded 1 academic years
[09-Mar-2026 12:18:17 Africa/Lagos] Loaded 16 classes
[09-Mar-2026 12:18:17 Africa/Lagos] === ADD STUDENT PAGE END ===
[09-Mar-2026 12:18:17 Africa/Lagos] Page loaded with 16 classes, 1 academic years
[09-Mar-2026 12:18:17 Africa/Lagos] ROUTER END: Successfully served /home/academixsuite/public_html/tenant/{school-slug}/admin/add-new-student.php
[09-Mar-2026 12:18:57 Africa/Lagos] === ADD STUDENT PAGE START ===
[09-Mar-2026 12:18:57 Africa/Lagos] Request URI: /tenant/bitflux-wallet-1771434696/admin/add-new-student.php
[09-Mar-2026 12:18:57 Africa/Lagos] Script: /home/academixsuite/public_html/tenant/{school-slug}/admin/add-new-student.php
[09-Mar-2026 12:18:57 Africa/Lagos] Request Method: GET
[09-Mar-2026 12:18:57 Africa/Lagos] Session ID: a5eae637926509b8d330609588583a6a
[09-Mar-2026 12:18:57 Africa/Lagos] School Slug: bitflux-wallet-1771434696
[09-Mar-2026 12:18:57 Africa/Lagos] User Type: admin
[09-Mar-2026 12:18:57 Africa/Lagos] Current Page: add-new-student.php
[09-Mar-2026 12:18:57 Africa/Lagos] School ID: 6
[09-Mar-2026 12:18:57 Africa/Lagos] School Name: bitflux wallet
[09-Mar-2026 12:18:57 Africa/Lagos] Authenticated User ID: 1
[09-Mar-2026 12:18:57 Africa/Lagos] Authenticated User Type: admin
[09-Mar-2026 12:18:57 Africa/Lagos] Loading autoload from: /home/academixsuite/public_html/tenant/{school-slug}/admin/../../../includes/autoload.php
[09-Mar-2026 12:18:57 Africa/Lagos] Autoload loaded successfully
[09-Mar-2026 12:18:57 Africa/Lagos] Database class found
[09-Mar-2026 12:18:57 Africa/Lagos] Loading StudentManager from: /home/academixsuite/public_html/tenant/{school-slug}/admin/../../../includes/StudentManager.php
[09-Mar-2026 12:18:57 Africa/Lagos] StudentManager loaded successfully
[09-Mar-2026 12:18:57 Africa/Lagos] Attempting to connect to database: school_6
[09-Mar-2026 12:18:57 Africa/Lagos] School database connection successful for: school_6
[09-Mar-2026 12:18:57 Africa/Lagos] Database connection PDO object: PDO
[09-Mar-2026 12:18:57 Africa/Lagos] Initializing StudentManager with parameters:
[09-Mar-2026 12:18:57 Africa/Lagos] - School ID: 6
[09-Mar-2026 12:18:57 Africa/Lagos] - User ID: 1
[09-Mar-2026 12:18:57 Africa/Lagos] - User Type: admin
[09-Mar-2026 12:18:57 Africa/Lagos] StudentManager initialized for school ID: 6
[09-Mar-2026 12:18:57 Africa/Lagos] StudentManager initialized successfully
[09-Mar-2026 12:18:57 Africa/Lagos] Starting data fetch from database
[09-Mar-2026 12:18:57 Africa/Lagos] Loaded 21 settings records
[09-Mar-2026 12:18:57 Africa/Lagos] Loaded user data for ID: 1
[09-Mar-2026 12:18:57 Africa/Lagos] Loaded 1 academic years
[09-Mar-2026 12:18:57 Africa/Lagos] Loaded 16 classes
[09-Mar-2026 12:18:57 Africa/Lagos] === ADD STUDENT PAGE END ===
[09-Mar-2026 12:18:57 Africa/Lagos] Page loaded with 16 classes, 1 academic years
[09-Mar-2026 12:18:57 Africa/Lagos] ROUTER END: Successfully served /home/academixsuite/public_html/tenant/{school-slug}/admin/add-new-student.php
[09-Mar-2026 12:19:58 Africa/Lagos] === ADD STUDENT PAGE START ===
[09-Mar-2026 12:19:58 Africa/Lagos] Request URI: /tenant/bitflux-wallet-1771434696/admin/add-new-student.php
[09-Mar-2026 12:19:58 Africa/Lagos] Script: /home/academixsuite/public_html/tenant/{school-slug}/admin/add-new-student.php
[09-Mar-2026 12:19:58 Africa/Lagos] Request Method: GET
[09-Mar-2026 12:19:58 Africa/Lagos] Session ID: ee4247076f80c3e1979e3c78df303e12
[09-Mar-2026 12:19:58 Africa/Lagos] School Slug: bitflux-wallet-1771434696
[09-Mar-2026 12:19:58 Africa/Lagos] User Type: admin
[09-Mar-2026 12:19:58 Africa/Lagos] Current Page: add-new-student.php
[09-Mar-2026 12:19:58 Africa/Lagos] School ID: 6
[09-Mar-2026 12:19:58 Africa/Lagos] School Name: bitflux wallet
[09-Mar-2026 12:19:58 Africa/Lagos] Authenticated User ID: 1
[09-Mar-2026 12:19:58 Africa/Lagos] Authenticated User Type: admin
[09-Mar-2026 12:19:58 Africa/Lagos] Loading autoload from: /home/academixsuite/public_html/tenant/{school-slug}/admin/../../../includes/autoload.php
[09-Mar-2026 12:19:58 Africa/Lagos] Autoload loaded successfully
[09-Mar-2026 12:19:58 Africa/Lagos] Database class found
[09-Mar-2026 12:19:58 Africa/Lagos] Loading StudentManager from: /home/academixsuite/public_html/tenant/{school-slug}/admin/../../../includes/StudentManager.php
[09-Mar-2026 12:19:58 Africa/Lagos] StudentManager loaded successfully
[09-Mar-2026 12:19:58 Africa/Lagos] Attempting to connect to database: school_6
[09-Mar-2026 12:19:58 Africa/Lagos] School database connection successful for: school_6
[09-Mar-2026 12:19:58 Africa/Lagos] Database connection PDO object: PDO
[09-Mar-2026 12:19:58 Africa/Lagos] Initializing StudentManager with parameters:
[09-Mar-2026 12:19:58 Africa/Lagos] - School ID: 6
[09-Mar-2026 12:19:58 Africa/Lagos] - User ID: 1
[09-Mar-2026 12:19:58 Africa/Lagos] - User Type: admin
[09-Mar-2026 12:19:58 Africa/Lagos] StudentManager initialized for school ID: 6
[09-Mar-2026 12:19:58 Africa/Lagos] StudentManager initialized successfully
[09-Mar-2026 12:19:58 Africa/Lagos] Starting data fetch from database
[09-Mar-2026 12:19:58 Africa/Lagos] Loaded 21 settings records
[09-Mar-2026 12:19:58 Africa/Lagos] Loaded user data for ID: 1
[09-Mar-2026 12:19:58 Africa/Lagos] Loaded 1 academic years
[09-Mar-2026 12:19:58 Africa/Lagos] Loaded 16 classes
[09-Mar-2026 12:19:58 Africa/Lagos] === ADD STUDENT PAGE END ===
[09-Mar-2026 12:19:58 Africa/Lagos] Page loaded with 16 classes, 1 academic years
[09-Mar-2026 12:19:58 Africa/Lagos] ROUTER END: Successfully served /home/academixsuite/public_html/tenant/{school-slug}/admin/add-new-student.php
[09-Mar-2026 12:27:45 Africa/Lagos] === ADD STUDENT PAGE START ===
[09-Mar-2026 12:27:45 Africa/Lagos] Request URI: /tenant/bitflux-wallet-1771434696/admin/add-new-student.php
[09-Mar-2026 12:27:45 Africa/Lagos] Script: /home/academixsuite/public_html/tenant/{school-slug}/admin/add-new-student.php
[09-Mar-2026 12:27:45 Africa/Lagos] Request Method: GET
[09-Mar-2026 12:27:45 Africa/Lagos] Session ID: 3bcc33aaa2cdc604ed3d826ab7a27aec
[09-Mar-2026 12:27:45 Africa/Lagos] School Slug: bitflux-wallet-1771434696
[09-Mar-2026 12:27:45 Africa/Lagos] User Type: admin
[09-Mar-2026 12:27:45 Africa/Lagos] Current Page: add-new-student.php
[09-Mar-2026 12:27:45 Africa/Lagos] School ID: 6
[09-Mar-2026 12:27:45 Africa/Lagos] School Name: bitflux wallet
[09-Mar-2026 12:27:45 Africa/Lagos] Authenticated User ID: 1
[09-Mar-2026 12:27:45 Africa/Lagos] Authenticated User Type: admin
[09-Mar-2026 12:27:45 Africa/Lagos] Loading autoload from: /home/academixsuite/public_html/tenant/{school-slug}/admin/../../../includes/autoload.php
[09-Mar-2026 12:27:45 Africa/Lagos] Autoload loaded successfully
[09-Mar-2026 12:27:45 Africa/Lagos] Database class found
[09-Mar-2026 12:27:45 Africa/Lagos] Loading StudentManager from: /home/academixsuite/public_html/tenant/{school-slug}/admin/../../../includes/StudentManager.php
[09-Mar-2026 12:27:45 Africa/Lagos] StudentManager loaded successfully
[09-Mar-2026 12:27:45 Africa/Lagos] Attempting to connect to database: school_6
[09-Mar-2026 12:27:45 Africa/Lagos] School database connection successful for: school_6
[09-Mar-2026 12:27:45 Africa/Lagos] Database connection PDO object: PDO
[09-Mar-2026 12:27:45 Africa/Lagos] Initializing StudentManager with parameters:
[09-Mar-2026 12:27:45 Africa/Lagos] - School ID: 6
[09-Mar-2026 12:27:45 Africa/Lagos] - User ID: 1
[09-Mar-2026 12:27:45 Africa/Lagos] - User Type: admin
[09-Mar-2026 12:27:45 Africa/Lagos] StudentManager initialized for school ID: 6
[09-Mar-2026 12:27:45 Africa/Lagos] StudentManager initialized successfully
[09-Mar-2026 12:27:45 Africa/Lagos] Starting data fetch from database
[09-Mar-2026 12:27:45 Africa/Lagos] Loaded 21 settings records
[09-Mar-2026 12:27:45 Africa/Lagos] Loaded user data for ID: 1
[09-Mar-2026 12:27:45 Africa/Lagos] Loaded 1 academic years
[09-Mar-2026 12:27:45 Africa/Lagos] Loaded 16 classes
[09-Mar-2026 12:27:45 Africa/Lagos] === ADD STUDENT PAGE END ===
[09-Mar-2026 12:27:45 Africa/Lagos] Page loaded with 16 classes, 1 academic years
[09-Mar-2026 12:27:45 Africa/Lagos] ROUTER END: Successfully served /home/academixsuite/public_html/tenant/{school-slug}/admin/add-new-student.php
[09-Mar-2026 12:27:51 Africa/Lagos] === ADD STUDENT PAGE START ===
[09-Mar-2026 12:27:51 Africa/Lagos] Request URI: /tenant/bitflux-wallet-1771434696/admin/add-new-student.php?ajax=get_sections&class_id=2
[09-Mar-2026 12:27:51 Africa/Lagos] Script: /home/academixsuite/public_html/tenant/{school-slug}/admin/add-new-student.php
[09-Mar-2026 12:27:51 Africa/Lagos] Request Method: GET
[09-Mar-2026 12:27:51 Africa/Lagos] Session ID: 3bcc33aaa2cdc604ed3d826ab7a27aec
[09-Mar-2026 12:27:51 Africa/Lagos] School Slug: bitflux-wallet-1771434696
[09-Mar-2026 12:27:51 Africa/Lagos] User Type: admin
[09-Mar-2026 12:27:51 Africa/Lagos] Current Page: add-new-student.php
[09-Mar-2026 12:27:51 Africa/Lagos] School ID: 6
[09-Mar-2026 12:27:51 Africa/Lagos] School Name: bitflux wallet
[09-Mar-2026 12:27:51 Africa/Lagos] Authenticated User ID: 1
[09-Mar-2026 12:27:51 Africa/Lagos] Authenticated User Type: admin
[09-Mar-2026 12:27:51 Africa/Lagos] Loading autoload from: /home/academixsuite/public_html/tenant/{school-slug}/admin/../../../includes/autoload.php
[09-Mar-2026 12:27:51 Africa/Lagos] Autoload loaded successfully
[09-Mar-2026 12:27:51 Africa/Lagos] Database class found
[09-Mar-2026 12:27:51 Africa/Lagos] Loading StudentManager from: /home/academixsuite/public_html/tenant/{school-slug}/admin/../../../includes/StudentManager.php
[09-Mar-2026 12:27:51 Africa/Lagos] StudentManager loaded successfully
[09-Mar-2026 12:27:51 Africa/Lagos] Attempting to connect to database: school_6
[09-Mar-2026 12:27:51 Africa/Lagos] School database connection successful for: school_6
[09-Mar-2026 12:27:51 Africa/Lagos] Database connection PDO object: PDO
[09-Mar-2026 12:27:51 Africa/Lagos] Initializing StudentManager with parameters:
[09-Mar-2026 12:27:51 Africa/Lagos] - School ID: 6
[09-Mar-2026 12:27:51 Africa/Lagos] - User ID: 1
[09-Mar-2026 12:27:51 Africa/Lagos] - User Type: admin
[09-Mar-2026 12:27:51 Africa/Lagos] StudentManager initialized for school ID: 6
[09-Mar-2026 12:27:51 Africa/Lagos] StudentManager initialized successfully
[09-Mar-2026 12:27:51 Africa/Lagos] Starting data fetch from database
[09-Mar-2026 12:27:51 Africa/Lagos] Loaded 21 settings records
[09-Mar-2026 12:27:51 Africa/Lagos] Loaded user data for ID: 1
[09-Mar-2026 12:27:51 Africa/Lagos] Loaded 1 academic years
[09-Mar-2026 12:27:51 Africa/Lagos] Loaded 16 classes
[09-Mar-2026 12:27:51 Africa/Lagos] Retrieved 1 sections for class ID: 2
[09-Mar-2026 12:27:51 Africa/Lagos] Loaded 1 sections for class 2
[09-Mar-2026 12:27:51 Africa/Lagos] Processing AJAX request: get_sections
[09-Mar-2026 12:27:51 Africa/Lagos] Retrieved 1 sections for class ID: 2
[09-Mar-2026 12:29:00 Africa/Lagos] === ADD STUDENT PAGE START ===
[09-Mar-2026 12:29:00 Africa/Lagos] Request URI: /tenant/bitflux-wallet-1771434696/admin/add-new-student.php?ajax=search_parents&term=hen
[09-Mar-2026 12:29:00 Africa/Lagos] Script: /home/academixsuite/public_html/tenant/{school-slug}/admin/add-new-student.php
[09-Mar-2026 12:29:00 Africa/Lagos] Request Method: GET
[09-Mar-2026 12:29:00 Africa/Lagos] Session ID: 3bcc33aaa2cdc604ed3d826ab7a27aec
[09-Mar-2026 12:29:00 Africa/Lagos] School Slug: bitflux-wallet-1771434696
[09-Mar-2026 12:29:00 Africa/Lagos] User Type: admin
[09-Mar-2026 12:29:00 Africa/Lagos] Current Page: add-new-student.php
[09-Mar-2026 12:29:00 Africa/Lagos] School ID: 6
[09-Mar-2026 12:29:00 Africa/Lagos] School Name: bitflux wallet
[09-Mar-2026 12:29:00 Africa/Lagos] Authenticated User ID: 1
[09-Mar-2026 12:29:00 Africa/Lagos] Authenticated User Type: admin
[09-Mar-2026 12:29:00 Africa/Lagos] Loading autoload from: /home/academixsuite/public_html/tenant/{school-slug}/admin/../../../includes/autoload.php
[09-Mar-2026 12:29:00 Africa/Lagos] Autoload loaded successfully
[09-Mar-2026 12:29:00 Africa/Lagos] Database class found
[09-Mar-2026 12:29:00 Africa/Lagos] Loading StudentManager from: /home/academixsuite/public_html/tenant/{school-slug}/admin/../../../includes/StudentManager.php
[09-Mar-2026 12:29:00 Africa/Lagos] StudentManager loaded successfully
[09-Mar-2026 12:29:00 Africa/Lagos] Attempting to connect to database: school_6
[09-Mar-2026 12:29:00 Africa/Lagos] School database connection successful for: school_6
[09-Mar-2026 12:29:00 Africa/Lagos] Database connection PDO object: PDO
[09-Mar-2026 12:29:00 Africa/Lagos] Initializing StudentManager with parameters:
[09-Mar-2026 12:29:00 Africa/Lagos] - School ID: 6
[09-Mar-2026 12:29:00 Africa/Lagos] - User ID: 1
[09-Mar-2026 12:29:00 Africa/Lagos] - User Type: admin
[09-Mar-2026 12:29:00 Africa/Lagos] StudentManager initialized for school ID: 6
[09-Mar-2026 12:29:00 Africa/Lagos] StudentManager initialized successfully
[09-Mar-2026 12:29:00 Africa/Lagos] Starting data fetch from database
[09-Mar-2026 12:29:00 Africa/Lagos] Loaded 21 settings records
[09-Mar-2026 12:29:00 Africa/Lagos] Loaded user data for ID: 1
[09-Mar-2026 12:29:00 Africa/Lagos] Loaded 1 academic years
[09-Mar-2026 12:29:00 Africa/Lagos] Loaded 16 classes
[09-Mar-2026 12:29:00 Africa/Lagos] Processing AJAX request: search_parents
[09-Mar-2026 12:29:00 Africa/Lagos] Searching parents with term: hen
[09-Mar-2026 12:29:00 Africa/Lagos] Found 1 parents matching term
[09-Mar-2026 12:30:04 Africa/Lagos] === ADD STUDENT PAGE START ===
[09-Mar-2026 12:30:04 Africa/Lagos] Request URI: /tenant/bitflux-wallet-1771434696/admin/add-new-student.php
[09-Mar-2026 12:30:04 Africa/Lagos] Script: /home/academixsuite/public_html/tenant/{school-slug}/admin/add-new-student.php
[09-Mar-2026 12:30:04 Africa/Lagos] Request Method: POST
[09-Mar-2026 12:30:04 Africa/Lagos] Session ID: 3bcc33aaa2cdc604ed3d826ab7a27aec
[09-Mar-2026 12:30:04 Africa/Lagos] School Slug: bitflux-wallet-1771434696
[09-Mar-2026 12:30:04 Africa/Lagos] User Type: admin
[09-Mar-2026 12:30:04 Africa/Lagos] Current Page: add-new-student.php
[09-Mar-2026 12:30:04 Africa/Lagos] School ID: 6
[09-Mar-2026 12:30:04 Africa/Lagos] School Name: bitflux wallet
[09-Mar-2026 12:30:04 Africa/Lagos] Authenticated User ID: 1
[09-Mar-2026 12:30:04 Africa/Lagos] Authenticated User Type: admin
[09-Mar-2026 12:30:04 Africa/Lagos] Loading autoload from: /home/academixsuite/public_html/tenant/{school-slug}/admin/../../../includes/autoload.php
[09-Mar-2026 12:30:04 Africa/Lagos] Autoload loaded successfully
[09-Mar-2026 12:30:04 Africa/Lagos] Database class found
[09-Mar-2026 12:30:04 Africa/Lagos] Loading StudentManager from: /home/academixsuite/public_html/tenant/{school-slug}/admin/../../../includes/StudentManager.php
[09-Mar-2026 12:30:04 Africa/Lagos] StudentManager loaded successfully
[09-Mar-2026 12:30:04 Africa/Lagos] Attempting to connect to database: school_6
[09-Mar-2026 12:30:04 Africa/Lagos] School database connection successful for: school_6
[09-Mar-2026 12:30:04 Africa/Lagos] Database connection PDO object: PDO
[09-Mar-2026 12:30:04 Africa/Lagos] Initializing StudentManager with parameters:
[09-Mar-2026 12:30:04 Africa/Lagos] - School ID: 6
[09-Mar-2026 12:30:04 Africa/Lagos] - User ID: 1
[09-Mar-2026 12:30:04 Africa/Lagos] - User Type: admin
[09-Mar-2026 12:30:04 Africa/Lagos] StudentManager initialized for school ID: 6
[09-Mar-2026 12:30:04 Africa/Lagos] StudentManager initialized successfully
[09-Mar-2026 12:30:04 Africa/Lagos] POST data received. Fields: csrf_token, academic_year, class, section, roll_number, admission_date, first_name, middle_name, last_name, gender, date_of_birth, student_phone, student_email, existing_parent_id, blood_group, allergies, medical_conditions, current_address, permanent_address, previous_school, previous_class, transfer_certificate_no
[09-Mar-2026 12:30:04 Africa/Lagos] Starting data fetch from database
[09-Mar-2026 12:30:04 Africa/Lagos] Loaded 21 settings records
[09-Mar-2026 12:30:04 Africa/Lagos] Loaded user data for ID: 1
[09-Mar-2026 12:30:04 Africa/Lagos] Loaded 1 academic years
[09-Mar-2026 12:30:04 Africa/Lagos] Loaded 16 classes
[09-Mar-2026 12:30:04 Africa/Lagos] === POST REQUEST DETECTED ===
[09-Mar-2026 12:30:04 Africa/Lagos] POST data keys: csrf_token, academic_year, class, section, roll_number, admission_date, first_name, middle_name, last_name, gender, date_of_birth, student_phone, student_email, existing_parent_id, blood_group, allergies, medical_conditions, current_address, permanent_address, previous_school, previous_class, transfer_certificate_no
[09-Mar-2026 12:30:04 Africa/Lagos] === PROCESSING FORM SUBMISSION ===
[09-Mar-2026 12:30:04 Africa/Lagos] Form submission detected via field presence
[09-Mar-2026 12:30:04 Africa/Lagos] CSRF validation PASSED
[09-Mar-2026 12:30:04 Africa/Lagos] Student data prepared for insertion:
[09-Mar-2026 12:30:04 Africa/Lagos] - Name: obinna uzodinma
[09-Mar-2026 12:30:04 Africa/Lagos] Validation PASSED - all required fields present
[09-Mar-2026 12:30:04 Africa/Lagos] Calling StudentManager->addStudent()
[09-Mar-2026 12:30:04 Africa/Lagos] === ADD STUDENT START ===
[09-Mar-2026 12:30:04 Africa/Lagos] School ID: 6
[09-Mar-2026 12:30:04 Africa/Lagos] User ID: 1
[09-Mar-2026 12:30:04 Africa/Lagos] Data received: ["academic_year_id","class_id","section_id","roll_number","admission_date","first_name","middle_name","last_name","gender","date_of_birth","student_email","student_phone","guardian_name","guardian_email","guardian_phone","guardian_relation","guardian_address","existing_parent_id","blood_group","allergies","medical_conditions","doctor_name","doctor_phone","current_address","permanent_address","previous_school","previous_class","transfer_certificate_no"]
[09-Mar-2026 12:30:04 Africa/Lagos] Transaction started
[09-Mar-2026 12:30:04 Africa/Lagos] Validation passed
[09-Mar-2026 12:30:04 Africa/Lagos] Generating admission number for academic year ID: 1
[09-Mar-2026 12:30:04 Africa/Lagos] Using academic year: 2025-2026 (Year: 2025)
[09-Mar-2026 12:30:04 Africa/Lagos] Generated admission number: BIT-2025-0005
[09-Mar-2026 12:30:04 Africa/Lagos] Generated admission number: BIT-2025-0005
[09-Mar-2026 12:30:04 Africa/Lagos] Generated random password of length: 8
[09-Mar-2026 12:30:05 Africa/Lagos] Student password generated (hashed)
[09-Mar-2026 12:30:05 Africa/Lagos] Creating student user account:
[09-Mar-2026 12:30:05 Africa/Lagos] - Full name: obinna emmanuel uzodinma
[09-Mar-2026 12:30:05 Africa/Lagos] - Email: emmaobinna@gmail.com
[09-Mar-2026 12:30:05 Africa/Lagos] - Username: emmaobinna
[09-Mar-2026 12:30:05 Africa/Lagos] Student user created with ID: 16
[09-Mar-2026 12:30:05 Africa/Lagos] Student role assigned to user ID: 16
[09-Mar-2026 12:30:05 Africa/Lagos] Getting default campus ID for school: 6
[09-Mar-2026 12:30:05 Africa/Lagos] Campuses table does not exist, returning null
[09-Mar-2026 12:30:05 Africa/Lagos] Campus ID: null
[09-Mar-2026 12:30:05 Africa/Lagos] Inserting student record...
[09-Mar-2026 12:30:05 Africa/Lagos] Student insert params prepared: [6,null,"16","BIT-2025-0005","1",2,2,"2026-03-09","obinna","emmanuel","uzodinma","2006-03-09"]...
[09-Mar-2026 12:30:05 Africa/Lagos] === STUDENT RECORD CREATED SUCCESSFULLY ===
[09-Mar-2026 12:30:05 Africa/Lagos] Student ID: 5
[09-Mar-2026 12:30:05 Africa/Lagos] Admission Number: BIT-2025-0005
[09-Mar-2026 12:30:05 Africa/Lagos] Using existing parent ID: 4
[09-Mar-2026 12:30:05 Africa/Lagos] Creating guardian relationship - Parent: 4, Student: 5, Relationship: guardian
[09-Mar-2026 12:30:05 Africa/Lagos] Guardian relationship created successfully
[09-Mar-2026 12:30:05 Africa/Lagos] Stored temporary password for student ID: 16
[09-Mar-2026 12:30:05 Africa/Lagos] Creating audit log entry
[09-Mar-2026 12:30:05 Africa/Lagos] Audit log created successfully
[09-Mar-2026 12:30:05 Africa/Lagos] Transaction committed successfully
[09-Mar-2026 12:30:05 Africa/Lagos] Attempting to send login emails
[09-Mar-2026 12:30:05 Africa/Lagos] === SENDING LOGIN EMAILS ===
[09-Mar-2026 12:30:05 Africa/Lagos] Sending email to student: emmaobinna@gmail.com
[09-Mar-2026 12:30:05 Africa/Lagos] Attempting to send email to: emmaobinna@gmail.com
[09-Mar-2026 12:30:05 Africa/Lagos] Email sent successfully via mail() function
[09-Mar-2026 12:30:05 Africa/Lagos] Student email sent successfully
[09-Mar-2026 12:30:05 Africa/Lagos] No parent to email or parent ID not provided
[09-Mar-2026 12:30:05 Africa/Lagos] Email sending completed with 0 errors
[09-Mar-2026 12:30:05 Africa/Lagos] === ADD STUDENT COMPLETED SUCCESSFULLY ===
[09-Mar-2026 12:30:05 Africa/Lagos] Return message: Student added successfully! Admission Number: BIT-2025-0005
[09-Mar-2026 12:30:05 Africa/Lagos] StudentManager->addStudent() completed in 306.74ms
[09-Mar-2026 12:30:05 Africa/Lagos] === STUDENT ADDED SUCCESSFULLY ===
[09-Mar-2026 12:30:05 Africa/Lagos] Student ID: 5
[09-Mar-2026 12:30:05 Africa/Lagos] Message: Student added successfully! Admission Number: BIT-2025-0005
[09-Mar-2026 12:30:05 Africa/Lagos] Redirecting after form processing
[09-Mar-2026 12:30:07 Africa/Lagos] === ADD STUDENT PAGE START ===
[09-Mar-2026 12:30:07 Africa/Lagos] Request URI: /tenant/bitflux-wallet-1771434696/admin/add-new-student.php
[09-Mar-2026 12:30:07 Africa/Lagos] Script: /home/academixsuite/public_html/tenant/{school-slug}/admin/add-new-student.php
[09-Mar-2026 12:30:07 Africa/Lagos] Request Method: GET
[09-Mar-2026 12:30:07 Africa/Lagos] Session ID: 3bcc33aaa2cdc604ed3d826ab7a27aec
[09-Mar-2026 12:30:07 Africa/Lagos] School Slug: bitflux-wallet-1771434696
[09-Mar-2026 12:30:07 Africa/Lagos] User Type: admin
[09-Mar-2026 12:30:07 Africa/Lagos] Current Page: add-new-student.php
[09-Mar-2026 12:30:07 Africa/Lagos] School ID: 6
[09-Mar-2026 12:30:07 Africa/Lagos] School Name: bitflux wallet
[09-Mar-2026 12:30:07 Africa/Lagos] Authenticated User ID: 1
[09-Mar-2026 12:30:07 Africa/Lagos] Authenticated User Type: admin
[09-Mar-2026 12:30:07 Africa/Lagos] Loading autoload from: /home/academixsuite/public_html/tenant/{school-slug}/admin/../../../includes/autoload.php
[09-Mar-2026 12:30:07 Africa/Lagos] Autoload loaded successfully
[09-Mar-2026 12:30:07 Africa/Lagos] Database class found
[09-Mar-2026 12:30:07 Africa/Lagos] Loading StudentManager from: /home/academixsuite/public_html/tenant/{school-slug}/admin/../../../includes/StudentManager.php
[09-Mar-2026 12:30:07 Africa/Lagos] StudentManager loaded successfully
[09-Mar-2026 12:30:07 Africa/Lagos] Attempting to connect to database: school_6
[09-Mar-2026 12:30:07 Africa/Lagos] School database connection successful for: school_6
[09-Mar-2026 12:30:07 Africa/Lagos] Database connection PDO object: PDO
[09-Mar-2026 12:30:07 Africa/Lagos] Initializing StudentManager with parameters:
[09-Mar-2026 12:30:07 Africa/Lagos] - School ID: 6
[09-Mar-2026 12:30:07 Africa/Lagos] - User ID: 1
[09-Mar-2026 12:30:07 Africa/Lagos] - User Type: admin
[09-Mar-2026 12:30:07 Africa/Lagos] StudentManager initialized for school ID: 6
[09-Mar-2026 12:30:07 Africa/Lagos] StudentManager initialized successfully
[09-Mar-2026 12:30:07 Africa/Lagos] Starting data fetch from database
[09-Mar-2026 12:30:07 Africa/Lagos] Loaded 21 settings records
[09-Mar-2026 12:30:07 Africa/Lagos] Loaded user data for ID: 1
[09-Mar-2026 12:30:07 Africa/Lagos] Loaded 1 academic years
[09-Mar-2026 12:30:07 Africa/Lagos] Loaded 16 classes
[09-Mar-2026 12:30:07 Africa/Lagos] === ADD STUDENT PAGE END ===
[09-Mar-2026 12:30:07 Africa/Lagos] Page loaded with 16 classes, 1 academic years
[09-Mar-2026 12:30:07 Africa/Lagos] ROUTER END: Successfully served /home/academixsuite/public_html/tenant/{school-slug}/admin/add-new-student.php
[09-Mar-2026 23:26:36 Africa/Lagos] === ADD STUDENT PAGE START ===
[09-Mar-2026 23:26:36 Africa/Lagos] Request URI: /tenant/bitflux-wallet-1771434696/admin/add-new-student.php
[09-Mar-2026 23:26:36 Africa/Lagos] Script: /home/academixsuite/public_html/tenant/{school-slug}/admin/add-new-student.php
[09-Mar-2026 23:26:36 Africa/Lagos] Request Method: GET
[09-Mar-2026 23:26:36 Africa/Lagos] Session ID: f30ac87f510eccb4fee14f2ff2519f34
[09-Mar-2026 23:26:36 Africa/Lagos] School Slug: bitflux-wallet-1771434696
[09-Mar-2026 23:26:36 Africa/Lagos] User Type: admin
[09-Mar-2026 23:26:36 Africa/Lagos] Current Page: add-new-student.php
[09-Mar-2026 23:26:36 Africa/Lagos] School ID: 6
[09-Mar-2026 23:26:36 Africa/Lagos] School Name: bitflux wallet
[09-Mar-2026 23:26:36 Africa/Lagos] Authenticated User ID: 1
[09-Mar-2026 23:26:36 Africa/Lagos] Authenticated User Type: admin
[09-Mar-2026 23:26:36 Africa/Lagos] Loading autoload from: /home/academixsuite/public_html/tenant/{school-slug}/admin/../../../includes/autoload.php
[09-Mar-2026 23:26:36 Africa/Lagos] Autoload loaded successfully
[09-Mar-2026 23:26:36 Africa/Lagos] Database class found
[09-Mar-2026 23:26:36 Africa/Lagos] Loading StudentManager from: /home/academixsuite/public_html/tenant/{school-slug}/admin/../../../includes/StudentManager.php
[09-Mar-2026 23:26:36 Africa/Lagos] StudentManager loaded successfully
[09-Mar-2026 23:26:36 Africa/Lagos] Attempting to connect to database: school_6
[09-Mar-2026 23:26:36 Africa/Lagos] School database connection successful for: school_6
[09-Mar-2026 23:26:36 Africa/Lagos] Database connection PDO object: PDO
[09-Mar-2026 23:26:36 Africa/Lagos] Initializing StudentManager with parameters:
[09-Mar-2026 23:26:36 Africa/Lagos] - School ID: 6
[09-Mar-2026 23:26:36 Africa/Lagos] - User ID: 1
[09-Mar-2026 23:26:36 Africa/Lagos] - User Type: admin
[09-Mar-2026 23:26:36 Africa/Lagos] StudentManager initialized for school ID: 6
[09-Mar-2026 23:26:36 Africa/Lagos] StudentManager initialized successfully
[09-Mar-2026 23:26:36 Africa/Lagos] Starting data fetch from database
[09-Mar-2026 23:26:36 Africa/Lagos] Loaded 21 settings records
[09-Mar-2026 23:26:36 Africa/Lagos] Loaded user data for ID: 1
[09-Mar-2026 23:26:36 Africa/Lagos] Loaded 1 academic years
[09-Mar-2026 23:26:36 Africa/Lagos] Loaded 16 classes
[09-Mar-2026 23:26:36 Africa/Lagos] === ADD STUDENT PAGE END ===
[09-Mar-2026 23:26:36 Africa/Lagos] Page loaded with 16 classes, 1 academic years
[09-Mar-2026 23:26:36 Africa/Lagos] ROUTER END: Successfully served /home/academixsuite/public_html/tenant/{school-slug}/admin/add-new-student.php
[10-Mar-2026 01:16:45 Africa/Lagos] === ADD STUDENT PAGE START ===
[10-Mar-2026 01:16:45 Africa/Lagos] Request URI: /tenant/bitflux-wallet-1771434696/admin/add-new-student.php
[10-Mar-2026 01:16:45 Africa/Lagos] Script: /home/academixsuite/public_html/tenant/{school-slug}/admin/add-new-student.php
[10-Mar-2026 01:16:45 Africa/Lagos] Request Method: GET
[10-Mar-2026 01:16:45 Africa/Lagos] Session ID: 2091cde5022d476e7bf096beb707a8ae
[10-Mar-2026 01:16:45 Africa/Lagos] School Slug: bitflux-wallet-1771434696
[10-Mar-2026 01:16:45 Africa/Lagos] User Type: admin
[10-Mar-2026 01:16:45 Africa/Lagos] Current Page: add-new-student.php
[10-Mar-2026 01:16:45 Africa/Lagos] School ID: 6
[10-Mar-2026 01:16:45 Africa/Lagos] School Name: bitflux wallet
[10-Mar-2026 01:16:45 Africa/Lagos] Authenticated User ID: 1
[10-Mar-2026 01:16:45 Africa/Lagos] Authenticated User Type: admin
[10-Mar-2026 01:16:45 Africa/Lagos] Loading autoload from: /home/academixsuite/public_html/tenant/{school-slug}/admin/../../../includes/autoload.php
[10-Mar-2026 01:16:45 Africa/Lagos] Autoload loaded successfully
[10-Mar-2026 01:16:45 Africa/Lagos] Database class found
[10-Mar-2026 01:16:45 Africa/Lagos] Loading StudentManager from: /home/academixsuite/public_html/tenant/{school-slug}/admin/../../../includes/StudentManager.php
[10-Mar-2026 01:16:45 Africa/Lagos] StudentManager loaded successfully
[10-Mar-2026 01:16:45 Africa/Lagos] Attempting to connect to database: school_6
[10-Mar-2026 01:16:45 Africa/Lagos] School database connection successful for: school_6
[10-Mar-2026 01:16:45 Africa/Lagos] Database connection PDO object: PDO
[10-Mar-2026 01:16:45 Africa/Lagos] Initializing StudentManager with parameters:
[10-Mar-2026 01:16:45 Africa/Lagos] - School ID: 6
[10-Mar-2026 01:16:45 Africa/Lagos] - User ID: 1
[10-Mar-2026 01:16:45 Africa/Lagos] - User Type: admin
[10-Mar-2026 01:16:45 Africa/Lagos] StudentManager initialized for school ID: 6
[10-Mar-2026 01:16:45 Africa/Lagos] StudentManager initialized successfully
[10-Mar-2026 01:16:45 Africa/Lagos] Starting data fetch from database
[10-Mar-2026 01:16:45 Africa/Lagos] Loaded 21 settings records
[10-Mar-2026 01:16:45 Africa/Lagos] Loaded user data for ID: 1
[10-Mar-2026 01:16:45 Africa/Lagos] Loaded 1 academic years
[10-Mar-2026 01:16:45 Africa/Lagos] Loaded 16 classes
[10-Mar-2026 01:16:45 Africa/Lagos] === ADD STUDENT PAGE END ===
[10-Mar-2026 01:16:45 Africa/Lagos] Page loaded with 16 classes, 1 academic years
[10-Mar-2026 01:16:45 Africa/Lagos] ROUTER END: Successfully served /home/academixsuite/public_html/tenant/{school-slug}/admin/add-new-student.php
[10-Mar-2026 01:20:04 Africa/Lagos] === ADD STUDENT PAGE START ===
[10-Mar-2026 01:20:04 Africa/Lagos] Request URI: /tenant/bitflux-wallet-1771434696/admin/add-new-student.php
[10-Mar-2026 01:20:04 Africa/Lagos] Script: /home/academixsuite/public_html/tenant/{school-slug}/admin/add-new-student.php
[10-Mar-2026 01:20:04 Africa/Lagos] Request Method: GET
[10-Mar-2026 01:20:04 Africa/Lagos] Session ID: f30ac87f510eccb4fee14f2ff2519f34
[10-Mar-2026 01:20:04 Africa/Lagos] School Slug: bitflux-wallet-1771434696
[10-Mar-2026 01:20:04 Africa/Lagos] User Type: admin
[10-Mar-2026 01:20:04 Africa/Lagos] Current Page: add-new-student.php
[10-Mar-2026 01:20:04 Africa/Lagos] School ID: 6
[10-Mar-2026 01:20:04 Africa/Lagos] School Name: bitflux wallet
[10-Mar-2026 01:20:04 Africa/Lagos] Authenticated User ID: 1
[10-Mar-2026 01:20:04 Africa/Lagos] Authenticated User Type: admin
[10-Mar-2026 01:20:04 Africa/Lagos] Loading autoload from: /home/academixsuite/public_html/tenant/{school-slug}/admin/../../../includes/autoload.php
[10-Mar-2026 01:20:04 Africa/Lagos] Autoload loaded successfully
[10-Mar-2026 01:20:04 Africa/Lagos] Database class found
[10-Mar-2026 01:20:04 Africa/Lagos] Loading StudentManager from: /home/academixsuite/public_html/tenant/{school-slug}/admin/../../../includes/StudentManager.php
[10-Mar-2026 01:20:04 Africa/Lagos] StudentManager loaded successfully
[10-Mar-2026 01:20:04 Africa/Lagos] Attempting to connect to database: school_6
[10-Mar-2026 01:20:04 Africa/Lagos] School database connection successful for: school_6
[10-Mar-2026 01:20:04 Africa/Lagos] Database connection PDO object: PDO
[10-Mar-2026 01:20:04 Africa/Lagos] Initializing StudentManager with parameters:
[10-Mar-2026 01:20:04 Africa/Lagos] - School ID: 6
[10-Mar-2026 01:20:04 Africa/Lagos] - User ID: 1
[10-Mar-2026 01:20:04 Africa/Lagos] - User Type: admin
[10-Mar-2026 01:20:04 Africa/Lagos] StudentManager initialized for school ID: 6
[10-Mar-2026 01:20:04 Africa/Lagos] StudentManager initialized successfully
[10-Mar-2026 01:20:04 Africa/Lagos] Starting data fetch from database
[10-Mar-2026 01:20:04 Africa/Lagos] Loaded 21 settings records
[10-Mar-2026 01:20:04 Africa/Lagos] Loaded user data for ID: 1
[10-Mar-2026 01:20:04 Africa/Lagos] Loaded 1 academic years
[10-Mar-2026 01:20:04 Africa/Lagos] Loaded 16 classes
[10-Mar-2026 01:20:04 Africa/Lagos] === ADD STUDENT PAGE END ===
[10-Mar-2026 01:20:04 Africa/Lagos] Page loaded with 16 classes, 1 academic years
[10-Mar-2026 01:20:04 Africa/Lagos] ROUTER END: Successfully served /home/academixsuite/public_html/tenant/{school-slug}/admin/add-new-student.php
[10-Mar-2026 14:02:27 Africa/Lagos] === ADD STUDENT PAGE START ===
[10-Mar-2026 14:02:27 Africa/Lagos] Request URI: /tenant/bitflux-wallet-1771434696/admin/add-new-student.php
[10-Mar-2026 14:02:27 Africa/Lagos] Script: /home/academixsuite/public_html/tenant/{school-slug}/admin/add-new-student.php
[10-Mar-2026 14:02:27 Africa/Lagos] Request Method: GET
[10-Mar-2026 14:02:27 Africa/Lagos] Session ID: ffe25fa988f824904788c19e3fb0ee25
[10-Mar-2026 14:02:27 Africa/Lagos] School Slug: bitflux-wallet-1771434696
[10-Mar-2026 14:02:27 Africa/Lagos] User Type: admin
[10-Mar-2026 14:02:27 Africa/Lagos] Current Page: add-new-student.php
[10-Mar-2026 14:02:27 Africa/Lagos] School ID: 6
[10-Mar-2026 14:02:27 Africa/Lagos] School Name: bitflux wallet
[10-Mar-2026 14:02:27 Africa/Lagos] Authenticated User ID: 1
[10-Mar-2026 14:02:27 Africa/Lagos] Authenticated User Type: admin
[10-Mar-2026 14:02:27 Africa/Lagos] Loading autoload from: /home/academixsuite/public_html/tenant/{school-slug}/admin/../../../includes/autoload.php
[10-Mar-2026 14:02:27 Africa/Lagos] Autoload loaded successfully
[10-Mar-2026 14:02:27 Africa/Lagos] Database class found
[10-Mar-2026 14:02:27 Africa/Lagos] Loading StudentManager from: /home/academixsuite/public_html/tenant/{school-slug}/admin/../../../includes/StudentManager.php
[10-Mar-2026 14:02:27 Africa/Lagos] StudentManager loaded successfully
[10-Mar-2026 14:02:27 Africa/Lagos] Attempting to connect to database: school_6
[10-Mar-2026 14:02:27 Africa/Lagos] School database connection successful for: school_6
[10-Mar-2026 14:02:27 Africa/Lagos] Database connection PDO object: PDO
[10-Mar-2026 14:02:27 Africa/Lagos] Initializing StudentManager with parameters:
[10-Mar-2026 14:02:27 Africa/Lagos] - School ID: 6
[10-Mar-2026 14:02:27 Africa/Lagos] - User ID: 1
[10-Mar-2026 14:02:27 Africa/Lagos] - User Type: admin
[10-Mar-2026 14:02:27 Africa/Lagos] StudentManager initialized for school ID: 6
[10-Mar-2026 14:02:27 Africa/Lagos] StudentManager initialized successfully
[10-Mar-2026 14:02:27 Africa/Lagos] Starting data fetch from database
[10-Mar-2026 14:02:27 Africa/Lagos] Loaded 21 settings records
[10-Mar-2026 14:02:27 Africa/Lagos] Loaded user data for ID: 1
[10-Mar-2026 14:02:27 Africa/Lagos] Loaded 1 academic years
[10-Mar-2026 14:02:27 Africa/Lagos] Loaded 16 classes
[10-Mar-2026 14:02:27 Africa/Lagos] === ADD STUDENT PAGE END ===
[10-Mar-2026 14:02:27 Africa/Lagos] Page loaded with 16 classes, 1 academic years
[10-Mar-2026 14:02:27 Africa/Lagos] ROUTER END: Successfully served /home/academixsuite/public_html/tenant/{school-slug}/admin/add-new-student.php
[10-Mar-2026 14:02:36 Africa/Lagos] === ADD STUDENT PAGE START ===
[10-Mar-2026 14:02:36 Africa/Lagos] Request URI: /tenant/bitflux-wallet-1771434696/admin/add-new-student.php?ajax=get_sections&class_id=13
[10-Mar-2026 14:02:36 Africa/Lagos] Script: /home/academixsuite/public_html/tenant/{school-slug}/admin/add-new-student.php
[10-Mar-2026 14:02:36 Africa/Lagos] Request Method: GET
[10-Mar-2026 14:02:36 Africa/Lagos] Session ID: ffe25fa988f824904788c19e3fb0ee25
[10-Mar-2026 14:02:36 Africa/Lagos] School Slug: bitflux-wallet-1771434696
[10-Mar-2026 14:02:36 Africa/Lagos] User Type: admin
[10-Mar-2026 14:02:36 Africa/Lagos] Current Page: add-new-student.php
[10-Mar-2026 14:02:36 Africa/Lagos] School ID: 6
[10-Mar-2026 14:02:36 Africa/Lagos] School Name: bitflux wallet
[10-Mar-2026 14:02:36 Africa/Lagos] Authenticated User ID: 1
[10-Mar-2026 14:02:36 Africa/Lagos] Authenticated User Type: admin
[10-Mar-2026 14:02:36 Africa/Lagos] Loading autoload from: /home/academixsuite/public_html/tenant/{school-slug}/admin/../../../includes/autoload.php
[10-Mar-2026 14:02:36 Africa/Lagos] Autoload loaded successfully
[10-Mar-2026 14:02:36 Africa/Lagos] Database class found
[10-Mar-2026 14:02:36 Africa/Lagos] Loading StudentManager from: /home/academixsuite/public_html/tenant/{school-slug}/admin/../../../includes/StudentManager.php
[10-Mar-2026 14:02:36 Africa/Lagos] StudentManager loaded successfully
[10-Mar-2026 14:02:36 Africa/Lagos] Attempting to connect to database: school_6
[10-Mar-2026 14:02:36 Africa/Lagos] School database connection successful for: school_6
[10-Mar-2026 14:02:36 Africa/Lagos] Database connection PDO object: PDO
[10-Mar-2026 14:02:36 Africa/Lagos] Initializing StudentManager with parameters:
[10-Mar-2026 14:02:36 Africa/Lagos] - School ID: 6
[10-Mar-2026 14:02:36 Africa/Lagos] - User ID: 1
[10-Mar-2026 14:02:36 Africa/Lagos] - User Type: admin
[10-Mar-2026 14:02:36 Africa/Lagos] StudentManager initialized for school ID: 6
[10-Mar-2026 14:02:36 Africa/Lagos] StudentManager initialized successfully
[10-Mar-2026 14:02:36 Africa/Lagos] Starting data fetch from database
[10-Mar-2026 14:02:36 Africa/Lagos] Loaded 21 settings records
[10-Mar-2026 14:02:36 Africa/Lagos] Loaded user data for ID: 1
[10-Mar-2026 14:02:36 Africa/Lagos] Loaded 1 academic years
[10-Mar-2026 14:02:36 Africa/Lagos] Loaded 16 classes
[10-Mar-2026 14:02:36 Africa/Lagos] Retrieved 0 sections for class ID: 13
[10-Mar-2026 14:02:36 Africa/Lagos] Loaded 0 sections for class 13
[10-Mar-2026 14:02:36 Africa/Lagos] Processing AJAX request: get_sections
[10-Mar-2026 14:02:36 Africa/Lagos] Retrieved 0 sections for class ID: 13
[10-Mar-2026 14:02:42 Africa/Lagos] === ADD STUDENT PAGE START ===
[10-Mar-2026 14:02:42 Africa/Lagos] Request URI: /tenant/bitflux-wallet-1771434696/admin/add-new-student.php?ajax=get_sections&class_id=16
[10-Mar-2026 14:02:42 Africa/Lagos] Script: /home/academixsuite/public_html/tenant/{school-slug}/admin/add-new-student.php
[10-Mar-2026 14:02:42 Africa/Lagos] Request Method: GET
[10-Mar-2026 14:02:42 Africa/Lagos] Session ID: ffe25fa988f824904788c19e3fb0ee25
[10-Mar-2026 14:02:42 Africa/Lagos] School Slug: bitflux-wallet-1771434696
[10-Mar-2026 14:02:42 Africa/Lagos] User Type: admin
[10-Mar-2026 14:02:42 Africa/Lagos] Current Page: add-new-student.php
[10-Mar-2026 14:02:42 Africa/Lagos] School ID: 6
[10-Mar-2026 14:02:42 Africa/Lagos] School Name: bitflux wallet
[10-Mar-2026 14:02:42 Africa/Lagos] Authenticated User ID: 1
[10-Mar-2026 14:02:42 Africa/Lagos] Authenticated User Type: admin
[10-Mar-2026 14:02:42 Africa/Lagos] Loading autoload from: /home/academixsuite/public_html/tenant/{school-slug}/admin/../../../includes/autoload.php
[10-Mar-2026 14:02:42 Africa/Lagos] Autoload loaded successfully
[10-Mar-2026 14:02:42 Africa/Lagos] Database class found
[10-Mar-2026 14:02:42 Africa/Lagos] Loading StudentManager from: /home/academixsuite/public_html/tenant/{school-slug}/admin/../../../includes/StudentManager.php
[10-Mar-2026 14:02:42 Africa/Lagos] StudentManager loaded successfully
[10-Mar-2026 14:02:42 Africa/Lagos] Attempting to connect to database: school_6
[10-Mar-2026 14:02:42 Africa/Lagos] School database connection successful for: school_6
[10-Mar-2026 14:02:42 Africa/Lagos] Database connection PDO object: PDO
[10-Mar-2026 14:02:42 Africa/Lagos] Initializing StudentManager with parameters:
[10-Mar-2026 14:02:42 Africa/Lagos] - School ID: 6
[10-Mar-2026 14:02:42 Africa/Lagos] - User ID: 1
[10-Mar-2026 14:02:42 Africa/Lagos] - User Type: admin
[10-Mar-2026 14:02:42 Africa/Lagos] StudentManager initialized for school ID: 6
[10-Mar-2026 14:02:42 Africa/Lagos] StudentManager initialized successfully
[10-Mar-2026 14:02:42 Africa/Lagos] Starting data fetch from database
[10-Mar-2026 14:02:42 Africa/Lagos] Loaded 21 settings records
[10-Mar-2026 14:02:42 Africa/Lagos] Loaded user data for ID: 1
[10-Mar-2026 14:02:42 Africa/Lagos] Loaded 1 academic years
[10-Mar-2026 14:02:42 Africa/Lagos] Loaded 16 classes
[10-Mar-2026 14:02:42 Africa/Lagos] Retrieved 0 sections for class ID: 16
[10-Mar-2026 14:02:42 Africa/Lagos] Loaded 0 sections for class 16
[10-Mar-2026 14:02:42 Africa/Lagos] Processing AJAX request: get_sections
[10-Mar-2026 14:02:42 Africa/Lagos] Retrieved 0 sections for class ID: 16
[10-Mar-2026 14:11:10 Africa/Lagos] === ADD STUDENT PAGE START ===
[10-Mar-2026 14:11:10 Africa/Lagos] Request URI: /tenant/bitflux-wallet-1771434696/admin/add-new-student.php?ajax=search_parents&term=Omi
[10-Mar-2026 14:11:10 Africa/Lagos] Script: /home/academixsuite/public_html/tenant/{school-slug}/admin/add-new-student.php
[10-Mar-2026 14:11:10 Africa/Lagos] Request Method: GET
[10-Mar-2026 14:11:10 Africa/Lagos] Session ID: ffe25fa988f824904788c19e3fb0ee25
[10-Mar-2026 14:11:10 Africa/Lagos] School Slug: bitflux-wallet-1771434696
[10-Mar-2026 14:11:10 Africa/Lagos] User Type: admin
[10-Mar-2026 14:11:10 Africa/Lagos] Current Page: add-new-student.php
[10-Mar-2026 14:11:10 Africa/Lagos] School ID: 6
[10-Mar-2026 14:11:10 Africa/Lagos] School Name: bitflux wallet
[10-Mar-2026 14:11:10 Africa/Lagos] Authenticated User ID: 1
[10-Mar-2026 14:11:10 Africa/Lagos] Authenticated User Type: admin
[10-Mar-2026 14:11:10 Africa/Lagos] Loading autoload from: /home/academixsuite/public_html/tenant/{school-slug}/admin/../../../includes/autoload.php
[10-Mar-2026 14:11:10 Africa/Lagos] Autoload loaded successfully
[10-Mar-2026 14:11:10 Africa/Lagos] Database class found
[10-Mar-2026 14:11:10 Africa/Lagos] Loading StudentManager from: /home/academixsuite/public_html/tenant/{school-slug}/admin/../../../includes/StudentManager.php
[10-Mar-2026 14:11:10 Africa/Lagos] StudentManager loaded successfully
[10-Mar-2026 14:11:10 Africa/Lagos] Attempting to connect to database: school_6
[10-Mar-2026 14:11:10 Africa/Lagos] School database connection successful for: school_6
[10-Mar-2026 14:11:10 Africa/Lagos] Database connection PDO object: PDO
[10-Mar-2026 14:11:10 Africa/Lagos] Initializing StudentManager with parameters:
[10-Mar-2026 14:11:10 Africa/Lagos] - School ID: 6
[10-Mar-2026 14:11:10 Africa/Lagos] - User ID: 1
[10-Mar-2026 14:11:10 Africa/Lagos] - User Type: admin
[10-Mar-2026 14:11:10 Africa/Lagos] StudentManager initialized for school ID: 6
[10-Mar-2026 14:11:10 Africa/Lagos] StudentManager initialized successfully
[10-Mar-2026 14:11:10 Africa/Lagos] Starting data fetch from database
[10-Mar-2026 14:11:10 Africa/Lagos] Loaded 21 settings records
[10-Mar-2026 14:11:10 Africa/Lagos] Loaded user data for ID: 1
[10-Mar-2026 14:11:10 Africa/Lagos] Loaded 1 academic years
[10-Mar-2026 14:11:10 Africa/Lagos] Loaded 16 classes
[10-Mar-2026 14:11:10 Africa/Lagos] Processing AJAX request: search_parents
[10-Mar-2026 14:11:10 Africa/Lagos] Searching parents with term: Omi
[10-Mar-2026 14:11:10 Africa/Lagos] Found 0 parents matching term
[10-Mar-2026 14:11:19 Africa/Lagos] === ADD STUDENT PAGE START ===
[10-Mar-2026 14:11:19 Africa/Lagos] Request URI: /tenant/bitflux-wallet-1771434696/admin/add-new-student.php?ajax=search_parents&term=Ada
[10-Mar-2026 14:11:19 Africa/Lagos] Script: /home/academixsuite/public_html/tenant/{school-slug}/admin/add-new-student.php
[10-Mar-2026 14:11:19 Africa/Lagos] Request Method: GET
[10-Mar-2026 14:11:19 Africa/Lagos] Session ID: ffe25fa988f824904788c19e3fb0ee25
[10-Mar-2026 14:11:19 Africa/Lagos] School Slug: bitflux-wallet-1771434696
[10-Mar-2026 14:11:19 Africa/Lagos] User Type: admin
[10-Mar-2026 14:11:19 Africa/Lagos] Current Page: add-new-student.php
[10-Mar-2026 14:11:19 Africa/Lagos] School ID: 6
[10-Mar-2026 14:11:19 Africa/Lagos] School Name: bitflux wallet
[10-Mar-2026 14:11:19 Africa/Lagos] Authenticated User ID: 1
[10-Mar-2026 14:11:19 Africa/Lagos] Authenticated User Type: admin
[10-Mar-2026 14:11:19 Africa/Lagos] Loading autoload from: /home/academixsuite/public_html/tenant/{school-slug}/admin/../../../includes/autoload.php
[10-Mar-2026 14:11:19 Africa/Lagos] Autoload loaded successfully
[10-Mar-2026 14:11:19 Africa/Lagos] Database class found
[10-Mar-2026 14:11:19 Africa/Lagos] Loading StudentManager from: /home/academixsuite/public_html/tenant/{school-slug}/admin/../../../includes/StudentManager.php
[10-Mar-2026 14:11:19 Africa/Lagos] StudentManager loaded successfully
[10-Mar-2026 14:11:19 Africa/Lagos] Attempting to connect to database: school_6
[10-Mar-2026 14:11:19 Africa/Lagos] School database connection successful for: school_6
[10-Mar-2026 14:11:19 Africa/Lagos] Database connection PDO object: PDO
[10-Mar-2026 14:11:19 Africa/Lagos] Initializing StudentManager with parameters:
[10-Mar-2026 14:11:19 Africa/Lagos] - School ID: 6
[10-Mar-2026 14:11:19 Africa/Lagos] - User ID: 1
[10-Mar-2026 14:11:19 Africa/Lagos] - User Type: admin
[10-Mar-2026 14:11:19 Africa/Lagos] StudentManager initialized for school ID: 6
[10-Mar-2026 14:11:19 Africa/Lagos] StudentManager initialized successfully
[10-Mar-2026 14:11:19 Africa/Lagos] Starting data fetch from database
[10-Mar-2026 14:11:19 Africa/Lagos] Loaded 21 settings records
[10-Mar-2026 14:11:19 Africa/Lagos] Loaded user data for ID: 1
[10-Mar-2026 14:11:19 Africa/Lagos] Loaded 1 academic years
[10-Mar-2026 14:11:19 Africa/Lagos] Loaded 16 classes
[10-Mar-2026 14:11:19 Africa/Lagos] Processing AJAX request: search_parents
[10-Mar-2026 14:11:19 Africa/Lagos] Searching parents with term: Ada
[10-Mar-2026 14:11:19 Africa/Lagos] Found 0 parents matching term
[10-Mar-2026 14:28:16 Africa/Lagos] === ADD STUDENT PAGE START ===
[10-Mar-2026 14:28:16 Africa/Lagos] Request URI: /tenant/bitflux-wallet-1771434696/admin/add-new-student.php
[10-Mar-2026 14:28:16 Africa/Lagos] Script: /home/academixsuite/public_html/tenant/{school-slug}/admin/add-new-student.php
[10-Mar-2026 14:28:16 Africa/Lagos] Request Method: GET
[10-Mar-2026 14:28:16 Africa/Lagos] Session ID: ffe25fa988f824904788c19e3fb0ee25
[10-Mar-2026 14:28:16 Africa/Lagos] School Slug: bitflux-wallet-1771434696
[10-Mar-2026 14:28:16 Africa/Lagos] User Type: admin
[10-Mar-2026 14:28:16 Africa/Lagos] Current Page: add-new-student.php
[10-Mar-2026 14:28:16 Africa/Lagos] School ID: 6
[10-Mar-2026 14:28:16 Africa/Lagos] School Name: bitflux wallet
[10-Mar-2026 14:28:16 Africa/Lagos] Authenticated User ID: 1
[10-Mar-2026 14:28:16 Africa/Lagos] Authenticated User Type: admin
[10-Mar-2026 14:28:16 Africa/Lagos] Loading autoload from: /home/academixsuite/public_html/tenant/{school-slug}/admin/../../../includes/autoload.php
[10-Mar-2026 14:28:16 Africa/Lagos] Autoload loaded successfully
[10-Mar-2026 14:28:16 Africa/Lagos] Database class found
[10-Mar-2026 14:28:16 Africa/Lagos] Loading StudentManager from: /home/academixsuite/public_html/tenant/{school-slug}/admin/../../../includes/StudentManager.php
[10-Mar-2026 14:28:16 Africa/Lagos] StudentManager loaded successfully
[10-Mar-2026 14:28:16 Africa/Lagos] Attempting to connect to database: school_6
[10-Mar-2026 14:28:16 Africa/Lagos] School database connection successful for: school_6
[10-Mar-2026 14:28:16 Africa/Lagos] Database connection PDO object: PDO
[10-Mar-2026 14:28:16 Africa/Lagos] Initializing StudentManager with parameters:
[10-Mar-2026 14:28:16 Africa/Lagos] - School ID: 6
[10-Mar-2026 14:28:16 Africa/Lagos] - User ID: 1
[10-Mar-2026 14:28:16 Africa/Lagos] - User Type: admin
[10-Mar-2026 14:28:16 Africa/Lagos] StudentManager initialized for school ID: 6
[10-Mar-2026 14:28:16 Africa/Lagos] StudentManager initialized successfully
[10-Mar-2026 14:28:16 Africa/Lagos] Starting data fetch from database
[10-Mar-2026 14:28:16 Africa/Lagos] Loaded 21 settings records
[10-Mar-2026 14:28:16 Africa/Lagos] Loaded user data for ID: 1
[10-Mar-2026 14:28:16 Africa/Lagos] Loaded 1 academic years
[10-Mar-2026 14:28:16 Africa/Lagos] Loaded 16 classes
[10-Mar-2026 14:28:16 Africa/Lagos] === ADD STUDENT PAGE END ===
[10-Mar-2026 14:28:16 Africa/Lagos] Page loaded with 16 classes, 1 academic years
[10-Mar-2026 14:28:16 Africa/Lagos] ROUTER END: Successfully served /home/academixsuite/public_html/tenant/{school-slug}/admin/add-new-student.php
[10-Mar-2026 14:28:18 Africa/Lagos] === ADD STUDENT PAGE START ===
[10-Mar-2026 14:28:18 Africa/Lagos] Request URI: /tenant/bitflux-wallet-1771434696/admin/add-new-student.php
[10-Mar-2026 14:28:18 Africa/Lagos] Script: /home/academixsuite/public_html/tenant/{school-slug}/admin/add-new-student.php
[10-Mar-2026 14:28:18 Africa/Lagos] Request Method: GET
[10-Mar-2026 14:28:18 Africa/Lagos] Session ID: ffe25fa988f824904788c19e3fb0ee25
[10-Mar-2026 14:28:18 Africa/Lagos] School Slug: bitflux-wallet-1771434696
[10-Mar-2026 14:28:18 Africa/Lagos] User Type: admin
[10-Mar-2026 14:28:18 Africa/Lagos] Current Page: add-new-student.php
[10-Mar-2026 14:28:18 Africa/Lagos] School ID: 6
[10-Mar-2026 14:28:18 Africa/Lagos] School Name: bitflux wallet
[10-Mar-2026 14:28:18 Africa/Lagos] Authenticated User ID: 1
[10-Mar-2026 14:28:18 Africa/Lagos] Authenticated User Type: admin
[10-Mar-2026 14:28:18 Africa/Lagos] Loading autoload from: /home/academixsuite/public_html/tenant/{school-slug}/admin/../../../includes/autoload.php
[10-Mar-2026 14:28:18 Africa/Lagos] Autoload loaded successfully
[10-Mar-2026 14:28:18 Africa/Lagos] Database class found
[10-Mar-2026 14:28:18 Africa/Lagos] Loading StudentManager from: /home/academixsuite/public_html/tenant/{school-slug}/admin/../../../includes/StudentManager.php
[10-Mar-2026 14:28:18 Africa/Lagos] StudentManager loaded successfully
[10-Mar-2026 14:28:18 Africa/Lagos] Attempting to connect to database: school_6
[10-Mar-2026 14:28:18 Africa/Lagos] School database connection successful for: school_6
[10-Mar-2026 14:28:18 Africa/Lagos] Database connection PDO object: PDO
[10-Mar-2026 14:28:18 Africa/Lagos] Initializing StudentManager with parameters:
[10-Mar-2026 14:28:18 Africa/Lagos] - School ID: 6
[10-Mar-2026 14:28:18 Africa/Lagos] - User ID: 1
[10-Mar-2026 14:28:18 Africa/Lagos] - User Type: admin
[10-Mar-2026 14:28:18 Africa/Lagos] StudentManager initialized for school ID: 6
[10-Mar-2026 14:28:18 Africa/Lagos] StudentManager initialized successfully
[10-Mar-2026 14:28:18 Africa/Lagos] Starting data fetch from database
[10-Mar-2026 14:28:18 Africa/Lagos] Loaded 21 settings records
[10-Mar-2026 14:28:18 Africa/Lagos] Loaded user data for ID: 1
[10-Mar-2026 14:28:18 Africa/Lagos] Loaded 1 academic years
[10-Mar-2026 14:28:18 Africa/Lagos] Loaded 16 classes
[10-Mar-2026 14:28:18 Africa/Lagos] === ADD STUDENT PAGE END ===
[10-Mar-2026 14:28:18 Africa/Lagos] Page loaded with 16 classes, 1 academic years
[10-Mar-2026 14:28:18 Africa/Lagos] ROUTER END: Successfully served /home/academixsuite/public_html/tenant/{school-slug}/admin/add-new-student.php
[10-Mar-2026 15:25:17 Africa/Lagos] === ADD STUDENT PAGE START ===
[10-Mar-2026 15:25:17 Africa/Lagos] Request URI: /tenant/bitflux-wallet-1771434696/admin/add-new-student.php?ajax=get_sections&class_id=16
[10-Mar-2026 15:25:17 Africa/Lagos] Script: /home/academixsuite/public_html/tenant/{school-slug}/admin/add-new-student.php
[10-Mar-2026 15:25:17 Africa/Lagos] Request Method: GET
[10-Mar-2026 15:25:17 Africa/Lagos] Session ID: ffe25fa988f824904788c19e3fb0ee25
[10-Mar-2026 15:25:17 Africa/Lagos] School Slug: bitflux-wallet-1771434696
[10-Mar-2026 15:25:17 Africa/Lagos] User Type: admin
[10-Mar-2026 15:25:17 Africa/Lagos] Current Page: add-new-student.php
[10-Mar-2026 15:25:17 Africa/Lagos] School ID: 6
[10-Mar-2026 15:25:17 Africa/Lagos] School Name: bitflux wallet
[10-Mar-2026 15:25:17 Africa/Lagos] Authenticated User ID: 1
[10-Mar-2026 15:25:17 Africa/Lagos] Authenticated User Type: admin
[10-Mar-2026 15:25:17 Africa/Lagos] Loading autoload from: /home/academixsuite/public_html/tenant/{school-slug}/admin/../../../includes/autoload.php
[10-Mar-2026 15:25:17 Africa/Lagos] Autoload loaded successfully
[10-Mar-2026 15:25:17 Africa/Lagos] Database class found
[10-Mar-2026 15:25:17 Africa/Lagos] Loading StudentManager from: /home/academixsuite/public_html/tenant/{school-slug}/admin/../../../includes/StudentManager.php
[10-Mar-2026 15:25:17 Africa/Lagos] StudentManager loaded successfully
[10-Mar-2026 15:25:17 Africa/Lagos] Attempting to connect to database: school_6
[10-Mar-2026 15:25:17 Africa/Lagos] School database connection successful for: school_6
[10-Mar-2026 15:25:17 Africa/Lagos] Database connection PDO object: PDO
[10-Mar-2026 15:25:17 Africa/Lagos] Initializing StudentManager with parameters:
[10-Mar-2026 15:25:17 Africa/Lagos] - School ID: 6
[10-Mar-2026 15:25:17 Africa/Lagos] - User ID: 1
[10-Mar-2026 15:25:17 Africa/Lagos] - User Type: admin
[10-Mar-2026 15:25:17 Africa/Lagos] StudentManager initialized for school ID: 6
[10-Mar-2026 15:25:17 Africa/Lagos] StudentManager initialized successfully
[10-Mar-2026 15:25:17 Africa/Lagos] Starting data fetch from database
[10-Mar-2026 15:25:17 Africa/Lagos] Loaded 21 settings records
[10-Mar-2026 15:25:17 Africa/Lagos] Loaded user data for ID: 1
[10-Mar-2026 15:25:17 Africa/Lagos] Loaded 1 academic years
[10-Mar-2026 15:25:17 Africa/Lagos] Loaded 16 classes
[10-Mar-2026 15:25:17 Africa/Lagos] Retrieved 0 sections for class ID: 16
[10-Mar-2026 15:25:17 Africa/Lagos] Loaded 0 sections for class 16
[10-Mar-2026 15:25:17 Africa/Lagos] Processing AJAX request: get_sections
[10-Mar-2026 15:25:17 Africa/Lagos] Retrieved 0 sections for class ID: 16
[10-Mar-2026 15:25:50 Africa/Lagos] === ADD STUDENT PAGE START ===
[10-Mar-2026 15:25:50 Africa/Lagos] Request URI: /tenant/bitflux-wallet-1771434696/admin/add-new-student.php
[10-Mar-2026 15:25:50 Africa/Lagos] Script: /home/academixsuite/public_html/tenant/{school-slug}/admin/add-new-student.php
[10-Mar-2026 15:25:50 Africa/Lagos] Request Method: POST
[10-Mar-2026 15:25:50 Africa/Lagos] Session ID: ffe25fa988f824904788c19e3fb0ee25
[10-Mar-2026 15:25:50 Africa/Lagos] School Slug: bitflux-wallet-1771434696
[10-Mar-2026 15:25:50 Africa/Lagos] User Type: admin
[10-Mar-2026 15:25:50 Africa/Lagos] Current Page: add-new-student.php
[10-Mar-2026 15:25:50 Africa/Lagos] School ID: 6
[10-Mar-2026 15:25:50 Africa/Lagos] School Name: bitflux wallet
[10-Mar-2026 15:25:50 Africa/Lagos] Authenticated User ID: 1
[10-Mar-2026 15:25:50 Africa/Lagos] Authenticated User Type: admin
[10-Mar-2026 15:25:50 Africa/Lagos] Loading autoload from: /home/academixsuite/public_html/tenant/{school-slug}/admin/../../../includes/autoload.php
[10-Mar-2026 15:25:50 Africa/Lagos] Autoload loaded successfully
[10-Mar-2026 15:25:50 Africa/Lagos] Database class found
[10-Mar-2026 15:25:50 Africa/Lagos] Loading StudentManager from: /home/academixsuite/public_html/tenant/{school-slug}/admin/../../../includes/StudentManager.php
[10-Mar-2026 15:25:50 Africa/Lagos] StudentManager loaded successfully
[10-Mar-2026 15:25:50 Africa/Lagos] Attempting to connect to database: school_6
[10-Mar-2026 15:25:50 Africa/Lagos] School database connection successful for: school_6
[10-Mar-2026 15:25:50 Africa/Lagos] Database connection PDO object: PDO
[10-Mar-2026 15:25:50 Africa/Lagos] Initializing StudentManager with parameters:
[10-Mar-2026 15:25:50 Africa/Lagos] - School ID: 6
[10-Mar-2026 15:25:50 Africa/Lagos] - User ID: 1
[10-Mar-2026 15:25:50 Africa/Lagos] - User Type: admin
[10-Mar-2026 15:25:50 Africa/Lagos] StudentManager initialized for school ID: 6
[10-Mar-2026 15:25:50 Africa/Lagos] StudentManager initialized successfully
[10-Mar-2026 15:25:50 Africa/Lagos] POST data received. Fields: csrf_token, academic_year, class, section, roll_number, admission_date, first_name, middle_name, last_name, gender, date_of_birth, student_phone, student_email, existing_parent_id, guardian_name, guardian_relation, guardian_phone, guardian_email, guardian_address, blood_group, allergies, medical_conditions, current_address, permanent_address, previous_school, previous_class, transfer_certificate_no
[10-Mar-2026 15:25:50 Africa/Lagos] Starting data fetch from database
[10-Mar-2026 15:25:50 Africa/Lagos] Loaded 21 settings records
[10-Mar-2026 15:25:50 Africa/Lagos] Loaded user data for ID: 1
[10-Mar-2026 15:25:50 Africa/Lagos] Loaded 1 academic years
[10-Mar-2026 15:25:50 Africa/Lagos] Loaded 16 classes
[10-Mar-2026 15:25:50 Africa/Lagos] === POST REQUEST DETECTED ===
[10-Mar-2026 15:25:50 Africa/Lagos] POST data keys: csrf_token, academic_year, class, section, roll_number, admission_date, first_name, middle_name, last_name, gender, date_of_birth, student_phone, student_email, existing_parent_id, guardian_name, guardian_relation, guardian_phone, guardian_email, guardian_address, blood_group, allergies, medical_conditions, current_address, permanent_address, previous_school, previous_class, transfer_certificate_no
[10-Mar-2026 15:25:50 Africa/Lagos] === PROCESSING FORM SUBMISSION ===
[10-Mar-2026 15:25:50 Africa/Lagos] Form submission detected via field presence
[10-Mar-2026 15:25:50 Africa/Lagos] CSRF validation PASSED
[10-Mar-2026 15:25:50 Africa/Lagos] Student data prepared for insertion:
[10-Mar-2026 15:25:50 Africa/Lagos] - Name: Chimdiomimi Umenyi
[10-Mar-2026 15:25:50 Africa/Lagos] Validation PASSED - all required fields present
[10-Mar-2026 15:25:50 Africa/Lagos] Calling StudentManager->addStudent()
[10-Mar-2026 15:25:50 Africa/Lagos] === ADD STUDENT START ===
[10-Mar-2026 15:25:50 Africa/Lagos] School ID: 6
[10-Mar-2026 15:25:50 Africa/Lagos] User ID: 1
[10-Mar-2026 15:25:50 Africa/Lagos] Data received: ["academic_year_id","class_id","section_id","roll_number","admission_date","first_name","middle_name","last_name","gender","date_of_birth","student_email","student_phone","guardian_name","guardian_email","guardian_phone","guardian_relation","guardian_address","existing_parent_id","blood_group","allergies","medical_conditions","doctor_name","doctor_phone","current_address","permanent_address","previous_school","previous_class","transfer_certificate_no"]
[10-Mar-2026 15:25:50 Africa/Lagos] Transaction started
[10-Mar-2026 15:25:50 Africa/Lagos] Validation passed
[10-Mar-2026 15:25:50 Africa/Lagos] Generating admission number for academic year ID: 1
[10-Mar-2026 15:25:50 Africa/Lagos] Using academic year: 2025-2026 (Year: 2025)
[10-Mar-2026 15:25:50 Africa/Lagos] Generated admission number: BIT-2025-0006
[10-Mar-2026 15:25:50 Africa/Lagos] Generated admission number: BIT-2025-0006
[10-Mar-2026 15:25:50 Africa/Lagos] Generated random password of length: 8
[10-Mar-2026 15:25:50 Africa/Lagos] Student password generated (hashed)
[10-Mar-2026 15:25:50 Africa/Lagos] Creating student user account:
[10-Mar-2026 15:25:50 Africa/Lagos] - Full name: Chimdiomimi Goodall Umenyi
[10-Mar-2026 15:25:50 Africa/Lagos] - Email: chimdiomimieumenyi@gmail.com
[10-Mar-2026 15:25:50 Africa/Lagos] - Username: chimdiomimieumenyi
[10-Mar-2026 15:25:50 Africa/Lagos] Student user created with ID: 21
[10-Mar-2026 15:25:50 Africa/Lagos] Student role assigned to user ID: 21
[10-Mar-2026 15:25:50 Africa/Lagos] Getting default campus ID for school: 6
[10-Mar-2026 15:25:50 Africa/Lagos] Error getting default campus: SQLSTATE[42S22]: Column not found: 1054 Unknown column 'is_default' in 'WHERE'
[10-Mar-2026 15:25:50 Africa/Lagos] Campus ID: null
[10-Mar-2026 15:25:50 Africa/Lagos] Inserting student record...
[10-Mar-2026 15:25:50 Africa/Lagos] Student insert params prepared: [6,null,"21","BIT-2025-0006","7",16,null,"2026-03-10","Chimdiomimi","Goodall","Umenyi","2004-09-21"]...
[10-Mar-2026 15:25:50 Africa/Lagos] === STUDENT RECORD CREATED SUCCESSFULLY ===
[10-Mar-2026 15:25:50 Africa/Lagos] Student ID: 6
[10-Mar-2026 15:25:50 Africa/Lagos] Admission Number: BIT-2025-0006
[10-Mar-2026 15:25:50 Africa/Lagos] Creating new parent from guardian data
[10-Mar-2026 15:25:50 Africa/Lagos] === FIND OR CREATE PARENT ===
[10-Mar-2026 15:25:50 Africa/Lagos] Parent data: {"name":"Favour","email":"safebit99@gmail.com","phone":"+234 704 139 0038","address":"Chokocho etche Rivers portharcourt"}
[10-Mar-2026 15:25:50 Africa/Lagos] No existing parent found, creating new parent
[10-Mar-2026 15:25:50 Africa/Lagos] Generated random password of length: 8
[10-Mar-2026 15:25:50 Africa/Lagos] Generated parent password (hashed)
[10-Mar-2026 15:25:50 Africa/Lagos] ERROR in findOrCreateParent: SQLSTATE[23000]: Integrity constraint violation: 1062 Duplicate entry '6-safebit99@gmail.com' for key 'unique_email_school'
[10-Mar-2026 15:25:50 Africa/Lagos] Stack trace: #0 /home/academixsuite/public_html/includes/StudentManager.php(253): PDOStatement->execute(Array)
#1 /home/academixsuite/public_html/includes/StudentManager.php(546): StudentManager->findOrCreateParent(Array)
#2 /home/academixsuite/public_html/tenant/{school-slug}/admin/add-new-student.php(438): StudentManager->addStudent(Array)
#3 /home/academixsuite/public_html/tenant/router.php(365): require_once('/home/academixs...')
#4 {main}
[10-Mar-2026 15:25:50 Africa/Lagos] Transaction rolled back due to error
[10-Mar-2026 15:25:50 Africa/Lagos] === ADD STUDENT FAILED ===
[10-Mar-2026 15:25:50 Africa/Lagos] Error: SQLSTATE[23000]: Integrity constraint violation: 1062 Duplicate entry '6-safebit99@gmail.com' for key 'unique_email_school'
[10-Mar-2026 15:25:50 Africa/Lagos] Stack trace: #0 /home/academixsuite/public_html/includes/StudentManager.php(253): PDOStatement->execute(Array)
#1 /home/academixsuite/public_html/includes/StudentManager.php(546): StudentManager->findOrCreateParent(Array)
#2 /home/academixsuite/public_html/tenant/{school-slug}/admin/add-new-student.php(438): StudentManager->addStudent(Array)
#3 /home/academixsuite/public_html/tenant/router.php(365): require_once('/home/academixs...')
#4 {main}
[10-Mar-2026 15:25:50 Africa/Lagos] PDO Error Info: ["23000",1062,"Duplicate entry '6-safebit99@gmail.com' for key 'unique_email_school'"]
[10-Mar-2026 15:25:50 Africa/Lagos] StudentManager->addStudent() completed in 410.68ms
[10-Mar-2026 15:25:50 Africa/Lagos] === STUDENT ADDITION FAILED ===
[10-Mar-2026 15:25:50 Africa/Lagos] Error message: Error adding student: SQLSTATE[23000]: Integrity constraint violation: 1062 Duplicate entry '6-safebit99@gmail.com' for key 'unique_email_school'
[10-Mar-2026 15:25:50 Africa/Lagos] Redirecting after form processing
[10-Mar-2026 15:26:34 Africa/Lagos] === ADD STUDENT PAGE START ===
[10-Mar-2026 15:26:34 Africa/Lagos] Request URI: /tenant/bitflux-wallet-1771434696/admin/add-new-student.php
[10-Mar-2026 15:26:34 Africa/Lagos] Script: /home/academixsuite/public_html/tenant/{school-slug}/admin/add-new-student.php
[10-Mar-2026 15:26:34 Africa/Lagos] Request Method: GET
[10-Mar-2026 15:26:34 Africa/Lagos] Session ID: ffe25fa988f824904788c19e3fb0ee25
[10-Mar-2026 15:26:34 Africa/Lagos] School Slug: bitflux-wallet-1771434696
[10-Mar-2026 15:26:34 Africa/Lagos] User Type: admin
[10-Mar-2026 15:26:34 Africa/Lagos] Current Page: add-new-student.php
[10-Mar-2026 15:26:34 Africa/Lagos] School ID: 6
[10-Mar-2026 15:26:34 Africa/Lagos] School Name: bitflux wallet
[10-Mar-2026 15:26:34 Africa/Lagos] Authenticated User ID: 1
[10-Mar-2026 15:26:34 Africa/Lagos] Authenticated User Type: admin
[10-Mar-2026 15:26:34 Africa/Lagos] Loading autoload from: /home/academixsuite/public_html/tenant/{school-slug}/admin/../../../includes/autoload.php
[10-Mar-2026 15:26:34 Africa/Lagos] Autoload loaded successfully
[10-Mar-2026 15:26:34 Africa/Lagos] Database class found
[10-Mar-2026 15:26:34 Africa/Lagos] Loading StudentManager from: /home/academixsuite/public_html/tenant/{school-slug}/admin/../../../includes/StudentManager.php
[10-Mar-2026 15:26:34 Africa/Lagos] StudentManager loaded successfully
[10-Mar-2026 15:26:34 Africa/Lagos] Attempting to connect to database: school_6
[10-Mar-2026 15:26:34 Africa/Lagos] School database connection successful for: school_6
[10-Mar-2026 15:26:34 Africa/Lagos] Database connection PDO object: PDO
[10-Mar-2026 15:26:34 Africa/Lagos] Initializing StudentManager with parameters:
[10-Mar-2026 15:26:34 Africa/Lagos] - School ID: 6
[10-Mar-2026 15:26:34 Africa/Lagos] - User ID: 1
[10-Mar-2026 15:26:34 Africa/Lagos] - User Type: admin
[10-Mar-2026 15:26:34 Africa/Lagos] StudentManager initialized for school ID: 6
[10-Mar-2026 15:26:34 Africa/Lagos] StudentManager initialized successfully
[10-Mar-2026 15:26:34 Africa/Lagos] Starting data fetch from database
[10-Mar-2026 15:26:34 Africa/Lagos] Loaded 21 settings records
[10-Mar-2026 15:26:34 Africa/Lagos] Loaded user data for ID: 1
[10-Mar-2026 15:26:34 Africa/Lagos] Loaded 1 academic years
[10-Mar-2026 15:26:34 Africa/Lagos] Loaded 16 classes
[10-Mar-2026 15:26:34 Africa/Lagos] Restoring form data from session for repopulation
[10-Mar-2026 15:26:34 Africa/Lagos] === ADD STUDENT PAGE END ===
[10-Mar-2026 15:26:34 Africa/Lagos] Page loaded with 16 classes, 1 academic years
[10-Mar-2026 15:26:34 Africa/Lagos] ROUTER END: Successfully served /home/academixsuite/public_html/tenant/{school-slug}/admin/add-new-student.php
[10-Mar-2026 15:27:44 Africa/Lagos] === ADD STUDENT PAGE START ===
[10-Mar-2026 15:27:44 Africa/Lagos] Request URI: /tenant/bitflux-wallet-1771434696/admin/add-new-student.php
[10-Mar-2026 15:27:44 Africa/Lagos] Script: /home/academixsuite/public_html/tenant/{school-slug}/admin/add-new-student.php
[10-Mar-2026 15:27:44 Africa/Lagos] Request Method: GET
[10-Mar-2026 15:27:44 Africa/Lagos] Session ID: ffe25fa988f824904788c19e3fb0ee25
[10-Mar-2026 15:27:44 Africa/Lagos] School Slug: bitflux-wallet-1771434696
[10-Mar-2026 15:27:44 Africa/Lagos] User Type: admin
[10-Mar-2026 15:27:44 Africa/Lagos] Current Page: add-new-student.php
[10-Mar-2026 15:27:44 Africa/Lagos] School ID: 6
[10-Mar-2026 15:27:44 Africa/Lagos] School Name: bitflux wallet
[10-Mar-2026 15:27:44 Africa/Lagos] Authenticated User ID: 1
[10-Mar-2026 15:27:44 Africa/Lagos] Authenticated User Type: admin
[10-Mar-2026 15:27:44 Africa/Lagos] Loading autoload from: /home/academixsuite/public_html/tenant/{school-slug}/admin/../../../includes/autoload.php
[10-Mar-2026 15:27:44 Africa/Lagos] Autoload loaded successfully
[10-Mar-2026 15:27:44 Africa/Lagos] Database class found
[10-Mar-2026 15:27:44 Africa/Lagos] Loading StudentManager from: /home/academixsuite/public_html/tenant/{school-slug}/admin/../../../includes/StudentManager.php
[10-Mar-2026 15:27:44 Africa/Lagos] StudentManager loaded successfully
[10-Mar-2026 15:27:44 Africa/Lagos] Attempting to connect to database: school_6
[10-Mar-2026 15:27:44 Africa/Lagos] School database connection successful for: school_6
[10-Mar-2026 15:27:44 Africa/Lagos] Database connection PDO object: PDO
[10-Mar-2026 15:27:44 Africa/Lagos] Initializing StudentManager with parameters:
[10-Mar-2026 15:27:44 Africa/Lagos] - School ID: 6
[10-Mar-2026 15:27:44 Africa/Lagos] - User ID: 1
[10-Mar-2026 15:27:44 Africa/Lagos] - User Type: admin
[10-Mar-2026 15:27:44 Africa/Lagos] StudentManager initialized for school ID: 6
[10-Mar-2026 15:27:44 Africa/Lagos] StudentManager initialized successfully
[10-Mar-2026 15:27:44 Africa/Lagos] Starting data fetch from database
[10-Mar-2026 15:27:44 Africa/Lagos] Loaded 21 settings records
[10-Mar-2026 15:27:44 Africa/Lagos] Loaded user data for ID: 1
[10-Mar-2026 15:27:44 Africa/Lagos] Loaded 1 academic years
[10-Mar-2026 15:27:44 Africa/Lagos] Loaded 16 classes
[10-Mar-2026 15:27:44 Africa/Lagos] === ADD STUDENT PAGE END ===
[10-Mar-2026 15:27:44 Africa/Lagos] Page loaded with 16 classes, 1 academic years
[10-Mar-2026 15:27:44 Africa/Lagos] ROUTER END: Successfully served /home/academixsuite/public_html/tenant/{school-slug}/admin/add-new-student.php
[10-Mar-2026 15:27:55 Africa/Lagos] === ADD STUDENT PAGE START ===
[10-Mar-2026 15:27:55 Africa/Lagos] Request URI: /tenant/bitflux-wallet-1771434696/admin/add-new-student.php?ajax=get_sections&class_id=16
[10-Mar-2026 15:27:55 Africa/Lagos] Script: /home/academixsuite/public_html/tenant/{school-slug}/admin/add-new-student.php
[10-Mar-2026 15:27:55 Africa/Lagos] Request Method: GET
[10-Mar-2026 15:27:55 Africa/Lagos] Session ID: ffe25fa988f824904788c19e3fb0ee25
[10-Mar-2026 15:27:55 Africa/Lagos] School Slug: bitflux-wallet-1771434696
[10-Mar-2026 15:27:55 Africa/Lagos] User Type: admin
[10-Mar-2026 15:27:55 Africa/Lagos] Current Page: add-new-student.php
[10-Mar-2026 15:27:55 Africa/Lagos] School ID: 6
[10-Mar-2026 15:27:55 Africa/Lagos] School Name: bitflux wallet
[10-Mar-2026 15:27:55 Africa/Lagos] Authenticated User ID: 1
[10-Mar-2026 15:27:55 Africa/Lagos] Authenticated User Type: admin
[10-Mar-2026 15:27:55 Africa/Lagos] Loading autoload from: /home/academixsuite/public_html/tenant/{school-slug}/admin/../../../includes/autoload.php
[10-Mar-2026 15:27:55 Africa/Lagos] Autoload loaded successfully
[10-Mar-2026 15:27:55 Africa/Lagos] Database class found
[10-Mar-2026 15:27:55 Africa/Lagos] Loading StudentManager from: /home/academixsuite/public_html/tenant/{school-slug}/admin/../../../includes/StudentManager.php
[10-Mar-2026 15:27:55 Africa/Lagos] StudentManager loaded successfully
[10-Mar-2026 15:27:55 Africa/Lagos] Attempting to connect to database: school_6
[10-Mar-2026 15:27:55 Africa/Lagos] School database connection successful for: school_6
[10-Mar-2026 15:27:55 Africa/Lagos] Database connection PDO object: PDO
[10-Mar-2026 15:27:55 Africa/Lagos] Initializing StudentManager with parameters:
[10-Mar-2026 15:27:55 Africa/Lagos] - School ID: 6
[10-Mar-2026 15:27:55 Africa/Lagos] - User ID: 1
[10-Mar-2026 15:27:55 Africa/Lagos] - User Type: admin
[10-Mar-2026 15:27:55 Africa/Lagos] StudentManager initialized for school ID: 6
[10-Mar-2026 15:27:55 Africa/Lagos] StudentManager initialized successfully
[10-Mar-2026 15:27:55 Africa/Lagos] Starting data fetch from database
[10-Mar-2026 15:27:55 Africa/Lagos] Loaded 21 settings records
[10-Mar-2026 15:27:55 Africa/Lagos] Loaded user data for ID: 1
[10-Mar-2026 15:27:55 Africa/Lagos] Loaded 1 academic years
[10-Mar-2026 15:27:55 Africa/Lagos] Loaded 16 classes
[10-Mar-2026 15:27:55 Africa/Lagos] Retrieved 0 sections for class ID: 16
[10-Mar-2026 15:27:55 Africa/Lagos] Loaded 0 sections for class 16
[10-Mar-2026 15:27:55 Africa/Lagos] Processing AJAX request: get_sections
[10-Mar-2026 15:27:55 Africa/Lagos] Retrieved 0 sections for class ID: 16
[10-Mar-2026 15:29:43 Africa/Lagos] === ADD STUDENT PAGE START ===
[10-Mar-2026 15:29:43 Africa/Lagos] Request URI: /tenant/bitflux-wallet-1771434696/admin/add-new-student.php
[10-Mar-2026 15:29:43 Africa/Lagos] Script: /home/academixsuite/public_html/tenant/{school-slug}/admin/add-new-student.php
[10-Mar-2026 15:29:43 Africa/Lagos] Request Method: GET
[10-Mar-2026 15:29:43 Africa/Lagos] Session ID: ffe25fa988f824904788c19e3fb0ee25
[10-Mar-2026 15:29:43 Africa/Lagos] School Slug: bitflux-wallet-1771434696
[10-Mar-2026 15:29:43 Africa/Lagos] User Type: admin
[10-Mar-2026 15:29:43 Africa/Lagos] Current Page: add-new-student.php
[10-Mar-2026 15:29:43 Africa/Lagos] School ID: 6
[10-Mar-2026 15:29:43 Africa/Lagos] School Name: bitflux wallet
[10-Mar-2026 15:29:43 Africa/Lagos] Authenticated User ID: 1
[10-Mar-2026 15:29:43 Africa/Lagos] Authenticated User Type: admin
[10-Mar-2026 15:29:43 Africa/Lagos] Loading autoload from: /home/academixsuite/public_html/tenant/{school-slug}/admin/../../../includes/autoload.php
[10-Mar-2026 15:29:43 Africa/Lagos] Autoload loaded successfully
[10-Mar-2026 15:29:43 Africa/Lagos] Database class found
[10-Mar-2026 15:29:43 Africa/Lagos] Loading StudentManager from: /home/academixsuite/public_html/tenant/{school-slug}/admin/../../../includes/StudentManager.php
[10-Mar-2026 15:29:43 Africa/Lagos] StudentManager loaded successfully
[10-Mar-2026 15:29:43 Africa/Lagos] Attempting to connect to database: school_6
[10-Mar-2026 15:29:43 Africa/Lagos] School database connection successful for: school_6
[10-Mar-2026 15:29:43 Africa/Lagos] Database connection PDO object: PDO
[10-Mar-2026 15:29:43 Africa/Lagos] Initializing StudentManager with parameters:
[10-Mar-2026 15:29:43 Africa/Lagos] - School ID: 6
[10-Mar-2026 15:29:43 Africa/Lagos] - User ID: 1
[10-Mar-2026 15:29:43 Africa/Lagos] - User Type: admin
[10-Mar-2026 15:29:43 Africa/Lagos] StudentManager initialized for school ID: 6
[10-Mar-2026 15:29:43 Africa/Lagos] StudentManager initialized successfully
[10-Mar-2026 15:29:43 Africa/Lagos] Starting data fetch from database
[10-Mar-2026 15:29:43 Africa/Lagos] Loaded 21 settings records
[10-Mar-2026 15:29:43 Africa/Lagos] Loaded user data for ID: 1
[10-Mar-2026 15:29:43 Africa/Lagos] Loaded 1 academic years
[10-Mar-2026 15:29:43 Africa/Lagos] Loaded 16 classes
[10-Mar-2026 15:29:43 Africa/Lagos] === ADD STUDENT PAGE END ===
[10-Mar-2026 15:29:43 Africa/Lagos] Page loaded with 16 classes, 1 academic years
[10-Mar-2026 15:29:43 Africa/Lagos] ROUTER END: Successfully served /home/academixsuite/public_html/tenant/{school-slug}/admin/add-new-student.php
[10-Mar-2026 15:30:36 Africa/Lagos] === ADD STUDENT PAGE START ===
[10-Mar-2026 15:30:36 Africa/Lagos] Request URI: /tenant/bitflux-wallet-1771434696/admin/add-new-student.php
[10-Mar-2026 15:30:36 Africa/Lagos] Script: /home/academixsuite/public_html/tenant/{school-slug}/admin/add-new-student.php
[10-Mar-2026 15:30:36 Africa/Lagos] Request Method: GET
[10-Mar-2026 15:30:36 Africa/Lagos] Session ID: ffe25fa988f824904788c19e3fb0ee25
[10-Mar-2026 15:30:36 Africa/Lagos] School Slug: bitflux-wallet-1771434696
[10-Mar-2026 15:30:36 Africa/Lagos] User Type: admin
[10-Mar-2026 15:30:36 Africa/Lagos] Current Page: add-new-student.php
[10-Mar-2026 15:30:36 Africa/Lagos] School ID: 6
[10-Mar-2026 15:30:36 Africa/Lagos] School Name: bitflux wallet
[10-Mar-2026 15:30:36 Africa/Lagos] Authenticated User ID: 1
[10-Mar-2026 15:30:36 Africa/Lagos] Authenticated User Type: admin
[10-Mar-2026 15:30:36 Africa/Lagos] Loading autoload from: /home/academixsuite/public_html/tenant/{school-slug}/admin/../../../includes/autoload.php
[10-Mar-2026 15:30:36 Africa/Lagos] Autoload loaded successfully
[10-Mar-2026 15:30:36 Africa/Lagos] Database class found
[10-Mar-2026 15:30:36 Africa/Lagos] Loading StudentManager from: /home/academixsuite/public_html/tenant/{school-slug}/admin/../../../includes/StudentManager.php
[10-Mar-2026 15:30:36 Africa/Lagos] StudentManager loaded successfully
[10-Mar-2026 15:30:36 Africa/Lagos] Attempting to connect to database: school_6
[10-Mar-2026 15:30:36 Africa/Lagos] School database connection successful for: school_6
[10-Mar-2026 15:30:36 Africa/Lagos] Database connection PDO object: PDO
[10-Mar-2026 15:30:36 Africa/Lagos] Initializing StudentManager with parameters:
[10-Mar-2026 15:30:36 Africa/Lagos] - School ID: 6
[10-Mar-2026 15:30:36 Africa/Lagos] - User ID: 1
[10-Mar-2026 15:30:36 Africa/Lagos] - User Type: admin
[10-Mar-2026 15:30:36 Africa/Lagos] StudentManager initialized for school ID: 6
[10-Mar-2026 15:30:36 Africa/Lagos] StudentManager initialized successfully
[10-Mar-2026 15:30:36 Africa/Lagos] Starting data fetch from database
[10-Mar-2026 15:30:36 Africa/Lagos] Loaded 21 settings records
[10-Mar-2026 15:30:36 Africa/Lagos] Loaded user data for ID: 1
[10-Mar-2026 15:30:36 Africa/Lagos] Loaded 1 academic years
[10-Mar-2026 15:30:36 Africa/Lagos] Loaded 16 classes
[10-Mar-2026 15:30:36 Africa/Lagos] === ADD STUDENT PAGE END ===
[10-Mar-2026 15:30:36 Africa/Lagos] Page loaded with 16 classes, 1 academic years
[10-Mar-2026 15:30:36 Africa/Lagos] ROUTER END: Successfully served /home/academixsuite/public_html/tenant/{school-slug}/admin/add-new-student.php
[10-Mar-2026 16:55:35 Africa/Lagos] === ADD STUDENT PAGE START ===
[10-Mar-2026 16:55:35 Africa/Lagos] Request URI: /tenant/bitflux-wallet-1771434696/admin/add-new-student.php
[10-Mar-2026 16:55:35 Africa/Lagos] Script: /home/academixsuite/public_html/tenant/{school-slug}/admin/add-new-student.php
[10-Mar-2026 16:55:35 Africa/Lagos] Request Method: GET
[10-Mar-2026 16:55:35 Africa/Lagos] Session ID: ffe25fa988f824904788c19e3fb0ee25
[10-Mar-2026 16:55:35 Africa/Lagos] School Slug: bitflux-wallet-1771434696
[10-Mar-2026 16:55:35 Africa/Lagos] User Type: admin
[10-Mar-2026 16:55:35 Africa/Lagos] Current Page: add-new-student.php
[10-Mar-2026 16:55:35 Africa/Lagos] School ID: 6
[10-Mar-2026 16:55:35 Africa/Lagos] School Name: bitflux wallet
[10-Mar-2026 16:55:35 Africa/Lagos] Authenticated User ID: 1
[10-Mar-2026 16:55:35 Africa/Lagos] Authenticated User Type: admin
[10-Mar-2026 16:55:35 Africa/Lagos] Loading autoload from: /home/academixsuite/public_html/tenant/{school-slug}/admin/../../../includes/autoload.php
[10-Mar-2026 16:55:35 Africa/Lagos] Autoload loaded successfully
[10-Mar-2026 16:55:35 Africa/Lagos] Database class found
[10-Mar-2026 16:55:35 Africa/Lagos] Loading StudentManager from: /home/academixsuite/public_html/tenant/{school-slug}/admin/../../../includes/StudentManager.php
[10-Mar-2026 16:55:35 Africa/Lagos] StudentManager loaded successfully
[10-Mar-2026 16:55:35 Africa/Lagos] Attempting to connect to database: school_6
[10-Mar-2026 16:55:35 Africa/Lagos] School database connection successful for: school_6
[10-Mar-2026 16:55:35 Africa/Lagos] Database connection PDO object: PDO
[10-Mar-2026 16:55:35 Africa/Lagos] Initializing StudentManager with parameters:
[10-Mar-2026 16:55:35 Africa/Lagos] - School ID: 6
[10-Mar-2026 16:55:35 Africa/Lagos] - User ID: 1
[10-Mar-2026 16:55:35 Africa/Lagos] - User Type: admin
[10-Mar-2026 16:55:35 Africa/Lagos] StudentManager initialized for school ID: 6
[10-Mar-2026 16:55:35 Africa/Lagos] StudentManager initialized successfully
[10-Mar-2026 16:55:35 Africa/Lagos] Starting data fetch from database
[10-Mar-2026 16:55:35 Africa/Lagos] Loaded 21 settings records
[10-Mar-2026 16:55:35 Africa/Lagos] Loaded user data for ID: 1
[10-Mar-2026 16:55:35 Africa/Lagos] Loaded 1 academic years
[10-Mar-2026 16:55:35 Africa/Lagos] Loaded 16 classes
[10-Mar-2026 16:55:35 Africa/Lagos] === ADD STUDENT PAGE END ===
[10-Mar-2026 16:55:35 Africa/Lagos] Page loaded with 16 classes, 1 academic years
[10-Mar-2026 16:55:35 Africa/Lagos] ROUTER END: Successfully served /home/academixsuite/public_html/tenant/{school-slug}/admin/add-new-student.php
[10-Mar-2026 16:55:41 Africa/Lagos] === ADD STUDENT PAGE START ===
[10-Mar-2026 16:55:41 Africa/Lagos] Request URI: /tenant/bitflux-wallet-1771434696/admin/add-new-student.php?ajax=get_sections&class_id=16
[10-Mar-2026 16:55:41 Africa/Lagos] Script: /home/academixsuite/public_html/tenant/{school-slug}/admin/add-new-student.php
[10-Mar-2026 16:55:41 Africa/Lagos] Request Method: GET
[10-Mar-2026 16:55:41 Africa/Lagos] Session ID: ffe25fa988f824904788c19e3fb0ee25
[10-Mar-2026 16:55:41 Africa/Lagos] School Slug: bitflux-wallet-1771434696
[10-Mar-2026 16:55:41 Africa/Lagos] User Type: admin
[10-Mar-2026 16:55:41 Africa/Lagos] Current Page: add-new-student.php
[10-Mar-2026 16:55:41 Africa/Lagos] School ID: 6
[10-Mar-2026 16:55:41 Africa/Lagos] School Name: bitflux wallet
[10-Mar-2026 16:55:41 Africa/Lagos] Authenticated User ID: 1
[10-Mar-2026 16:55:41 Africa/Lagos] Authenticated User Type: admin
[10-Mar-2026 16:55:41 Africa/Lagos] Loading autoload from: /home/academixsuite/public_html/tenant/{school-slug}/admin/../../../includes/autoload.php
[10-Mar-2026 16:55:41 Africa/Lagos] Autoload loaded successfully
[10-Mar-2026 16:55:41 Africa/Lagos] Database class found
[10-Mar-2026 16:55:41 Africa/Lagos] Loading StudentManager from: /home/academixsuite/public_html/tenant/{school-slug}/admin/../../../includes/StudentManager.php
[10-Mar-2026 16:55:41 Africa/Lagos] StudentManager loaded successfully
[10-Mar-2026 16:55:41 Africa/Lagos] Attempting to connect to database: school_6
[10-Mar-2026 16:55:41 Africa/Lagos] School database connection successful for: school_6
[10-Mar-2026 16:55:41 Africa/Lagos] Database connection PDO object: PDO
[10-Mar-2026 16:55:41 Africa/Lagos] Initializing StudentManager with parameters:
[10-Mar-2026 16:55:41 Africa/Lagos] - School ID: 6
[10-Mar-2026 16:55:41 Africa/Lagos] - User ID: 1
[10-Mar-2026 16:55:41 Africa/Lagos] - User Type: admin
[10-Mar-2026 16:55:41 Africa/Lagos] StudentManager initialized for school ID: 6
[10-Mar-2026 16:55:41 Africa/Lagos] StudentManager initialized successfully
[10-Mar-2026 16:55:41 Africa/Lagos] Starting data fetch from database
[10-Mar-2026 16:55:41 Africa/Lagos] Loaded 21 settings records
[10-Mar-2026 16:55:41 Africa/Lagos] Loaded user data for ID: 1
[10-Mar-2026 16:55:41 Africa/Lagos] Loaded 1 academic years
[10-Mar-2026 16:55:41 Africa/Lagos] Loaded 16 classes
[10-Mar-2026 16:55:41 Africa/Lagos] Retrieved 0 sections for class ID: 16
[10-Mar-2026 16:55:41 Africa/Lagos] Loaded 0 sections for class 16
[10-Mar-2026 16:55:41 Africa/Lagos] Processing AJAX request: get_sections
[10-Mar-2026 16:55:41 Africa/Lagos] Retrieved 0 sections for class ID: 16
[10-Mar-2026 17:16:25 Africa/Lagos] === ADD STUDENT PAGE START ===
[10-Mar-2026 17:16:25 Africa/Lagos] Request URI: /tenant/bitflux-wallet-1771434696/admin/add-new-student.php
[10-Mar-2026 17:16:25 Africa/Lagos] Script: /home/academixsuite/public_html/tenant/{school-slug}/admin/add-new-student.php
[10-Mar-2026 17:16:25 Africa/Lagos] Request Method: POST
[10-Mar-2026 17:16:25 Africa/Lagos] Session ID: ffe25fa988f824904788c19e3fb0ee25
[10-Mar-2026 17:16:25 Africa/Lagos] School Slug: bitflux-wallet-1771434696
[10-Mar-2026 17:16:25 Africa/Lagos] User Type: admin
[10-Mar-2026 17:16:25 Africa/Lagos] Current Page: add-new-student.php
[10-Mar-2026 17:16:25 Africa/Lagos] School ID: 6
[10-Mar-2026 17:16:25 Africa/Lagos] School Name: bitflux wallet
[10-Mar-2026 17:16:25 Africa/Lagos] Authenticated User ID: 1
[10-Mar-2026 17:16:25 Africa/Lagos] Authenticated User Type: admin
[10-Mar-2026 17:16:25 Africa/Lagos] Loading autoload from: /home/academixsuite/public_html/tenant/{school-slug}/admin/../../../includes/autoload.php
[10-Mar-2026 17:16:25 Africa/Lagos] Autoload loaded successfully
[10-Mar-2026 17:16:25 Africa/Lagos] Database class found
[10-Mar-2026 17:16:25 Africa/Lagos] Loading StudentManager from: /home/academixsuite/public_html/tenant/{school-slug}/admin/../../../includes/StudentManager.php
[10-Mar-2026 17:16:25 Africa/Lagos] StudentManager loaded successfully
[10-Mar-2026 17:16:25 Africa/Lagos] Attempting to connect to database: school_6
[10-Mar-2026 17:16:25 Africa/Lagos] School database connection successful for: school_6
[10-Mar-2026 17:16:25 Africa/Lagos] Database connection PDO object: PDO
[10-Mar-2026 17:16:25 Africa/Lagos] Initializing StudentManager with parameters:
[10-Mar-2026 17:16:25 Africa/Lagos] - School ID: 6
[10-Mar-2026 17:16:25 Africa/Lagos] - User ID: 1
[10-Mar-2026 17:16:25 Africa/Lagos] - User Type: admin
[10-Mar-2026 17:16:25 Africa/Lagos] StudentManager initialized for school ID: 6
[10-Mar-2026 17:16:25 Africa/Lagos] StudentManager initialized successfully
[10-Mar-2026 17:16:25 Africa/Lagos] POST data received. Fields: csrf_token, academic_year, class, section, roll_number, admission_date, first_name, middle_name, last_name, gender, date_of_birth, student_phone, student_email, existing_parent_id, guardian_name, guardian_relation, guardian_phone, guardian_email, guardian_address, blood_group, allergies, medical_conditions, current_address, permanent_address, previous_school, previous_class, transfer_certificate_no
[10-Mar-2026 17:16:25 Africa/Lagos] Starting data fetch from database
[10-Mar-2026 17:16:25 Africa/Lagos] Loaded 21 settings records
[10-Mar-2026 17:16:25 Africa/Lagos] Loaded user data for ID: 1
[10-Mar-2026 17:16:25 Africa/Lagos] Loaded 1 academic years
[10-Mar-2026 17:16:25 Africa/Lagos] Loaded 16 classes
[10-Mar-2026 17:16:25 Africa/Lagos] === POST REQUEST DETECTED ===
[10-Mar-2026 17:16:25 Africa/Lagos] POST data keys: csrf_token, academic_year, class, section, roll_number, admission_date, first_name, middle_name, last_name, gender, date_of_birth, student_phone, student_email, existing_parent_id, guardian_name, guardian_relation, guardian_phone, guardian_email, guardian_address, blood_group, allergies, medical_conditions, current_address, permanent_address, previous_school, previous_class, transfer_certificate_no
[10-Mar-2026 17:16:25 Africa/Lagos] === PROCESSING FORM SUBMISSION ===
[10-Mar-2026 17:16:25 Africa/Lagos] Form submission detected via field presence
[10-Mar-2026 17:16:25 Africa/Lagos] CSRF validation PASSED
[10-Mar-2026 17:16:25 Africa/Lagos] Student data prepared for insertion:
[10-Mar-2026 17:16:25 Africa/Lagos] - Name: Chimdiomimi Umenyi
[10-Mar-2026 17:16:25 Africa/Lagos] Validation PASSED - all required fields present
[10-Mar-2026 17:16:25 Africa/Lagos] Calling StudentManager->addStudent()
[10-Mar-2026 17:16:25 Africa/Lagos] === ADD STUDENT START ===
[10-Mar-2026 17:16:25 Africa/Lagos] School ID: 6
[10-Mar-2026 17:16:25 Africa/Lagos] User ID: 1
[10-Mar-2026 17:16:25 Africa/Lagos] Data received: ["academic_year_id","class_id","section_id","roll_number","admission_date","first_name","middle_name","last_name","gender","date_of_birth","student_email","student_phone","guardian_name","guardian_email","guardian_phone","guardian_relation","guardian_address","existing_parent_id","blood_group","allergies","medical_conditions","doctor_name","doctor_phone","current_address","permanent_address","previous_school","previous_class","transfer_certificate_no"]
[10-Mar-2026 17:16:25 Africa/Lagos] Transaction started
[10-Mar-2026 17:16:25 Africa/Lagos] Validation passed
[10-Mar-2026 17:16:25 Africa/Lagos] Generating admission number for academic year ID: 1
[10-Mar-2026 17:16:25 Africa/Lagos] Using academic year: 2025-2026 (Year: 2025)
[10-Mar-2026 17:16:25 Africa/Lagos] Generated admission number: BIT-2025-0006
[10-Mar-2026 17:16:25 Africa/Lagos] Generated admission number: BIT-2025-0006
[10-Mar-2026 17:16:25 Africa/Lagos] Generated random password of length: 8
[10-Mar-2026 17:16:25 Africa/Lagos] Student password generated (hashed)
[10-Mar-2026 17:16:25 Africa/Lagos] Creating student user account:
[10-Mar-2026 17:16:25 Africa/Lagos] - Full name: Chimdiomimi Goodall Umenyi
[10-Mar-2026 17:16:25 Africa/Lagos] - Email: chimdiomimieumenyi@gmail.com
[10-Mar-2026 17:16:25 Africa/Lagos] - Username: chimdiomimieumenyi
[10-Mar-2026 17:16:25 Africa/Lagos] Student user created with ID: 23
[10-Mar-2026 17:16:25 Africa/Lagos] Student role assigned to user ID: 23
[10-Mar-2026 17:16:25 Africa/Lagos] Getting default campus ID for school: 6
[10-Mar-2026 17:16:25 Africa/Lagos] Error getting default campus: SQLSTATE[42S22]: Column not found: 1054 Unknown column 'is_default' in 'WHERE'
[10-Mar-2026 17:16:25 Africa/Lagos] Campus ID: null
[10-Mar-2026 17:16:25 Africa/Lagos] Inserting student record...
[10-Mar-2026 17:16:25 Africa/Lagos] Student insert params prepared: [6,null,"23","BIT-2025-0006","6",16,null,"2026-03-10","Chimdiomimi","Goodall","Umenyi","2020-03-10"]...
[10-Mar-2026 17:16:25 Africa/Lagos] === STUDENT RECORD CREATED SUCCESSFULLY ===
[10-Mar-2026 17:16:25 Africa/Lagos] Student ID: 7
[10-Mar-2026 17:16:25 Africa/Lagos] Admission Number: BIT-2025-0006
[10-Mar-2026 17:16:25 Africa/Lagos] Creating new parent from guardian data
[10-Mar-2026 17:16:25 Africa/Lagos] === FIND OR CREATE PARENT ===
[10-Mar-2026 17:16:25 Africa/Lagos] Parent data: {"name":"Favour","email":"safebit99@gmail.com","phone":"+234 704 139 0038","address":"Uga anambra state"}
[10-Mar-2026 17:16:25 Africa/Lagos] No existing parent found, creating new parent
[10-Mar-2026 17:16:25 Africa/Lagos] Generated random password of length: 8
[10-Mar-2026 17:16:25 Africa/Lagos] Generated parent password (hashed)
[10-Mar-2026 17:16:25 Africa/Lagos] ERROR in findOrCreateParent: SQLSTATE[23000]: Integrity constraint violation: 1062 Duplicate entry '6-safebit99@gmail.com' for key 'unique_email_school'
[10-Mar-2026 17:16:25 Africa/Lagos] Stack trace: #0 /home/academixsuite/public_html/includes/StudentManager.php(253): PDOStatement->execute(Array)
#1 /home/academixsuite/public_html/includes/StudentManager.php(546): StudentManager->findOrCreateParent(Array)
#2 /home/academixsuite/public_html/tenant/{school-slug}/admin/add-new-student.php(438): StudentManager->addStudent(Array)
#3 /home/academixsuite/public_html/tenant/router.php(365): require_once('/home/academixs...')
#4 {main}
[10-Mar-2026 17:16:25 Africa/Lagos] Transaction rolled back due to error
[10-Mar-2026 17:16:25 Africa/Lagos] === ADD STUDENT FAILED ===
[10-Mar-2026 17:16:25 Africa/Lagos] Error: SQLSTATE[23000]: Integrity constraint violation: 1062 Duplicate entry '6-safebit99@gmail.com' for key 'unique_email_school'
[10-Mar-2026 17:16:25 Africa/Lagos] Stack trace: #0 /home/academixsuite/public_html/includes/StudentManager.php(253): PDOStatement->execute(Array)
#1 /home/academixsuite/public_html/includes/StudentManager.php(546): StudentManager->findOrCreateParent(Array)
#2 /home/academixsuite/public_html/tenant/{school-slug}/admin/add-new-student.php(438): StudentManager->addStudent(Array)
#3 /home/academixsuite/public_html/tenant/router.php(365): require_once('/home/academixs...')
#4 {main}
[10-Mar-2026 17:16:25 Africa/Lagos] PDO Error Info: ["23000",1062,"Duplicate entry '6-safebit99@gmail.com' for key 'unique_email_school'"]
[10-Mar-2026 17:16:25 Africa/Lagos] StudentManager->addStudent() completed in 405.21ms
[10-Mar-2026 17:16:25 Africa/Lagos] === STUDENT ADDITION FAILED ===
[10-Mar-2026 17:16:25 Africa/Lagos] Error message: Error adding student: SQLSTATE[23000]: Integrity constraint violation: 1062 Duplicate entry '6-safebit99@gmail.com' for key 'unique_email_school'
[10-Mar-2026 17:16:25 Africa/Lagos] Redirecting after form processing
[10-Mar-2026 17:16:31 Africa/Lagos] === ADD STUDENT PAGE START ===
[10-Mar-2026 17:16:31 Africa/Lagos] Request URI: /tenant/bitflux-wallet-1771434696/admin/add-new-student.php
[10-Mar-2026 17:16:31 Africa/Lagos] Script: /home/academixsuite/public_html/tenant/{school-slug}/admin/add-new-student.php
[10-Mar-2026 17:16:31 Africa/Lagos] Request Method: GET
[10-Mar-2026 17:16:31 Africa/Lagos] Session ID: ffe25fa988f824904788c19e3fb0ee25
[10-Mar-2026 17:16:31 Africa/Lagos] School Slug: bitflux-wallet-1771434696
[10-Mar-2026 17:16:31 Africa/Lagos] User Type: admin
[10-Mar-2026 17:16:31 Africa/Lagos] Current Page: add-new-student.php
[10-Mar-2026 17:16:31 Africa/Lagos] School ID: 6
[10-Mar-2026 17:16:31 Africa/Lagos] School Name: bitflux wallet
[10-Mar-2026 17:16:31 Africa/Lagos] Authenticated User ID: 1
[10-Mar-2026 17:16:31 Africa/Lagos] Authenticated User Type: admin
[10-Mar-2026 17:16:31 Africa/Lagos] Loading autoload from: /home/academixsuite/public_html/tenant/{school-slug}/admin/../../../includes/autoload.php
[10-Mar-2026 17:16:31 Africa/Lagos] Autoload loaded successfully
[10-Mar-2026 17:16:31 Africa/Lagos] Database class found
[10-Mar-2026 17:16:31 Africa/Lagos] Loading StudentManager from: /home/academixsuite/public_html/tenant/{school-slug}/admin/../../../includes/StudentManager.php
[10-Mar-2026 17:16:31 Africa/Lagos] StudentManager loaded successfully
[10-Mar-2026 17:16:31 Africa/Lagos] Attempting to connect to database: school_6
[10-Mar-2026 17:16:31 Africa/Lagos] School database connection successful for: school_6
[10-Mar-2026 17:16:31 Africa/Lagos] Database connection PDO object: PDO
[10-Mar-2026 17:16:31 Africa/Lagos] Initializing StudentManager with parameters:
[10-Mar-2026 17:16:31 Africa/Lagos] - School ID: 6
[10-Mar-2026 17:16:31 Africa/Lagos] - User ID: 1
[10-Mar-2026 17:16:31 Africa/Lagos] - User Type: admin
[10-Mar-2026 17:16:31 Africa/Lagos] StudentManager initialized for school ID: 6
[10-Mar-2026 17:16:31 Africa/Lagos] StudentManager initialized successfully
[10-Mar-2026 17:16:31 Africa/Lagos] Starting data fetch from database
[10-Mar-2026 17:16:31 Africa/Lagos] Loaded 21 settings records
[10-Mar-2026 17:16:31 Africa/Lagos] Loaded user data for ID: 1
[10-Mar-2026 17:16:31 Africa/Lagos] Loaded 1 academic years
[10-Mar-2026 17:16:31 Africa/Lagos] Loaded 16 classes
[10-Mar-2026 17:16:31 Africa/Lagos] Restoring form data from session for repopulation
[10-Mar-2026 17:16:31 Africa/Lagos] === ADD STUDENT PAGE END ===
[10-Mar-2026 17:16:31 Africa/Lagos] Page loaded with 16 classes, 1 academic years
[10-Mar-2026 17:16:31 Africa/Lagos] ROUTER END: Successfully served /home/academixsuite/public_html/tenant/{school-slug}/admin/add-new-student.php
[10-Mar-2026 17:16:33 Africa/Lagos] === ADD STUDENT PAGE START ===
[10-Mar-2026 17:16:33 Africa/Lagos] Request URI: /tenant/bitflux-wallet-1771434696/admin/add-new-student.php
[10-Mar-2026 17:16:33 Africa/Lagos] Script: /home/academixsuite/public_html/tenant/{school-slug}/admin/add-new-student.php
[10-Mar-2026 17:16:33 Africa/Lagos] Request Method: POST
[10-Mar-2026 17:16:33 Africa/Lagos] Session ID: ffe25fa988f824904788c19e3fb0ee25
[10-Mar-2026 17:16:33 Africa/Lagos] School Slug: bitflux-wallet-1771434696
[10-Mar-2026 17:16:33 Africa/Lagos] User Type: admin
[10-Mar-2026 17:16:33 Africa/Lagos] Current Page: add-new-student.php
[10-Mar-2026 17:16:33 Africa/Lagos] School ID: 6
[10-Mar-2026 17:16:33 Africa/Lagos] School Name: bitflux wallet
[10-Mar-2026 17:16:33 Africa/Lagos] Authenticated User ID: 1
[10-Mar-2026 17:16:33 Africa/Lagos] Authenticated User Type: admin
[10-Mar-2026 17:16:33 Africa/Lagos] Loading autoload from: /home/academixsuite/public_html/tenant/{school-slug}/admin/../../../includes/autoload.php
[10-Mar-2026 17:16:33 Africa/Lagos] Autoload loaded successfully
[10-Mar-2026 17:16:33 Africa/Lagos] Database class found
[10-Mar-2026 17:16:33 Africa/Lagos] Loading StudentManager from: /home/academixsuite/public_html/tenant/{school-slug}/admin/../../../includes/StudentManager.php
[10-Mar-2026 17:16:33 Africa/Lagos] StudentManager loaded successfully
[10-Mar-2026 17:16:33 Africa/Lagos] Attempting to connect to database: school_6
[10-Mar-2026 17:16:33 Africa/Lagos] School database connection successful for: school_6
[10-Mar-2026 17:16:33 Africa/Lagos] Database connection PDO object: PDO
[10-Mar-2026 17:16:33 Africa/Lagos] Initializing StudentManager with parameters:
[10-Mar-2026 17:16:33 Africa/Lagos] - School ID: 6
[10-Mar-2026 17:16:33 Africa/Lagos] - User ID: 1
[10-Mar-2026 17:16:33 Africa/Lagos] - User Type: admin
[10-Mar-2026 17:16:33 Africa/Lagos] StudentManager initialized for school ID: 6
[10-Mar-2026 17:16:33 Africa/Lagos] StudentManager initialized successfully
[10-Mar-2026 17:16:33 Africa/Lagos] POST data received. Fields: csrf_token, academic_year, class, section, roll_number, admission_date, first_name, middle_name, last_name, gender, date_of_birth, student_phone, student_email, existing_parent_id, guardian_name, guardian_relation, guardian_phone, guardian_email, guardian_address, blood_group, allergies, medical_conditions, current_address, permanent_address, previous_school, previous_class, transfer_certificate_no
[10-Mar-2026 17:16:33 Africa/Lagos] Starting data fetch from database
[10-Mar-2026 17:16:33 Africa/Lagos] Loaded 21 settings records
[10-Mar-2026 17:16:33 Africa/Lagos] Loaded user data for ID: 1
[10-Mar-2026 17:16:33 Africa/Lagos] Loaded 1 academic years
[10-Mar-2026 17:16:33 Africa/Lagos] Loaded 16 classes
[10-Mar-2026 17:16:33 Africa/Lagos] === POST REQUEST DETECTED ===
[10-Mar-2026 17:16:33 Africa/Lagos] POST data keys: csrf_token, academic_year, class, section, roll_number, admission_date, first_name, middle_name, last_name, gender, date_of_birth, student_phone, student_email, existing_parent_id, guardian_name, guardian_relation, guardian_phone, guardian_email, guardian_address, blood_group, allergies, medical_conditions, current_address, permanent_address, previous_school, previous_class, transfer_certificate_no
[10-Mar-2026 17:16:33 Africa/Lagos] === PROCESSING FORM SUBMISSION ===
[10-Mar-2026 17:16:33 Africa/Lagos] Form submission detected via field presence
[10-Mar-2026 17:16:33 Africa/Lagos] CSRF validation PASSED
[10-Mar-2026 17:16:33 Africa/Lagos] Student data prepared for insertion:
[10-Mar-2026 17:16:33 Africa/Lagos] - Name: Chimdiomimi Umenyi
[10-Mar-2026 17:16:33 Africa/Lagos] Validation PASSED - all required fields present
[10-Mar-2026 17:16:33 Africa/Lagos] Calling StudentManager->addStudent()
[10-Mar-2026 17:16:33 Africa/Lagos] === ADD STUDENT START ===
[10-Mar-2026 17:16:33 Africa/Lagos] School ID: 6
[10-Mar-2026 17:16:33 Africa/Lagos] User ID: 1
[10-Mar-2026 17:16:33 Africa/Lagos] Data received: ["academic_year_id","class_id","section_id","roll_number","admission_date","first_name","middle_name","last_name","gender","date_of_birth","student_email","student_phone","guardian_name","guardian_email","guardian_phone","guardian_relation","guardian_address","existing_parent_id","blood_group","allergies","medical_conditions","doctor_name","doctor_phone","current_address","permanent_address","previous_school","previous_class","transfer_certificate_no"]
[10-Mar-2026 17:16:33 Africa/Lagos] Transaction started
[10-Mar-2026 17:16:33 Africa/Lagos] Validation passed
[10-Mar-2026 17:16:33 Africa/Lagos] Generating admission number for academic year ID: 1
[10-Mar-2026 17:16:33 Africa/Lagos] Using academic year: 2025-2026 (Year: 2025)
[10-Mar-2026 17:16:33 Africa/Lagos] Generated admission number: BIT-2025-0006
[10-Mar-2026 17:16:33 Africa/Lagos] Generated admission number: BIT-2025-0006
[10-Mar-2026 17:16:33 Africa/Lagos] Generated random password of length: 8
[10-Mar-2026 17:16:34 Africa/Lagos] Student password generated (hashed)
[10-Mar-2026 17:16:34 Africa/Lagos] Creating student user account:
[10-Mar-2026 17:16:34 Africa/Lagos] - Full name: Chimdiomimi Goodall Umenyi
[10-Mar-2026 17:16:34 Africa/Lagos] - Email: chimdiomimieumenyi@gmail.com
[10-Mar-2026 17:16:34 Africa/Lagos] - Username: chimdiomimieumenyi
[10-Mar-2026 17:16:34 Africa/Lagos] Student user created with ID: 25
[10-Mar-2026 17:16:34 Africa/Lagos] Student role assigned to user ID: 25
[10-Mar-2026 17:16:34 Africa/Lagos] Getting default campus ID for school: 6
[10-Mar-2026 17:16:34 Africa/Lagos] Error getting default campus: SQLSTATE[42S22]: Column not found: 1054 Unknown column 'is_default' in 'WHERE'
[10-Mar-2026 17:16:34 Africa/Lagos] Campus ID: null
[10-Mar-2026 17:16:34 Africa/Lagos] Inserting student record...
[10-Mar-2026 17:16:34 Africa/Lagos] Student insert params prepared: [6,null,"25","BIT-2025-0006","6",16,null,"2026-03-10","Chimdiomimi","Goodall","Umenyi","2020-03-10"]...
[10-Mar-2026 17:16:34 Africa/Lagos] === STUDENT RECORD CREATED SUCCESSFULLY ===
[10-Mar-2026 17:16:34 Africa/Lagos] Student ID: 8
[10-Mar-2026 17:16:34 Africa/Lagos] Admission Number: BIT-2025-0006
[10-Mar-2026 17:16:34 Africa/Lagos] Creating new parent from guardian data
[10-Mar-2026 17:16:34 Africa/Lagos] === FIND OR CREATE PARENT ===
[10-Mar-2026 17:16:34 Africa/Lagos] Parent data: {"name":"Favour","email":"safebit99@gmail.com","phone":"+234 704 139 0038","address":"Uga anambra state"}
[10-Mar-2026 17:16:34 Africa/Lagos] No existing parent found, creating new parent
[10-Mar-2026 17:16:34 Africa/Lagos] Generated random password of length: 8
[10-Mar-2026 17:16:34 Africa/Lagos] Generated parent password (hashed)
[10-Mar-2026 17:16:34 Africa/Lagos] ERROR in findOrCreateParent: SQLSTATE[23000]: Integrity constraint violation: 1062 Duplicate entry '6-safebit99@gmail.com' for key 'unique_email_school'
[10-Mar-2026 17:16:34 Africa/Lagos] Stack trace: #0 /home/academixsuite/public_html/includes/StudentManager.php(253): PDOStatement->execute(Array)
#1 /home/academixsuite/public_html/includes/StudentManager.php(546): StudentManager->findOrCreateParent(Array)
#2 /home/academixsuite/public_html/tenant/{school-slug}/admin/add-new-student.php(438): StudentManager->addStudent(Array)
#3 /home/academixsuite/public_html/tenant/router.php(365): require_once('/home/academixs...')
#4 {main}
[10-Mar-2026 17:16:34 Africa/Lagos] Transaction rolled back due to error
[10-Mar-2026 17:16:34 Africa/Lagos] === ADD STUDENT FAILED ===
[10-Mar-2026 17:16:34 Africa/Lagos] Error: SQLSTATE[23000]: Integrity constraint violation: 1062 Duplicate entry '6-safebit99@gmail.com' for key 'unique_email_school'
[10-Mar-2026 17:16:34 Africa/Lagos] Stack trace: #0 /home/academixsuite/public_html/includes/StudentManager.php(253): PDOStatement->execute(Array)
#1 /home/academixsuite/public_html/includes/StudentManager.php(546): StudentManager->findOrCreateParent(Array)
#2 /home/academixsuite/public_html/tenant/{school-slug}/admin/add-new-student.php(438): StudentManager->addStudent(Array)
#3 /home/academixsuite/public_html/tenant/router.php(365): require_once('/home/academixs...')
#4 {main}
[10-Mar-2026 17:16:34 Africa/Lagos] PDO Error Info: ["23000",1062,"Duplicate entry '6-safebit99@gmail.com' for key 'unique_email_school'"]
[10-Mar-2026 17:16:34 Africa/Lagos] StudentManager->addStudent() completed in 404.54ms
[10-Mar-2026 17:16:34 Africa/Lagos] === STUDENT ADDITION FAILED ===
[10-Mar-2026 17:16:34 Africa/Lagos] Error message: Error adding student: SQLSTATE[23000]: Integrity constraint violation: 1062 Duplicate entry '6-safebit99@gmail.com' for key 'unique_email_school'
[10-Mar-2026 17:16:34 Africa/Lagos] Redirecting after form processing
[10-Mar-2026 17:26:56 Africa/Lagos] === ADD STUDENT PAGE START ===
[10-Mar-2026 17:26:56 Africa/Lagos] Request URI: /tenant/bitflux-wallet-1771434696/admin/add-new-student.php
[10-Mar-2026 17:26:56 Africa/Lagos] Script: /home/academixsuite/public_html/tenant/{school-slug}/admin/add-new-student.php
[10-Mar-2026 17:26:56 Africa/Lagos] Request Method: GET
[10-Mar-2026 17:26:56 Africa/Lagos] Session ID: ffe25fa988f824904788c19e3fb0ee25
[10-Mar-2026 17:26:56 Africa/Lagos] School Slug: bitflux-wallet-1771434696
[10-Mar-2026 17:26:56 Africa/Lagos] User Type: admin
[10-Mar-2026 17:26:56 Africa/Lagos] Current Page: add-new-student.php
[10-Mar-2026 17:26:56 Africa/Lagos] School ID: 6
[10-Mar-2026 17:26:56 Africa/Lagos] School Name: bitflux wallet
[10-Mar-2026 17:26:56 Africa/Lagos] Authenticated User ID: 1
[10-Mar-2026 17:26:56 Africa/Lagos] Authenticated User Type: admin
[10-Mar-2026 17:26:56 Africa/Lagos] Loading autoload from: /home/academixsuite/public_html/tenant/{school-slug}/admin/../../../includes/autoload.php
[10-Mar-2026 17:26:56 Africa/Lagos] Autoload loaded successfully
[10-Mar-2026 17:26:56 Africa/Lagos] Database class found
[10-Mar-2026 17:26:56 Africa/Lagos] Loading StudentManager from: /home/academixsuite/public_html/tenant/{school-slug}/admin/../../../includes/StudentManager.php
[10-Mar-2026 17:26:56 Africa/Lagos] StudentManager loaded successfully
[10-Mar-2026 17:26:56 Africa/Lagos] Attempting to connect to database: school_6
[10-Mar-2026 17:26:56 Africa/Lagos] School database connection successful for: school_6
[10-Mar-2026 17:26:56 Africa/Lagos] Database connection PDO object: PDO
[10-Mar-2026 17:26:56 Africa/Lagos] Initializing StudentManager with parameters:
[10-Mar-2026 17:26:56 Africa/Lagos] - School ID: 6
[10-Mar-2026 17:26:56 Africa/Lagos] - User ID: 1
[10-Mar-2026 17:26:56 Africa/Lagos] - User Type: admin
[10-Mar-2026 17:26:56 Africa/Lagos] StudentManager initialized for school ID: 6
[10-Mar-2026 17:26:56 Africa/Lagos] StudentManager initialized successfully
[10-Mar-2026 17:26:56 Africa/Lagos] Starting data fetch from database
[10-Mar-2026 17:26:56 Africa/Lagos] Loaded 21 settings records
[10-Mar-2026 17:26:56 Africa/Lagos] Loaded user data for ID: 1
[10-Mar-2026 17:26:56 Africa/Lagos] Loaded 1 academic years
[10-Mar-2026 17:26:56 Africa/Lagos] Loaded 16 classes
[10-Mar-2026 17:26:56 Africa/Lagos] Restoring form data from session for repopulation
[10-Mar-2026 17:26:56 Africa/Lagos] === ADD STUDENT PAGE END ===
[10-Mar-2026 17:26:56 Africa/Lagos] Page loaded with 16 classes, 1 academic years
[10-Mar-2026 17:26:56 Africa/Lagos] ROUTER END: Successfully served /home/academixsuite/public_html/tenant/{school-slug}/admin/add-new-student.php
[10-Mar-2026 17:27:07 Africa/Lagos] === ADD STUDENT PAGE START ===
[10-Mar-2026 17:27:07 Africa/Lagos] Request URI: /tenant/bitflux-wallet-1771434696/admin/add-new-student.php
[10-Mar-2026 17:27:07 Africa/Lagos] Script: /home/academixsuite/public_html/tenant/{school-slug}/admin/add-new-student.php
[10-Mar-2026 17:27:07 Africa/Lagos] Request Method: POST
[10-Mar-2026 17:27:07 Africa/Lagos] Session ID: ffe25fa988f824904788c19e3fb0ee25
[10-Mar-2026 17:27:07 Africa/Lagos] School Slug: bitflux-wallet-1771434696
[10-Mar-2026 17:27:07 Africa/Lagos] User Type: admin
[10-Mar-2026 17:27:07 Africa/Lagos] Current Page: add-new-student.php
[10-Mar-2026 17:27:07 Africa/Lagos] School ID: 6
[10-Mar-2026 17:27:07 Africa/Lagos] School Name: bitflux wallet
[10-Mar-2026 17:27:07 Africa/Lagos] Authenticated User ID: 1
[10-Mar-2026 17:27:07 Africa/Lagos] Authenticated User Type: admin
[10-Mar-2026 17:27:07 Africa/Lagos] Loading autoload from: /home/academixsuite/public_html/tenant/{school-slug}/admin/../../../includes/autoload.php
[10-Mar-2026 17:27:07 Africa/Lagos] Autoload loaded successfully
[10-Mar-2026 17:27:07 Africa/Lagos] Database class found
[10-Mar-2026 17:27:07 Africa/Lagos] Loading StudentManager from: /home/academixsuite/public_html/tenant/{school-slug}/admin/../../../includes/StudentManager.php
[10-Mar-2026 17:27:07 Africa/Lagos] StudentManager loaded successfully
[10-Mar-2026 17:27:07 Africa/Lagos] Attempting to connect to database: school_6
[10-Mar-2026 17:27:07 Africa/Lagos] School database connection successful for: school_6
[10-Mar-2026 17:27:07 Africa/Lagos] Database connection PDO object: PDO
[10-Mar-2026 17:27:07 Africa/Lagos] Initializing StudentManager with parameters:
[10-Mar-2026 17:27:07 Africa/Lagos] - School ID: 6
[10-Mar-2026 17:27:07 Africa/Lagos] - User ID: 1
[10-Mar-2026 17:27:07 Africa/Lagos] - User Type: admin
[10-Mar-2026 17:27:07 Africa/Lagos] StudentManager initialized for school ID: 6
[10-Mar-2026 17:27:07 Africa/Lagos] StudentManager initialized successfully
[10-Mar-2026 17:27:07 Africa/Lagos] POST data received. Fields: csrf_token, academic_year, class, section, roll_number, admission_date, first_name, middle_name, last_name, gender, date_of_birth, student_phone, student_email, existing_parent_id, guardian_name, guardian_relation, guardian_phone, guardian_email, guardian_address, blood_group, allergies, medical_conditions, current_address, permanent_address, previous_school, previous_class, transfer_certificate_no
[10-Mar-2026 17:27:07 Africa/Lagos] Starting data fetch from database
[10-Mar-2026 17:27:07 Africa/Lagos] Loaded 21 settings records
[10-Mar-2026 17:27:07 Africa/Lagos] Loaded user data for ID: 1
[10-Mar-2026 17:27:07 Africa/Lagos] Loaded 1 academic years
[10-Mar-2026 17:27:07 Africa/Lagos] Loaded 16 classes
[10-Mar-2026 17:27:07 Africa/Lagos] === POST REQUEST DETECTED ===
[10-Mar-2026 17:27:07 Africa/Lagos] POST data keys: csrf_token, academic_year, class, section, roll_number, admission_date, first_name, middle_name, last_name, gender, date_of_birth, student_phone, student_email, existing_parent_id, guardian_name, guardian_relation, guardian_phone, guardian_email, guardian_address, blood_group, allergies, medical_conditions, current_address, permanent_address, previous_school, previous_class, transfer_certificate_no
[10-Mar-2026 17:27:07 Africa/Lagos] === PROCESSING FORM SUBMISSION ===
[10-Mar-2026 17:27:07 Africa/Lagos] Form submission detected via field presence
[10-Mar-2026 17:27:07 Africa/Lagos] CSRF validation PASSED
[10-Mar-2026 17:27:07 Africa/Lagos] Student data prepared for insertion:
[10-Mar-2026 17:27:07 Africa/Lagos] - Name: Chimdiomimi Umenyi
[10-Mar-2026 17:27:07 Africa/Lagos] Validation PASSED - all required fields present
[10-Mar-2026 17:27:07 Africa/Lagos] Calling StudentManager->addStudent()
[10-Mar-2026 17:27:07 Africa/Lagos] === ADD STUDENT START ===
[10-Mar-2026 17:27:07 Africa/Lagos] School ID: 6
[10-Mar-2026 17:27:07 Africa/Lagos] User ID: 1
[10-Mar-2026 17:27:07 Africa/Lagos] Data received: ["academic_year_id","class_id","section_id","roll_number","admission_date","first_name","middle_name","last_name","gender","date_of_birth","student_email","student_phone","guardian_name","guardian_email","guardian_phone","guardian_relation","guardian_address","existing_parent_id","blood_group","allergies","medical_conditions","doctor_name","doctor_phone","current_address","permanent_address","previous_school","previous_class","transfer_certificate_no"]
[10-Mar-2026 17:27:07 Africa/Lagos] Transaction started
[10-Mar-2026 17:27:07 Africa/Lagos] Validation passed
[10-Mar-2026 17:27:07 Africa/Lagos] Generating admission number for academic year ID: 1
[10-Mar-2026 17:27:07 Africa/Lagos] Using academic year: 2025-2026 (Year: 2025)
[10-Mar-2026 17:27:07 Africa/Lagos] Generated admission number: BIT-2025-0006
[10-Mar-2026 17:27:07 Africa/Lagos] Generated admission number: BIT-2025-0006
[10-Mar-2026 17:27:07 Africa/Lagos] Generated random password of length: 8
[10-Mar-2026 17:27:08 Africa/Lagos] Student password generated (hashed)
[10-Mar-2026 17:27:08 Africa/Lagos] Creating student user account:
[10-Mar-2026 17:27:08 Africa/Lagos] - Full name: Chimdiomimi Goodall Umenyi
[10-Mar-2026 17:27:08 Africa/Lagos] - Email: chimdiomimieumenyi@gmail.com
[10-Mar-2026 17:27:08 Africa/Lagos] - Username: chimdiomimieumenyi
[10-Mar-2026 17:27:08 Africa/Lagos] Student user created with ID: 27
[10-Mar-2026 17:27:08 Africa/Lagos] Student role assigned to user ID: 27
[10-Mar-2026 17:27:08 Africa/Lagos] Getting default campus ID for school: 6
[10-Mar-2026 17:27:08 Africa/Lagos] Error getting default campus: SQLSTATE[42S22]: Column not found: 1054 Unknown column 'is_default' in 'WHERE'
[10-Mar-2026 17:27:08 Africa/Lagos] Campus ID: null
[10-Mar-2026 17:27:08 Africa/Lagos] Inserting student record...
[10-Mar-2026 17:27:08 Africa/Lagos] Student insert params prepared: [6,null,"27","BIT-2025-0006","6",16,null,"2026-03-10","Chimdiomimi","Goodall","Umenyi","2020-03-10"]...
[10-Mar-2026 17:27:08 Africa/Lagos] === STUDENT RECORD CREATED SUCCESSFULLY ===
[10-Mar-2026 17:27:08 Africa/Lagos] Student ID: 9
[10-Mar-2026 17:27:08 Africa/Lagos] Admission Number: BIT-2025-0006
[10-Mar-2026 17:27:08 Africa/Lagos] Creating new parent from guardian data
[10-Mar-2026 17:27:08 Africa/Lagos] === FIND OR CREATE PARENT ===
[10-Mar-2026 17:27:08 Africa/Lagos] Parent data: {"name":"Favour","email":"safebit99@gmail.com","phone":"+234 704 139 0038","address":"Uga anambra state"}
[10-Mar-2026 17:27:08 Africa/Lagos] No existing parent found, creating new parent
[10-Mar-2026 17:27:08 Africa/Lagos] Generated random password of length: 8
[10-Mar-2026 17:27:08 Africa/Lagos] Generated parent password (hashed)
[10-Mar-2026 17:27:08 Africa/Lagos] ERROR in findOrCreateParent: SQLSTATE[23000]: Integrity constraint violation: 1062 Duplicate entry '6-safebit99@gmail.com' for key 'unique_email_school'
[10-Mar-2026 17:27:08 Africa/Lagos] Stack trace: #0 /home/academixsuite/public_html/includes/StudentManager.php(253): PDOStatement->execute(Array)
#1 /home/academixsuite/public_html/includes/StudentManager.php(546): StudentManager->findOrCreateParent(Array)
#2 /home/academixsuite/public_html/tenant/{school-slug}/admin/add-new-student.php(438): StudentManager->addStudent(Array)
#3 /home/academixsuite/public_html/tenant/router.php(365): require_once('/home/academixs...')
#4 {main}
[10-Mar-2026 17:27:08 Africa/Lagos] Transaction rolled back due to error
[10-Mar-2026 17:27:08 Africa/Lagos] === ADD STUDENT FAILED ===
[10-Mar-2026 17:27:08 Africa/Lagos] Error: SQLSTATE[23000]: Integrity constraint violation: 1062 Duplicate entry '6-safebit99@gmail.com' for key 'unique_email_school'
[10-Mar-2026 17:27:08 Africa/Lagos] Stack trace: #0 /home/academixsuite/public_html/includes/StudentManager.php(253): PDOStatement->execute(Array)
#1 /home/academixsuite/public_html/includes/StudentManager.php(546): StudentManager->findOrCreateParent(Array)
#2 /home/academixsuite/public_html/tenant/{school-slug}/admin/add-new-student.php(438): StudentManager->addStudent(Array)
#3 /home/academixsuite/public_html/tenant/router.php(365): require_once('/home/academixs...')
#4 {main}
[10-Mar-2026 17:27:08 Africa/Lagos] PDO Error Info: ["23000",1062,"Duplicate entry '6-safebit99@gmail.com' for key 'unique_email_school'"]
[10-Mar-2026 17:27:08 Africa/Lagos] StudentManager->addStudent() completed in 405.93ms
[10-Mar-2026 17:27:08 Africa/Lagos] === STUDENT ADDITION FAILED ===
[10-Mar-2026 17:27:08 Africa/Lagos] Error message: Error adding student: SQLSTATE[23000]: Integrity constraint violation: 1062 Duplicate entry '6-safebit99@gmail.com' for key 'unique_email_school'
[10-Mar-2026 17:27:08 Africa/Lagos] Redirecting after form processing
[10-Mar-2026 17:27:57 Africa/Lagos] === ADD STUDENT PAGE START ===
[10-Mar-2026 17:27:57 Africa/Lagos] Request URI: /tenant/bitflux-wallet-1771434696/admin/add-new-student.php
[10-Mar-2026 17:27:57 Africa/Lagos] Script: /home/academixsuite/public_html/tenant/{school-slug}/admin/add-new-student.php
[10-Mar-2026 17:27:57 Africa/Lagos] Request Method: GET
[10-Mar-2026 17:27:57 Africa/Lagos] Session ID: ffe25fa988f824904788c19e3fb0ee25
[10-Mar-2026 17:27:57 Africa/Lagos] School Slug: bitflux-wallet-1771434696
[10-Mar-2026 17:27:57 Africa/Lagos] User Type: admin
[10-Mar-2026 17:27:57 Africa/Lagos] Current Page: add-new-student.php
[10-Mar-2026 17:27:57 Africa/Lagos] School ID: 6
[10-Mar-2026 17:27:57 Africa/Lagos] School Name: bitflux wallet
[10-Mar-2026 17:27:57 Africa/Lagos] Authenticated User ID: 1
[10-Mar-2026 17:27:57 Africa/Lagos] Authenticated User Type: admin
[10-Mar-2026 17:27:57 Africa/Lagos] Loading autoload from: /home/academixsuite/public_html/tenant/{school-slug}/admin/../../../includes/autoload.php
[10-Mar-2026 17:27:57 Africa/Lagos] Autoload loaded successfully
[10-Mar-2026 17:27:57 Africa/Lagos] Database class found
[10-Mar-2026 17:27:57 Africa/Lagos] Loading StudentManager from: /home/academixsuite/public_html/tenant/{school-slug}/admin/../../../includes/StudentManager.php
[10-Mar-2026 17:27:57 Africa/Lagos] StudentManager loaded successfully
[10-Mar-2026 17:27:57 Africa/Lagos] Attempting to connect to database: school_6
[10-Mar-2026 17:27:57 Africa/Lagos] School database connection successful for: school_6
[10-Mar-2026 17:27:57 Africa/Lagos] Database connection PDO object: PDO
[10-Mar-2026 17:27:57 Africa/Lagos] Initializing StudentManager with parameters:
[10-Mar-2026 17:27:57 Africa/Lagos] - School ID: 6
[10-Mar-2026 17:27:57 Africa/Lagos] - User ID: 1
[10-Mar-2026 17:27:57 Africa/Lagos] - User Type: admin
[10-Mar-2026 17:27:57 Africa/Lagos] StudentManager initialized for school ID: 6
[10-Mar-2026 17:27:57 Africa/Lagos] StudentManager initialized successfully
[10-Mar-2026 17:27:57 Africa/Lagos] Starting data fetch from database
[10-Mar-2026 17:27:57 Africa/Lagos] Loaded 21 settings records
[10-Mar-2026 17:27:57 Africa/Lagos] Loaded user data for ID: 1
[10-Mar-2026 17:27:57 Africa/Lagos] Loaded 1 academic years
[10-Mar-2026 17:27:57 Africa/Lagos] Loaded 16 classes
[10-Mar-2026 17:27:57 Africa/Lagos] Restoring form data from session for repopulation
[10-Mar-2026 17:27:57 Africa/Lagos] === ADD STUDENT PAGE END ===
[10-Mar-2026 17:27:57 Africa/Lagos] Page loaded with 16 classes, 1 academic years
[10-Mar-2026 17:27:57 Africa/Lagos] ROUTER END: Successfully served /home/academixsuite/public_html/tenant/{school-slug}/admin/add-new-student.php
[10-Mar-2026 17:28:11 Africa/Lagos] === ADD STUDENT PAGE START ===
[10-Mar-2026 17:28:11 Africa/Lagos] Request URI: /tenant/bitflux-wallet-1771434696/admin/add-new-student.php
[10-Mar-2026 17:28:11 Africa/Lagos] Script: /home/academixsuite/public_html/tenant/{school-slug}/admin/add-new-student.php
[10-Mar-2026 17:28:11 Africa/Lagos] Request Method: POST
[10-Mar-2026 17:28:11 Africa/Lagos] Session ID: ffe25fa988f824904788c19e3fb0ee25
[10-Mar-2026 17:28:11 Africa/Lagos] School Slug: bitflux-wallet-1771434696
[10-Mar-2026 17:28:11 Africa/Lagos] User Type: admin
[10-Mar-2026 17:28:11 Africa/Lagos] Current Page: add-new-student.php
[10-Mar-2026 17:28:11 Africa/Lagos] School ID: 6
[10-Mar-2026 17:28:11 Africa/Lagos] School Name: bitflux wallet
[10-Mar-2026 17:28:11 Africa/Lagos] Authenticated User ID: 1
[10-Mar-2026 17:28:11 Africa/Lagos] Authenticated User Type: admin
[10-Mar-2026 17:28:11 Africa/Lagos] Loading autoload from: /home/academixsuite/public_html/tenant/{school-slug}/admin/../../../includes/autoload.php
[10-Mar-2026 17:28:11 Africa/Lagos] Autoload loaded successfully
[10-Mar-2026 17:28:11 Africa/Lagos] Database class found
[10-Mar-2026 17:28:11 Africa/Lagos] Loading StudentManager from: /home/academixsuite/public_html/tenant/{school-slug}/admin/../../../includes/StudentManager.php
[10-Mar-2026 17:28:11 Africa/Lagos] StudentManager loaded successfully
[10-Mar-2026 17:28:11 Africa/Lagos] Attempting to connect to database: school_6
[10-Mar-2026 17:28:11 Africa/Lagos] School database connection successful for: school_6
[10-Mar-2026 17:28:11 Africa/Lagos] Database connection PDO object: PDO
[10-Mar-2026 17:28:11 Africa/Lagos] Initializing StudentManager with parameters:
[10-Mar-2026 17:28:11 Africa/Lagos] - School ID: 6
[10-Mar-2026 17:28:11 Africa/Lagos] - User ID: 1
[10-Mar-2026 17:28:11 Africa/Lagos] - User Type: admin
[10-Mar-2026 17:28:11 Africa/Lagos] StudentManager initialized for school ID: 6
[10-Mar-2026 17:28:11 Africa/Lagos] StudentManager initialized successfully
[10-Mar-2026 17:28:11 Africa/Lagos] POST data received. Fields: csrf_token, academic_year, class, section, roll_number, admission_date, first_name, middle_name, last_name, gender, date_of_birth, student_phone, student_email, existing_parent_id, guardian_name, guardian_relation, guardian_phone, guardian_email, guardian_address, blood_group, allergies, medical_conditions, current_address, permanent_address, previous_school, previous_class, transfer_certificate_no
[10-Mar-2026 17:28:11 Africa/Lagos] Starting data fetch from database
[10-Mar-2026 17:28:11 Africa/Lagos] Loaded 21 settings records
[10-Mar-2026 17:28:11 Africa/Lagos] Loaded user data for ID: 1
[10-Mar-2026 17:28:11 Africa/Lagos] Loaded 1 academic years
[10-Mar-2026 17:28:11 Africa/Lagos] Loaded 16 classes
[10-Mar-2026 17:28:11 Africa/Lagos] === POST REQUEST DETECTED ===
[10-Mar-2026 17:28:11 Africa/Lagos] POST data keys: csrf_token, academic_year, class, section, roll_number, admission_date, first_name, middle_name, last_name, gender, date_of_birth, student_phone, student_email, existing_parent_id, guardian_name, guardian_relation, guardian_phone, guardian_email, guardian_address, blood_group, allergies, medical_conditions, current_address, permanent_address, previous_school, previous_class, transfer_certificate_no
[10-Mar-2026 17:28:11 Africa/Lagos] === PROCESSING FORM SUBMISSION ===
[10-Mar-2026 17:28:11 Africa/Lagos] Form submission detected via field presence
[10-Mar-2026 17:28:11 Africa/Lagos] CSRF validation PASSED
[10-Mar-2026 17:28:11 Africa/Lagos] Student data prepared for insertion:
[10-Mar-2026 17:28:11 Africa/Lagos] - Name: Chimdiomimi Umenyi
[10-Mar-2026 17:28:11 Africa/Lagos] Validation PASSED - all required fields present
[10-Mar-2026 17:28:11 Africa/Lagos] Calling StudentManager->addStudent()
[10-Mar-2026 17:28:11 Africa/Lagos] === ADD STUDENT START ===
[10-Mar-2026 17:28:11 Africa/Lagos] School ID: 6
[10-Mar-2026 17:28:11 Africa/Lagos] User ID: 1
[10-Mar-2026 17:28:11 Africa/Lagos] Data received: ["academic_year_id","class_id","section_id","roll_number","admission_date","first_name","middle_name","last_name","gender","date_of_birth","student_email","student_phone","guardian_name","guardian_email","guardian_phone","guardian_relation","guardian_address","existing_parent_id","blood_group","allergies","medical_conditions","doctor_name","doctor_phone","current_address","permanent_address","previous_school","previous_class","transfer_certificate_no"]
[10-Mar-2026 17:28:11 Africa/Lagos] Transaction started
[10-Mar-2026 17:28:11 Africa/Lagos] Validation passed
[10-Mar-2026 17:28:11 Africa/Lagos] Generating admission number for academic year ID: 1
[10-Mar-2026 17:28:11 Africa/Lagos] Using academic year: 2025-2026 (Year: 2025)
[10-Mar-2026 17:28:11 Africa/Lagos] Generated admission number: BIT-2025-0006
[10-Mar-2026 17:28:11 Africa/Lagos] Generated admission number: BIT-2025-0006
[10-Mar-2026 17:28:11 Africa/Lagos] Generated random password of length: 8
[10-Mar-2026 17:28:12 Africa/Lagos] Student password generated (hashed)
[10-Mar-2026 17:28:12 Africa/Lagos] Creating student user account:
[10-Mar-2026 17:28:12 Africa/Lagos] - Full name: Chimdiomimi Goodall Umenyi
[10-Mar-2026 17:28:12 Africa/Lagos] - Email: chimdiomimieumenyi@gmail.com
[10-Mar-2026 17:28:12 Africa/Lagos] - Username: chimdiomimieumenyi
[10-Mar-2026 17:28:12 Africa/Lagos] Student user created with ID: 29
[10-Mar-2026 17:28:12 Africa/Lagos] Student role assigned to user ID: 29
[10-Mar-2026 17:28:12 Africa/Lagos] Getting default campus ID for school: 6
[10-Mar-2026 17:28:12 Africa/Lagos] Error getting default campus: SQLSTATE[42S22]: Column not found: 1054 Unknown column 'is_default' in 'WHERE'
[10-Mar-2026 17:28:12 Africa/Lagos] Campus ID: null
[10-Mar-2026 17:28:12 Africa/Lagos] Inserting student record...
[10-Mar-2026 17:28:12 Africa/Lagos] Student insert params prepared: [6,null,"29","BIT-2025-0006","6",16,null,"2026-03-10","Chimdiomimi","Goodall","Umenyi","2020-03-10"]...
[10-Mar-2026 17:28:12 Africa/Lagos] === STUDENT RECORD CREATED SUCCESSFULLY ===
[10-Mar-2026 17:28:12 Africa/Lagos] Student ID: 10
[10-Mar-2026 17:28:12 Africa/Lagos] Admission Number: BIT-2025-0006
[10-Mar-2026 17:28:12 Africa/Lagos] Creating new parent from guardian data
[10-Mar-2026 17:28:12 Africa/Lagos] === FIND OR CREATE PARENT ===
[10-Mar-2026 17:28:12 Africa/Lagos] Parent data: {"name":"Favour","email":"safebit99@gmail.com","phone":"+234 704 139 0038","address":"Uga anambra state"}
[10-Mar-2026 17:28:12 Africa/Lagos] No existing parent found, creating new parent
[10-Mar-2026 17:28:12 Africa/Lagos] Generated random password of length: 8
[10-Mar-2026 17:28:12 Africa/Lagos] Generated parent password (hashed)
[10-Mar-2026 17:28:12 Africa/Lagos] ERROR in findOrCreateParent: SQLSTATE[23000]: Integrity constraint violation: 1062 Duplicate entry '6-safebit99@gmail.com' for key 'unique_email_school'
[10-Mar-2026 17:28:12 Africa/Lagos] Stack trace: #0 /home/academixsuite/public_html/includes/StudentManager.php(253): PDOStatement->execute(Array)
#1 /home/academixsuite/public_html/includes/StudentManager.php(546): StudentManager->findOrCreateParent(Array)
#2 /home/academixsuite/public_html/tenant/{school-slug}/admin/add-new-student.php(438): StudentManager->addStudent(Array)
#3 /home/academixsuite/public_html/tenant/router.php(365): require_once('/home/academixs...')
#4 {main}
[10-Mar-2026 17:28:12 Africa/Lagos] Transaction rolled back due to error
[10-Mar-2026 17:28:12 Africa/Lagos] === ADD STUDENT FAILED ===
[10-Mar-2026 17:28:12 Africa/Lagos] Error: SQLSTATE[23000]: Integrity constraint violation: 1062 Duplicate entry '6-safebit99@gmail.com' for key 'unique_email_school'
[10-Mar-2026 17:28:12 Africa/Lagos] Stack trace: #0 /home/academixsuite/public_html/includes/StudentManager.php(253): PDOStatement->execute(Array)
#1 /home/academixsuite/public_html/includes/StudentManager.php(546): StudentManager->findOrCreateParent(Array)
#2 /home/academixsuite/public_html/tenant/{school-slug}/admin/add-new-student.php(438): StudentManager->addStudent(Array)
#3 /home/academixsuite/public_html/tenant/router.php(365): require_once('/home/academixs...')
#4 {main}
[10-Mar-2026 17:28:12 Africa/Lagos] PDO Error Info: ["23000",1062,"Duplicate entry '6-safebit99@gmail.com' for key 'unique_email_school'"]
[10-Mar-2026 17:28:12 Africa/Lagos] StudentManager->addStudent() completed in 406.49ms
[10-Mar-2026 17:28:12 Africa/Lagos] === STUDENT ADDITION FAILED ===
[10-Mar-2026 17:28:12 Africa/Lagos] Error message: Error adding student: SQLSTATE[23000]: Integrity constraint violation: 1062 Duplicate entry '6-safebit99@gmail.com' for key 'unique_email_school'
[10-Mar-2026 17:28:12 Africa/Lagos] Redirecting after form processing
[10-Mar-2026 17:30:39 Africa/Lagos] === ADD STUDENT PAGE START ===
[10-Mar-2026 17:30:39 Africa/Lagos] Request URI: /tenant/bitflux-wallet-1771434696/admin/add-new-student.php
[10-Mar-2026 17:30:39 Africa/Lagos] Script: /home/academixsuite/public_html/tenant/{school-slug}/admin/add-new-student.php
[10-Mar-2026 17:30:39 Africa/Lagos] Request Method: GET
[10-Mar-2026 17:30:39 Africa/Lagos] Session ID: b9a453fc292a67460571124b231fc3dc
[10-Mar-2026 17:30:39 Africa/Lagos] School Slug: bitflux-wallet-1771434696
[10-Mar-2026 17:30:39 Africa/Lagos] User Type: admin
[10-Mar-2026 17:30:39 Africa/Lagos] Current Page: add-new-student.php
[10-Mar-2026 17:30:39 Africa/Lagos] School ID: 6
[10-Mar-2026 17:30:39 Africa/Lagos] School Name: bitflux wallet
[10-Mar-2026 17:30:39 Africa/Lagos] Authenticated User ID: 1
[10-Mar-2026 17:30:39 Africa/Lagos] Authenticated User Type: admin
[10-Mar-2026 17:30:39 Africa/Lagos] Loading autoload from: /home/academixsuite/public_html/tenant/{school-slug}/admin/../../../includes/autoload.php
[10-Mar-2026 17:30:39 Africa/Lagos] Autoload loaded successfully
[10-Mar-2026 17:30:39 Africa/Lagos] Database class found
[10-Mar-2026 17:30:39 Africa/Lagos] Loading StudentManager from: /home/academixsuite/public_html/tenant/{school-slug}/admin/../../../includes/StudentManager.php
[10-Mar-2026 17:30:39 Africa/Lagos] StudentManager loaded successfully
[10-Mar-2026 17:30:39 Africa/Lagos] Attempting to connect to database: school_6
[10-Mar-2026 17:30:39 Africa/Lagos] School database connection successful for: school_6
[10-Mar-2026 17:30:39 Africa/Lagos] Database connection PDO object: PDO
[10-Mar-2026 17:30:39 Africa/Lagos] Initializing StudentManager with parameters:
[10-Mar-2026 17:30:39 Africa/Lagos] - School ID: 6
[10-Mar-2026 17:30:39 Africa/Lagos] - User ID: 1
[10-Mar-2026 17:30:39 Africa/Lagos] - User Type: admin
[10-Mar-2026 17:30:39 Africa/Lagos] StudentManager initialized for school ID: 6
[10-Mar-2026 17:30:39 Africa/Lagos] StudentManager initialized successfully
[10-Mar-2026 17:30:39 Africa/Lagos] Starting data fetch from database
[10-Mar-2026 17:30:39 Africa/Lagos] Loaded 21 settings records
[10-Mar-2026 17:30:39 Africa/Lagos] Loaded user data for ID: 1
[10-Mar-2026 17:30:39 Africa/Lagos] Loaded 1 academic years
[10-Mar-2026 17:30:39 Africa/Lagos] Loaded 16 classes
[10-Mar-2026 17:30:39 Africa/Lagos] === ADD STUDENT PAGE END ===
[10-Mar-2026 17:30:39 Africa/Lagos] Page loaded with 16 classes, 1 academic years
[10-Mar-2026 17:30:39 Africa/Lagos] ROUTER END: Successfully served /home/academixsuite/public_html/tenant/{school-slug}/admin/add-new-student.php
[10-Mar-2026 17:30:43 Africa/Lagos] === ADD STUDENT PAGE START ===
[10-Mar-2026 17:30:43 Africa/Lagos] Request URI: /tenant/bitflux-wallet-1771434696/admin/add-new-student.php
[10-Mar-2026 17:30:43 Africa/Lagos] Script: /home/academixsuite/public_html/tenant/{school-slug}/admin/add-new-student.php
[10-Mar-2026 17:30:43 Africa/Lagos] Request Method: GET
[10-Mar-2026 17:30:43 Africa/Lagos] Session ID: b9a453fc292a67460571124b231fc3dc
[10-Mar-2026 17:30:43 Africa/Lagos] School Slug: bitflux-wallet-1771434696
[10-Mar-2026 17:30:43 Africa/Lagos] User Type: admin
[10-Mar-2026 17:30:43 Africa/Lagos] Current Page: add-new-student.php
[10-Mar-2026 17:30:43 Africa/Lagos] School ID: 6
[10-Mar-2026 17:30:43 Africa/Lagos] School Name: bitflux wallet
[10-Mar-2026 17:30:43 Africa/Lagos] Authenticated User ID: 1
[10-Mar-2026 17:30:43 Africa/Lagos] Authenticated User Type: admin
[10-Mar-2026 17:30:43 Africa/Lagos] Loading autoload from: /home/academixsuite/public_html/tenant/{school-slug}/admin/../../../includes/autoload.php
[10-Mar-2026 17:30:43 Africa/Lagos] Autoload loaded successfully
[10-Mar-2026 17:30:43 Africa/Lagos] Database class found
[10-Mar-2026 17:30:43 Africa/Lagos] Loading StudentManager from: /home/academixsuite/public_html/tenant/{school-slug}/admin/../../../includes/StudentManager.php
[10-Mar-2026 17:30:43 Africa/Lagos] StudentManager loaded successfully
[10-Mar-2026 17:30:43 Africa/Lagos] Attempting to connect to database: school_6
[10-Mar-2026 17:30:43 Africa/Lagos] School database connection successful for: school_6
[10-Mar-2026 17:30:43 Africa/Lagos] Database connection PDO object: PDO
[10-Mar-2026 17:30:43 Africa/Lagos] Initializing StudentManager with parameters:
[10-Mar-2026 17:30:43 Africa/Lagos] - School ID: 6
[10-Mar-2026 17:30:43 Africa/Lagos] - User ID: 1
[10-Mar-2026 17:30:43 Africa/Lagos] - User Type: admin
[10-Mar-2026 17:30:43 Africa/Lagos] StudentManager initialized for school ID: 6
[10-Mar-2026 17:30:43 Africa/Lagos] StudentManager initialized successfully
[10-Mar-2026 17:30:43 Africa/Lagos] Starting data fetch from database
[10-Mar-2026 17:30:43 Africa/Lagos] Loaded 21 settings records
[10-Mar-2026 17:30:43 Africa/Lagos] Loaded user data for ID: 1
[10-Mar-2026 17:30:43 Africa/Lagos] Loaded 1 academic years
[10-Mar-2026 17:30:43 Africa/Lagos] Loaded 16 classes
[10-Mar-2026 17:30:43 Africa/Lagos] === ADD STUDENT PAGE END ===
[10-Mar-2026 17:30:43 Africa/Lagos] Page loaded with 16 classes, 1 academic years
[10-Mar-2026 17:30:43 Africa/Lagos] ROUTER END: Successfully served /home/academixsuite/public_html/tenant/{school-slug}/admin/add-new-student.php
[10-Mar-2026 17:31:03 Africa/Lagos] === ADD STUDENT PAGE START ===
[10-Mar-2026 17:31:03 Africa/Lagos] Request URI: /tenant/bitflux-wallet-1771434696/admin/add-new-student.php
[10-Mar-2026 17:31:03 Africa/Lagos] Script: /home/academixsuite/public_html/tenant/{school-slug}/admin/add-new-student.php
[10-Mar-2026 17:31:03 Africa/Lagos] Request Method: GET
[10-Mar-2026 17:31:03 Africa/Lagos] Session ID: c0ded79d8c058234ec9f5793fdea7f94
[10-Mar-2026 17:31:03 Africa/Lagos] School Slug: bitflux-wallet-1771434696
[10-Mar-2026 17:31:03 Africa/Lagos] User Type: admin
[10-Mar-2026 17:31:03 Africa/Lagos] Current Page: add-new-student.php
[10-Mar-2026 17:31:03 Africa/Lagos] School ID: 6
[10-Mar-2026 17:31:03 Africa/Lagos] School Name: bitflux wallet
[10-Mar-2026 17:31:03 Africa/Lagos] Authenticated User ID: 1
[10-Mar-2026 17:31:03 Africa/Lagos] Authenticated User Type: admin
[10-Mar-2026 17:31:03 Africa/Lagos] Loading autoload from: /home/academixsuite/public_html/tenant/{school-slug}/admin/../../../includes/autoload.php
[10-Mar-2026 17:31:03 Africa/Lagos] Autoload loaded successfully
[10-Mar-2026 17:31:03 Africa/Lagos] Database class found
[10-Mar-2026 17:31:03 Africa/Lagos] Loading StudentManager from: /home/academixsuite/public_html/tenant/{school-slug}/admin/../../../includes/StudentManager.php
[10-Mar-2026 17:31:03 Africa/Lagos] StudentManager loaded successfully
[10-Mar-2026 17:31:03 Africa/Lagos] Attempting to connect to database: school_6
[10-Mar-2026 17:31:03 Africa/Lagos] School database connection successful for: school_6
[10-Mar-2026 17:31:03 Africa/Lagos] Database connection PDO object: PDO
[10-Mar-2026 17:31:03 Africa/Lagos] Initializing StudentManager with parameters:
[10-Mar-2026 17:31:03 Africa/Lagos] - School ID: 6
[10-Mar-2026 17:31:03 Africa/Lagos] - User ID: 1
[10-Mar-2026 17:31:03 Africa/Lagos] - User Type: admin
[10-Mar-2026 17:31:03 Africa/Lagos] StudentManager initialized for school ID: 6
[10-Mar-2026 17:31:03 Africa/Lagos] StudentManager initialized successfully
[10-Mar-2026 17:31:03 Africa/Lagos] Starting data fetch from database
[10-Mar-2026 17:31:03 Africa/Lagos] Loaded 21 settings records
[10-Mar-2026 17:31:03 Africa/Lagos] Loaded user data for ID: 1
[10-Mar-2026 17:31:03 Africa/Lagos] Loaded 1 academic years
[10-Mar-2026 17:31:03 Africa/Lagos] Loaded 16 classes
[10-Mar-2026 17:31:03 Africa/Lagos] === ADD STUDENT PAGE END ===
[10-Mar-2026 17:31:03 Africa/Lagos] Page loaded with 16 classes, 1 academic years
[10-Mar-2026 17:31:03 Africa/Lagos] ROUTER END: Successfully served /home/academixsuite/public_html/tenant/{school-slug}/admin/add-new-student.php
[10-Mar-2026 17:31:10 Africa/Lagos] === ADD STUDENT PAGE START ===
[10-Mar-2026 17:31:10 Africa/Lagos] Request URI: /tenant/bitflux-wallet-1771434696/admin/add-new-student.php
[10-Mar-2026 17:31:10 Africa/Lagos] Script: /home/academixsuite/public_html/tenant/{school-slug}/admin/add-new-student.php
[10-Mar-2026 17:31:10 Africa/Lagos] Request Method: GET
[10-Mar-2026 17:31:10 Africa/Lagos] Session ID: c0ded79d8c058234ec9f5793fdea7f94
[10-Mar-2026 17:31:10 Africa/Lagos] School Slug: bitflux-wallet-1771434696
[10-Mar-2026 17:31:10 Africa/Lagos] User Type: admin
[10-Mar-2026 17:31:10 Africa/Lagos] Current Page: add-new-student.php
[10-Mar-2026 17:31:10 Africa/Lagos] School ID: 6
[10-Mar-2026 17:31:10 Africa/Lagos] School Name: bitflux wallet
[10-Mar-2026 17:31:10 Africa/Lagos] Authenticated User ID: 1
[10-Mar-2026 17:31:10 Africa/Lagos] Authenticated User Type: admin
[10-Mar-2026 17:31:10 Africa/Lagos] Loading autoload from: /home/academixsuite/public_html/tenant/{school-slug}/admin/../../../includes/autoload.php
[10-Mar-2026 17:31:10 Africa/Lagos] Autoload loaded successfully
[10-Mar-2026 17:31:10 Africa/Lagos] Database class found
[10-Mar-2026 17:31:10 Africa/Lagos] Loading StudentManager from: /home/academixsuite/public_html/tenant/{school-slug}/admin/../../../includes/StudentManager.php
[10-Mar-2026 17:31:10 Africa/Lagos] StudentManager loaded successfully
[10-Mar-2026 17:31:10 Africa/Lagos] Attempting to connect to database: school_6
[10-Mar-2026 17:31:10 Africa/Lagos] School database connection successful for: school_6
[10-Mar-2026 17:31:10 Africa/Lagos] Database connection PDO object: PDO
[10-Mar-2026 17:31:10 Africa/Lagos] Initializing StudentManager with parameters:
[10-Mar-2026 17:31:10 Africa/Lagos] - School ID: 6
[10-Mar-2026 17:31:10 Africa/Lagos] - User ID: 1
[10-Mar-2026 17:31:10 Africa/Lagos] - User Type: admin
[10-Mar-2026 17:31:10 Africa/Lagos] StudentManager initialized for school ID: 6
[10-Mar-2026 17:31:10 Africa/Lagos] StudentManager initialized successfully
[10-Mar-2026 17:31:10 Africa/Lagos] Starting data fetch from database
[10-Mar-2026 17:31:10 Africa/Lagos] Loaded 21 settings records
[10-Mar-2026 17:31:10 Africa/Lagos] Loaded user data for ID: 1
[10-Mar-2026 17:31:10 Africa/Lagos] Loaded 1 academic years
[10-Mar-2026 17:31:10 Africa/Lagos] Loaded 16 classes
[10-Mar-2026 17:31:10 Africa/Lagos] === ADD STUDENT PAGE END ===
[10-Mar-2026 17:31:10 Africa/Lagos] Page loaded with 16 classes, 1 academic years
[10-Mar-2026 17:31:10 Africa/Lagos] ROUTER END: Successfully served /home/academixsuite/public_html/tenant/{school-slug}/admin/add-new-student.php
[10-Mar-2026 17:31:29 Africa/Lagos] === ADD STUDENT PAGE START ===
[10-Mar-2026 17:31:29 Africa/Lagos] Request URI: /tenant/bitflux-wallet-1771434696/admin/add-new-student.php?ajax=get_sections&class_id=16
[10-Mar-2026 17:31:29 Africa/Lagos] Script: /home/academixsuite/public_html/tenant/{school-slug}/admin/add-new-student.php
[10-Mar-2026 17:31:29 Africa/Lagos] Request Method: GET
[10-Mar-2026 17:31:29 Africa/Lagos] Session ID: c0ded79d8c058234ec9f5793fdea7f94
[10-Mar-2026 17:31:29 Africa/Lagos] School Slug: bitflux-wallet-1771434696
[10-Mar-2026 17:31:29 Africa/Lagos] User Type: admin
[10-Mar-2026 17:31:29 Africa/Lagos] Current Page: add-new-student.php
[10-Mar-2026 17:31:29 Africa/Lagos] School ID: 6
[10-Mar-2026 17:31:29 Africa/Lagos] School Name: bitflux wallet
[10-Mar-2026 17:31:29 Africa/Lagos] Authenticated User ID: 1
[10-Mar-2026 17:31:29 Africa/Lagos] Authenticated User Type: admin
[10-Mar-2026 17:31:29 Africa/Lagos] Loading autoload from: /home/academixsuite/public_html/tenant/{school-slug}/admin/../../../includes/autoload.php
[10-Mar-2026 17:31:29 Africa/Lagos] Autoload loaded successfully
[10-Mar-2026 17:31:29 Africa/Lagos] Database class found
[10-Mar-2026 17:31:29 Africa/Lagos] Loading StudentManager from: /home/academixsuite/public_html/tenant/{school-slug}/admin/../../../includes/StudentManager.php
[10-Mar-2026 17:31:29 Africa/Lagos] StudentManager loaded successfully
[10-Mar-2026 17:31:29 Africa/Lagos] Attempting to connect to database: school_6
[10-Mar-2026 17:31:29 Africa/Lagos] School database connection successful for: school_6
[10-Mar-2026 17:31:29 Africa/Lagos] Database connection PDO object: PDO
[10-Mar-2026 17:31:29 Africa/Lagos] Initializing StudentManager with parameters:
[10-Mar-2026 17:31:29 Africa/Lagos] - School ID: 6
[10-Mar-2026 17:31:29 Africa/Lagos] - User ID: 1
[10-Mar-2026 17:31:29 Africa/Lagos] - User Type: admin
[10-Mar-2026 17:31:29 Africa/Lagos] StudentManager initialized for school ID: 6
[10-Mar-2026 17:31:29 Africa/Lagos] StudentManager initialized successfully
[10-Mar-2026 17:31:29 Africa/Lagos] Starting data fetch from database
[10-Mar-2026 17:31:29 Africa/Lagos] Loaded 21 settings records
[10-Mar-2026 17:31:29 Africa/Lagos] Loaded user data for ID: 1
[10-Mar-2026 17:31:29 Africa/Lagos] Loaded 1 academic years
[10-Mar-2026 17:31:29 Africa/Lagos] Loaded 16 classes
[10-Mar-2026 17:31:29 Africa/Lagos] Retrieved 0 sections for class ID: 16
[10-Mar-2026 17:31:29 Africa/Lagos] Loaded 0 sections for class 16
[10-Mar-2026 17:31:29 Africa/Lagos] Processing AJAX request: get_sections
[10-Mar-2026 17:31:29 Africa/Lagos] Retrieved 0 sections for class ID: 16
[10-Mar-2026 17:38:44 Africa/Lagos] === ADD STUDENT PAGE START ===
[10-Mar-2026 17:38:44 Africa/Lagos] Request URI: /tenant/bitflux-wallet-1771434696/admin/add-new-student.php
[10-Mar-2026 17:38:44 Africa/Lagos] Script: /home/academixsuite/public_html/tenant/{school-slug}/admin/add-new-student.php
[10-Mar-2026 17:38:44 Africa/Lagos] Request Method: POST
[10-Mar-2026 17:38:44 Africa/Lagos] Session ID: c0ded79d8c058234ec9f5793fdea7f94
[10-Mar-2026 17:38:44 Africa/Lagos] School Slug: bitflux-wallet-1771434696
[10-Mar-2026 17:38:44 Africa/Lagos] User Type: admin
[10-Mar-2026 17:38:44 Africa/Lagos] Current Page: add-new-student.php
[10-Mar-2026 17:38:44 Africa/Lagos] School ID: 6
[10-Mar-2026 17:38:44 Africa/Lagos] School Name: bitflux wallet
[10-Mar-2026 17:38:44 Africa/Lagos] Authenticated User ID: 1
[10-Mar-2026 17:38:44 Africa/Lagos] Authenticated User Type: admin
[10-Mar-2026 17:38:44 Africa/Lagos] Loading autoload from: /home/academixsuite/public_html/tenant/{school-slug}/admin/../../../includes/autoload.php
[10-Mar-2026 17:38:44 Africa/Lagos] Autoload loaded successfully
[10-Mar-2026 17:38:44 Africa/Lagos] Database class found
[10-Mar-2026 17:38:44 Africa/Lagos] Loading StudentManager from: /home/academixsuite/public_html/tenant/{school-slug}/admin/../../../includes/StudentManager.php
[10-Mar-2026 17:38:44 Africa/Lagos] StudentManager loaded successfully
[10-Mar-2026 17:38:44 Africa/Lagos] Attempting to connect to database: school_6
[10-Mar-2026 17:38:44 Africa/Lagos] School database connection successful for: school_6
[10-Mar-2026 17:38:44 Africa/Lagos] Database connection PDO object: PDO
[10-Mar-2026 17:38:44 Africa/Lagos] Initializing StudentManager with parameters:
[10-Mar-2026 17:38:44 Africa/Lagos] - School ID: 6
[10-Mar-2026 17:38:44 Africa/Lagos] - User ID: 1
[10-Mar-2026 17:38:44 Africa/Lagos] - User Type: admin
[10-Mar-2026 17:38:44 Africa/Lagos] StudentManager initialized for school ID: 6
[10-Mar-2026 17:38:44 Africa/Lagos] StudentManager initialized successfully
[10-Mar-2026 17:38:44 Africa/Lagos] POST data received. Fields: csrf_token, academic_year, class, section, roll_number, admission_date, first_name, middle_name, last_name, gender, date_of_birth, student_phone, student_email, existing_parent_id, guardian_name, guardian_relation, guardian_phone, guardian_email, guardian_address, blood_group, allergies, medical_conditions, current_address, permanent_address, previous_school, previous_class, transfer_certificate_no
[10-Mar-2026 17:38:44 Africa/Lagos] Starting data fetch from database
[10-Mar-2026 17:38:44 Africa/Lagos] Loaded 21 settings records
[10-Mar-2026 17:38:44 Africa/Lagos] Loaded user data for ID: 1
[10-Mar-2026 17:38:44 Africa/Lagos] Loaded 1 academic years
[10-Mar-2026 17:38:44 Africa/Lagos] Loaded 16 classes
[10-Mar-2026 17:38:44 Africa/Lagos] === POST REQUEST DETECTED ===
[10-Mar-2026 17:38:44 Africa/Lagos] POST data keys: csrf_token, academic_year, class, section, roll_number, admission_date, first_name, middle_name, last_name, gender, date_of_birth, student_phone, student_email, existing_parent_id, guardian_name, guardian_relation, guardian_phone, guardian_email, guardian_address, blood_group, allergies, medical_conditions, current_address, permanent_address, previous_school, previous_class, transfer_certificate_no
[10-Mar-2026 17:38:44 Africa/Lagos] === PROCESSING FORM SUBMISSION ===
[10-Mar-2026 17:38:44 Africa/Lagos] Form submission detected via field presence
[10-Mar-2026 17:38:44 Africa/Lagos] CSRF validation PASSED
[10-Mar-2026 17:38:44 Africa/Lagos] Student data prepared for insertion:
[10-Mar-2026 17:38:44 Africa/Lagos] - Name: Chimdiomimi Umenyi
[10-Mar-2026 17:38:44 Africa/Lagos] Validation PASSED - all required fields present
[10-Mar-2026 17:38:44 Africa/Lagos] Calling StudentManager->addStudent()
[10-Mar-2026 17:38:44 Africa/Lagos] === ADD STUDENT START ===
[10-Mar-2026 17:38:44 Africa/Lagos] School ID: 6
[10-Mar-2026 17:38:44 Africa/Lagos] User ID: 1
[10-Mar-2026 17:38:44 Africa/Lagos] Data received: ["academic_year_id","class_id","section_id","roll_number","admission_date","first_name","middle_name","last_name","gender","date_of_birth","student_email","student_phone","guardian_name","guardian_email","guardian_phone","guardian_relation","guardian_address","existing_parent_id","blood_group","allergies","medical_conditions","doctor_name","doctor_phone","current_address","permanent_address","previous_school","previous_class","transfer_certificate_no"]
[10-Mar-2026 17:38:44 Africa/Lagos] Transaction started
[10-Mar-2026 17:38:44 Africa/Lagos] Validation passed
[10-Mar-2026 17:38:44 Africa/Lagos] Generating admission number for academic year ID: 1
[10-Mar-2026 17:38:44 Africa/Lagos] Using academic year: 2025-2026 (Year: 2025)
[10-Mar-2026 17:38:44 Africa/Lagos] Generated admission number: BIT-2025-0006
[10-Mar-2026 17:38:44 Africa/Lagos] Generated admission number: BIT-2025-0006
[10-Mar-2026 17:38:44 Africa/Lagos] Generated random password of length: 8
[10-Mar-2026 17:38:44 Africa/Lagos] Student password generated (hashed)
[10-Mar-2026 17:38:44 Africa/Lagos] Creating student user account:
[10-Mar-2026 17:38:44 Africa/Lagos] - Full name: Chimdiomimi Goodall Umenyi
[10-Mar-2026 17:38:44 Africa/Lagos] - Email: chimdiomimieumenyi@gmail.com
[10-Mar-2026 17:38:44 Africa/Lagos] - Username: chimdiomimieumenyi
[10-Mar-2026 17:38:44 Africa/Lagos] Student user created with ID: 31
[10-Mar-2026 17:38:44 Africa/Lagos] Student role assigned to user ID: 31
[10-Mar-2026 17:38:44 Africa/Lagos] Getting default campus ID for school: 6
[10-Mar-2026 17:38:44 Africa/Lagos] Error getting default campus: SQLSTATE[42S22]: Column not found: 1054 Unknown column 'is_default' in 'WHERE'
[10-Mar-2026 17:38:44 Africa/Lagos] Campus ID: null
[10-Mar-2026 17:38:44 Africa/Lagos] Inserting student record...
[10-Mar-2026 17:38:44 Africa/Lagos] Student insert params prepared: [6,null,"31","BIT-2025-0006","6",16,null,"2026-03-10","Chimdiomimi","Goodall","Umenyi","2020-03-10"]...
[10-Mar-2026 17:38:44 Africa/Lagos] === STUDENT RECORD CREATED SUCCESSFULLY ===
[10-Mar-2026 17:38:44 Africa/Lagos] Student ID: 11
[10-Mar-2026 17:38:44 Africa/Lagos] Admission Number: BIT-2025-0006
[10-Mar-2026 17:38:44 Africa/Lagos] Creating new parent from guardian data
[10-Mar-2026 17:38:44 Africa/Lagos] === FIND OR CREATE PARENT ===
[10-Mar-2026 17:38:44 Africa/Lagos] Parent data: {"name":"Favour Nzube","email":"safebit99@gmail.com","phone":"+234 704 139 0038","address":"Uga anambra state"}
[10-Mar-2026 17:38:44 Africa/Lagos] No existing parent found, creating new parent
[10-Mar-2026 17:38:44 Africa/Lagos] Generated random password of length: 8
[10-Mar-2026 17:38:44 Africa/Lagos] Generated parent password (hashed)
[10-Mar-2026 17:38:44 Africa/Lagos] ERROR in findOrCreateParent: SQLSTATE[23000]: Integrity constraint violation: 1062 Duplicate entry '6-safebit99@gmail.com' for key 'unique_email_school'
[10-Mar-2026 17:38:44 Africa/Lagos] Stack trace: #0 /home/academixsuite/public_html/includes/StudentManager.php(253): PDOStatement->execute(Array)
#1 /home/academixsuite/public_html/includes/StudentManager.php(546): StudentManager->findOrCreateParent(Array)
#2 /home/academixsuite/public_html/tenant/{school-slug}/admin/add-new-student.php(438): StudentManager->addStudent(Array)
#3 /home/academixsuite/public_html/tenant/router.php(365): require_once('/home/academixs...')
#4 {main}
[10-Mar-2026 17:38:44 Africa/Lagos] Transaction rolled back due to error
[10-Mar-2026 17:38:44 Africa/Lagos] === ADD STUDENT FAILED ===
[10-Mar-2026 17:38:44 Africa/Lagos] Error: SQLSTATE[23000]: Integrity constraint violation: 1062 Duplicate entry '6-safebit99@gmail.com' for key 'unique_email_school'
[10-Mar-2026 17:38:44 Africa/Lagos] Stack trace: #0 /home/academixsuite/public_html/includes/StudentManager.php(253): PDOStatement->execute(Array)
#1 /home/academixsuite/public_html/includes/StudentManager.php(546): StudentManager->findOrCreateParent(Array)
#2 /home/academixsuite/public_html/tenant/{school-slug}/admin/add-new-student.php(438): StudentManager->addStudent(Array)
#3 /home/academixsuite/public_html/tenant/router.php(365): require_once('/home/academixs...')
#4 {main}
[10-Mar-2026 17:38:44 Africa/Lagos] PDO Error Info: ["23000",1062,"Duplicate entry '6-safebit99@gmail.com' for key 'unique_email_school'"]
[10-Mar-2026 17:38:44 Africa/Lagos] StudentManager->addStudent() completed in 404.42ms
[10-Mar-2026 17:38:44 Africa/Lagos] === STUDENT ADDITION FAILED ===
[10-Mar-2026 17:38:44 Africa/Lagos] Error message: Error adding student: SQLSTATE[23000]: Integrity constraint violation: 1062 Duplicate entry '6-safebit99@gmail.com' for key 'unique_email_school'
[10-Mar-2026 17:38:44 Africa/Lagos] Redirecting after form processing
[10-Mar-2026 17:40:10 Africa/Lagos] === ADD STUDENT PAGE START ===
[10-Mar-2026 17:40:10 Africa/Lagos] Request URI: /tenant/bitflux-wallet-1771434696/admin/add-new-student.php
[10-Mar-2026 17:40:10 Africa/Lagos] Script: /home/academixsuite/public_html/tenant/{school-slug}/admin/add-new-student.php
[10-Mar-2026 17:40:10 Africa/Lagos] Request Method: GET
[10-Mar-2026 17:40:10 Africa/Lagos] Session ID: c0ded79d8c058234ec9f5793fdea7f94
[10-Mar-2026 17:40:10 Africa/Lagos] School Slug: bitflux-wallet-1771434696
[10-Mar-2026 17:40:10 Africa/Lagos] User Type: admin
[10-Mar-2026 17:40:10 Africa/Lagos] Current Page: add-new-student.php
[10-Mar-2026 17:40:10 Africa/Lagos] School ID: 6
[10-Mar-2026 17:40:10 Africa/Lagos] School Name: bitflux wallet
[10-Mar-2026 17:40:10 Africa/Lagos] Authenticated User ID: 1
[10-Mar-2026 17:40:10 Africa/Lagos] Authenticated User Type: admin
[10-Mar-2026 17:40:10 Africa/Lagos] Loading autoload from: /home/academixsuite/public_html/tenant/{school-slug}/admin/../../../includes/autoload.php
[10-Mar-2026 17:40:10 Africa/Lagos] Autoload loaded successfully
[10-Mar-2026 17:40:10 Africa/Lagos] Database class found
[10-Mar-2026 17:40:10 Africa/Lagos] Loading StudentManager from: /home/academixsuite/public_html/tenant/{school-slug}/admin/../../../includes/StudentManager.php
[10-Mar-2026 17:40:10 Africa/Lagos] StudentManager loaded successfully
[10-Mar-2026 17:40:10 Africa/Lagos] Attempting to connect to database: school_6
[10-Mar-2026 17:40:10 Africa/Lagos] School database connection successful for: school_6
[10-Mar-2026 17:40:10 Africa/Lagos] Database connection PDO object: PDO
[10-Mar-2026 17:40:10 Africa/Lagos] Initializing StudentManager with parameters:
[10-Mar-2026 17:40:10 Africa/Lagos] - School ID: 6
[10-Mar-2026 17:40:10 Africa/Lagos] - User ID: 1
[10-Mar-2026 17:40:10 Africa/Lagos] - User Type: admin
[10-Mar-2026 17:40:10 Africa/Lagos] StudentManager initialized for school ID: 6
[10-Mar-2026 17:40:10 Africa/Lagos] StudentManager initialized successfully
[10-Mar-2026 17:40:10 Africa/Lagos] Starting data fetch from database
[10-Mar-2026 17:40:10 Africa/Lagos] Loaded 21 settings records
[10-Mar-2026 17:40:10 Africa/Lagos] Loaded user data for ID: 1
[10-Mar-2026 17:40:10 Africa/Lagos] Loaded 1 academic years
[10-Mar-2026 17:40:10 Africa/Lagos] Loaded 16 classes
[10-Mar-2026 17:40:10 Africa/Lagos] Restoring form data from session for repopulation
[10-Mar-2026 17:40:10 Africa/Lagos] === ADD STUDENT PAGE END ===
[10-Mar-2026 17:40:10 Africa/Lagos] Page loaded with 16 classes, 1 academic years
[10-Mar-2026 17:40:10 Africa/Lagos] ROUTER END: Successfully served /home/academixsuite/public_html/tenant/{school-slug}/admin/add-new-student.php
[10-Mar-2026 17:40:43 Africa/Lagos] === ADD STUDENT PAGE START ===
[10-Mar-2026 17:40:43 Africa/Lagos] Request URI: /tenant/bitflux-wallet-1771434696/admin/add-new-student.php
[10-Mar-2026 17:40:43 Africa/Lagos] Script: /home/academixsuite/public_html/tenant/{school-slug}/admin/add-new-student.php
[10-Mar-2026 17:40:43 Africa/Lagos] Request Method: POST
[10-Mar-2026 17:40:43 Africa/Lagos] Session ID: c0ded79d8c058234ec9f5793fdea7f94
[10-Mar-2026 17:40:43 Africa/Lagos] School Slug: bitflux-wallet-1771434696
[10-Mar-2026 17:40:43 Africa/Lagos] User Type: admin
[10-Mar-2026 17:40:43 Africa/Lagos] Current Page: add-new-student.php
[10-Mar-2026 17:40:43 Africa/Lagos] School ID: 6
[10-Mar-2026 17:40:43 Africa/Lagos] School Name: bitflux wallet
[10-Mar-2026 17:40:43 Africa/Lagos] Authenticated User ID: 1
[10-Mar-2026 17:40:43 Africa/Lagos] Authenticated User Type: admin
[10-Mar-2026 17:40:43 Africa/Lagos] Loading autoload from: /home/academixsuite/public_html/tenant/{school-slug}/admin/../../../includes/autoload.php
[10-Mar-2026 17:40:43 Africa/Lagos] Autoload loaded successfully
[10-Mar-2026 17:40:43 Africa/Lagos] Database class found
[10-Mar-2026 17:40:43 Africa/Lagos] Loading StudentManager from: /home/academixsuite/public_html/tenant/{school-slug}/admin/../../../includes/StudentManager.php
[10-Mar-2026 17:40:43 Africa/Lagos] StudentManager loaded successfully
[10-Mar-2026 17:40:43 Africa/Lagos] Attempting to connect to database: school_6
[10-Mar-2026 17:40:43 Africa/Lagos] School database connection successful for: school_6
[10-Mar-2026 17:40:43 Africa/Lagos] Database connection PDO object: PDO
[10-Mar-2026 17:40:43 Africa/Lagos] Initializing StudentManager with parameters:
[10-Mar-2026 17:40:43 Africa/Lagos] - School ID: 6
[10-Mar-2026 17:40:43 Africa/Lagos] - User ID: 1
[10-Mar-2026 17:40:43 Africa/Lagos] - User Type: admin
[10-Mar-2026 17:40:43 Africa/Lagos] StudentManager initialized for school ID: 6
[10-Mar-2026 17:40:43 Africa/Lagos] StudentManager initialized successfully
[10-Mar-2026 17:40:43 Africa/Lagos] POST data received. Fields: csrf_token, academic_year, class, section, roll_number, admission_date, first_name, middle_name, last_name, gender, date_of_birth, student_phone, student_email, existing_parent_id, guardian_name, guardian_relation, guardian_phone, guardian_email, guardian_address, blood_group, allergies, medical_conditions, current_address, permanent_address, previous_school, previous_class, transfer_certificate_no
[10-Mar-2026 17:40:43 Africa/Lagos] Starting data fetch from database
[10-Mar-2026 17:40:43 Africa/Lagos] Loaded 21 settings records
[10-Mar-2026 17:40:43 Africa/Lagos] Loaded user data for ID: 1
[10-Mar-2026 17:40:43 Africa/Lagos] Loaded 1 academic years
[10-Mar-2026 17:40:43 Africa/Lagos] Loaded 16 classes
[10-Mar-2026 17:40:43 Africa/Lagos] === POST REQUEST DETECTED ===
[10-Mar-2026 17:40:43 Africa/Lagos] POST data keys: csrf_token, academic_year, class, section, roll_number, admission_date, first_name, middle_name, last_name, gender, date_of_birth, student_phone, student_email, existing_parent_id, guardian_name, guardian_relation, guardian_phone, guardian_email, guardian_address, blood_group, allergies, medical_conditions, current_address, permanent_address, previous_school, previous_class, transfer_certificate_no
[10-Mar-2026 17:40:43 Africa/Lagos] === PROCESSING FORM SUBMISSION ===
[10-Mar-2026 17:40:43 Africa/Lagos] Form submission detected via field presence
[10-Mar-2026 17:40:43 Africa/Lagos] CSRF validation PASSED
[10-Mar-2026 17:40:43 Africa/Lagos] Student data prepared for insertion:
[10-Mar-2026 17:40:43 Africa/Lagos] - Name: Chimdiomimi Umenyi
[10-Mar-2026 17:40:43 Africa/Lagos] Validation PASSED - all required fields present
[10-Mar-2026 17:40:43 Africa/Lagos] Calling StudentManager->addStudent()
[10-Mar-2026 17:40:43 Africa/Lagos] === ADD STUDENT START ===
[10-Mar-2026 17:40:43 Africa/Lagos] School ID: 6
[10-Mar-2026 17:40:43 Africa/Lagos] User ID: 1
[10-Mar-2026 17:40:43 Africa/Lagos] Data received: ["academic_year_id","class_id","section_id","roll_number","admission_date","first_name","middle_name","last_name","gender","date_of_birth","student_email","student_phone","guardian_name","guardian_email","guardian_phone","guardian_relation","guardian_address","existing_parent_id","blood_group","allergies","medical_conditions","doctor_name","doctor_phone","current_address","permanent_address","previous_school","previous_class","transfer_certificate_no"]
[10-Mar-2026 17:40:43 Africa/Lagos] Transaction started
[10-Mar-2026 17:40:43 Africa/Lagos] Validation passed
[10-Mar-2026 17:40:43 Africa/Lagos] Generating admission number for academic year ID: 1
[10-Mar-2026 17:40:43 Africa/Lagos] Using academic year: 2025-2026 (Year: 2025)
[10-Mar-2026 17:40:43 Africa/Lagos] Generated admission number: BIT-2025-0006
[10-Mar-2026 17:40:43 Africa/Lagos] Generated admission number: BIT-2025-0006
[10-Mar-2026 17:40:43 Africa/Lagos] Generated random password of length: 8
[10-Mar-2026 17:40:44 Africa/Lagos] Student password generated (hashed)
[10-Mar-2026 17:40:44 Africa/Lagos] Creating student user account:
[10-Mar-2026 17:40:44 Africa/Lagos] - Full name: Chimdiomimi Goodall Umenyi
[10-Mar-2026 17:40:44 Africa/Lagos] - Email: chimdiomimieumenyi@gmail.com
[10-Mar-2026 17:40:44 Africa/Lagos] - Username: chimdiomimieumenyi
[10-Mar-2026 17:40:44 Africa/Lagos] Student user created with ID: 33
[10-Mar-2026 17:40:44 Africa/Lagos] Student role assigned to user ID: 33
[10-Mar-2026 17:40:44 Africa/Lagos] Getting default campus ID for school: 6
[10-Mar-2026 17:40:44 Africa/Lagos] Error getting default campus: SQLSTATE[42S22]: Column not found: 1054 Unknown column 'is_default' in 'WHERE'
[10-Mar-2026 17:40:44 Africa/Lagos] Campus ID: null
[10-Mar-2026 17:40:44 Africa/Lagos] Inserting student record...
[10-Mar-2026 17:40:44 Africa/Lagos] Student insert params prepared: [6,null,"33","BIT-2025-0006","6",16,null,"2026-03-10","Chimdiomimi","Goodall","Umenyi","2020-03-10"]...
[10-Mar-2026 17:40:44 Africa/Lagos] === STUDENT RECORD CREATED SUCCESSFULLY ===
[10-Mar-2026 17:40:44 Africa/Lagos] Student ID: 12
[10-Mar-2026 17:40:44 Africa/Lagos] Admission Number: BIT-2025-0006
[10-Mar-2026 17:40:44 Africa/Lagos] Creating new parent from guardian data
[10-Mar-2026 17:40:44 Africa/Lagos] === FIND OR CREATE PARENT ===
[10-Mar-2026 17:40:44 Africa/Lagos] Parent data: {"name":"Favour Nzube","email":"safebit99@gmail.com","phone":"+234 704 139 0038","address":"Uga anambra state"}
[10-Mar-2026 17:40:44 Africa/Lagos] No existing parent found, creating new parent
[10-Mar-2026 17:40:44 Africa/Lagos] Generated random password of length: 8
[10-Mar-2026 17:40:44 Africa/Lagos] Generated parent password (hashed)
[10-Mar-2026 17:40:44 Africa/Lagos] ERROR in findOrCreateParent: SQLSTATE[23000]: Integrity constraint violation: 1062 Duplicate entry '6-safebit99@gmail.com' for key 'unique_email_school'
[10-Mar-2026 17:40:44 Africa/Lagos] Stack trace: #0 /home/academixsuite/public_html/includes/StudentManager.php(253): PDOStatement->execute(Array)
#1 /home/academixsuite/public_html/includes/StudentManager.php(546): StudentManager->findOrCreateParent(Array)
#2 /home/academixsuite/public_html/tenant/{school-slug}/admin/add-new-student.php(438): StudentManager->addStudent(Array)
#3 /home/academixsuite/public_html/tenant/router.php(365): require_once('/home/academixs...')
#4 {main}
[10-Mar-2026 17:40:44 Africa/Lagos] Transaction rolled back due to error
[10-Mar-2026 17:40:44 Africa/Lagos] === ADD STUDENT FAILED ===
[10-Mar-2026 17:40:44 Africa/Lagos] Error: SQLSTATE[23000]: Integrity constraint violation: 1062 Duplicate entry '6-safebit99@gmail.com' for key 'unique_email_school'
[10-Mar-2026 17:40:44 Africa/Lagos] Stack trace: #0 /home/academixsuite/public_html/includes/StudentManager.php(253): PDOStatement->execute(Array)
#1 /home/academixsuite/public_html/includes/StudentManager.php(546): StudentManager->findOrCreateParent(Array)
#2 /home/academixsuite/public_html/tenant/{school-slug}/admin/add-new-student.php(438): StudentManager->addStudent(Array)
#3 /home/academixsuite/public_html/tenant/router.php(365): require_once('/home/academixs...')
#4 {main}
[10-Mar-2026 17:40:44 Africa/Lagos] PDO Error Info: ["23000",1062,"Duplicate entry '6-safebit99@gmail.com' for key 'unique_email_school'"]
[10-Mar-2026 17:40:44 Africa/Lagos] StudentManager->addStudent() completed in 410.85ms
[10-Mar-2026 17:40:44 Africa/Lagos] === STUDENT ADDITION FAILED ===
[10-Mar-2026 17:40:44 Africa/Lagos] Error message: Error adding student: SQLSTATE[23000]: Integrity constraint violation: 1062 Duplicate entry '6-safebit99@gmail.com' for key 'unique_email_school'
[10-Mar-2026 17:40:44 Africa/Lagos] Redirecting after form processing
[10-Mar-2026 17:45:17 Africa/Lagos] === ADD STUDENT PAGE START ===
[10-Mar-2026 17:45:17 Africa/Lagos] Request URI: /tenant/bitflux-wallet-1771434696/admin/add-new-student.php
[10-Mar-2026 17:45:17 Africa/Lagos] Script: /home/academixsuite/public_html/tenant/{school-slug}/admin/add-new-student.php
[10-Mar-2026 17:45:17 Africa/Lagos] Request Method: GET
[10-Mar-2026 17:45:17 Africa/Lagos] Session ID: c0ded79d8c058234ec9f5793fdea7f94
[10-Mar-2026 17:45:17 Africa/Lagos] School Slug: bitflux-wallet-1771434696
[10-Mar-2026 17:45:17 Africa/Lagos] User Type: admin
[10-Mar-2026 17:45:17 Africa/Lagos] Current Page: add-new-student.php
[10-Mar-2026 17:45:17 Africa/Lagos] School ID: 6
[10-Mar-2026 17:45:17 Africa/Lagos] School Name: bitflux wallet
[10-Mar-2026 17:45:17 Africa/Lagos] Authenticated User ID: 1
[10-Mar-2026 17:45:17 Africa/Lagos] Authenticated User Type: admin
[10-Mar-2026 17:45:17 Africa/Lagos] Loading autoload from: /home/academixsuite/public_html/tenant/{school-slug}/admin/../../../includes/autoload.php
[10-Mar-2026 17:45:17 Africa/Lagos] Autoload loaded successfully
[10-Mar-2026 17:45:17 Africa/Lagos] Database class found
[10-Mar-2026 17:45:17 Africa/Lagos] Loading StudentManager from: /home/academixsuite/public_html/tenant/{school-slug}/admin/../../../includes/StudentManager.php
[10-Mar-2026 17:45:17 Africa/Lagos] StudentManager loaded successfully
[10-Mar-2026 17:45:17 Africa/Lagos] Attempting to connect to database: school_6
[10-Mar-2026 17:45:17 Africa/Lagos] School database connection successful for: school_6
[10-Mar-2026 17:45:17 Africa/Lagos] Database connection PDO object: PDO
[10-Mar-2026 17:45:17 Africa/Lagos] Initializing StudentManager with parameters:
[10-Mar-2026 17:45:17 Africa/Lagos] - School ID: 6
[10-Mar-2026 17:45:17 Africa/Lagos] - User ID: 1
[10-Mar-2026 17:45:17 Africa/Lagos] - User Type: admin
[10-Mar-2026 17:45:17 Africa/Lagos] StudentManager initialized for school ID: 6
[10-Mar-2026 17:45:17 Africa/Lagos] StudentManager initialized successfully
[10-Mar-2026 17:45:17 Africa/Lagos] Starting data fetch from database
[10-Mar-2026 17:45:17 Africa/Lagos] Loaded 21 settings records
[10-Mar-2026 17:45:17 Africa/Lagos] Loaded user data for ID: 1
[10-Mar-2026 17:45:17 Africa/Lagos] Loaded 1 academic years
[10-Mar-2026 17:45:17 Africa/Lagos] Loaded 16 classes
[10-Mar-2026 17:45:17 Africa/Lagos] Restoring form data from session for repopulation
[10-Mar-2026 17:45:17 Africa/Lagos] === ADD STUDENT PAGE END ===
[10-Mar-2026 17:45:17 Africa/Lagos] Page loaded with 16 classes, 1 academic years
[10-Mar-2026 17:45:17 Africa/Lagos] ROUTER END: Successfully served /home/academixsuite/public_html/tenant/{school-slug}/admin/add-new-student.php
[10-Mar-2026 17:45:23 Africa/Lagos] === ADD STUDENT PAGE START ===
[10-Mar-2026 17:45:23 Africa/Lagos] Request URI: /tenant/bitflux-wallet-1771434696/admin/add-new-student.php
[10-Mar-2026 17:45:23 Africa/Lagos] Script: /home/academixsuite/public_html/tenant/{school-slug}/admin/add-new-student.php
[10-Mar-2026 17:45:23 Africa/Lagos] Request Method: POST
[10-Mar-2026 17:45:23 Africa/Lagos] Session ID: c0ded79d8c058234ec9f5793fdea7f94
[10-Mar-2026 17:45:23 Africa/Lagos] School Slug: bitflux-wallet-1771434696
[10-Mar-2026 17:45:23 Africa/Lagos] User Type: admin
[10-Mar-2026 17:45:23 Africa/Lagos] Current Page: add-new-student.php
[10-Mar-2026 17:45:23 Africa/Lagos] School ID: 6
[10-Mar-2026 17:45:23 Africa/Lagos] School Name: bitflux wallet
[10-Mar-2026 17:45:23 Africa/Lagos] Authenticated User ID: 1
[10-Mar-2026 17:45:23 Africa/Lagos] Authenticated User Type: admin
[10-Mar-2026 17:45:23 Africa/Lagos] Loading autoload from: /home/academixsuite/public_html/tenant/{school-slug}/admin/../../../includes/autoload.php
[10-Mar-2026 17:45:23 Africa/Lagos] Autoload loaded successfully
[10-Mar-2026 17:45:23 Africa/Lagos] Database class found
[10-Mar-2026 17:45:23 Africa/Lagos] Loading StudentManager from: /home/academixsuite/public_html/tenant/{school-slug}/admin/../../../includes/StudentManager.php
[10-Mar-2026 17:45:23 Africa/Lagos] StudentManager loaded successfully
[10-Mar-2026 17:45:23 Africa/Lagos] Attempting to connect to database: school_6
[10-Mar-2026 17:45:23 Africa/Lagos] School database connection successful for: school_6
[10-Mar-2026 17:45:23 Africa/Lagos] Database connection PDO object: PDO
[10-Mar-2026 17:45:23 Africa/Lagos] Initializing StudentManager with parameters:
[10-Mar-2026 17:45:23 Africa/Lagos] - School ID: 6
[10-Mar-2026 17:45:23 Africa/Lagos] - User ID: 1
[10-Mar-2026 17:45:23 Africa/Lagos] - User Type: admin
[10-Mar-2026 17:45:23 Africa/Lagos] StudentManager initialized for school ID: 6
[10-Mar-2026 17:45:23 Africa/Lagos] StudentManager initialized successfully
[10-Mar-2026 17:45:23 Africa/Lagos] POST data received. Fields: csrf_token, academic_year, class, section, roll_number, admission_date, first_name, middle_name, last_name, gender, date_of_birth, student_phone, student_email, existing_parent_id, guardian_name, guardian_relation, guardian_phone, guardian_email, guardian_address, blood_group, allergies, medical_conditions, current_address, permanent_address, previous_school, previous_class, transfer_certificate_no
[10-Mar-2026 17:45:23 Africa/Lagos] Starting data fetch from database
[10-Mar-2026 17:45:23 Africa/Lagos] Loaded 21 settings records
[10-Mar-2026 17:45:23 Africa/Lagos] Loaded user data for ID: 1
[10-Mar-2026 17:45:23 Africa/Lagos] Loaded 1 academic years
[10-Mar-2026 17:45:23 Africa/Lagos] Loaded 16 classes
[10-Mar-2026 17:45:23 Africa/Lagos] === POST REQUEST DETECTED ===
[10-Mar-2026 17:45:23 Africa/Lagos] POST data keys: csrf_token, academic_year, class, section, roll_number, admission_date, first_name, middle_name, last_name, gender, date_of_birth, student_phone, student_email, existing_parent_id, guardian_name, guardian_relation, guardian_phone, guardian_email, guardian_address, blood_group, allergies, medical_conditions, current_address, permanent_address, previous_school, previous_class, transfer_certificate_no
[10-Mar-2026 17:45:23 Africa/Lagos] === PROCESSING FORM SUBMISSION ===
[10-Mar-2026 17:45:23 Africa/Lagos] Form submission detected via field presence
[10-Mar-2026 17:45:23 Africa/Lagos] CSRF validation PASSED
[10-Mar-2026 17:45:23 Africa/Lagos] Student data prepared for insertion:
[10-Mar-2026 17:45:23 Africa/Lagos] - Name: Chimdiomimi Umenyi
[10-Mar-2026 17:45:23 Africa/Lagos] Validation PASSED - all required fields present
[10-Mar-2026 17:45:23 Africa/Lagos] Calling StudentManager->addStudent()
[10-Mar-2026 17:45:23 Africa/Lagos] === ADD STUDENT START ===
[10-Mar-2026 17:45:23 Africa/Lagos] School ID: 6
[10-Mar-2026 17:45:23 Africa/Lagos] User ID: 1
[10-Mar-2026 17:45:23 Africa/Lagos] Data received: ["academic_year_id","class_id","section_id","roll_number","admission_date","first_name","middle_name","last_name","gender","date_of_birth","student_email","student_phone","guardian_name","guardian_email","guardian_phone","guardian_relation","guardian_address","existing_parent_id","blood_group","allergies","medical_conditions","doctor_name","doctor_phone","current_address","permanent_address","previous_school","previous_class","transfer_certificate_no"]
[10-Mar-2026 17:45:23 Africa/Lagos] Transaction started
[10-Mar-2026 17:45:23 Africa/Lagos] Validation passed
[10-Mar-2026 17:45:23 Africa/Lagos] Generating admission number for academic year ID: 1
[10-Mar-2026 17:45:23 Africa/Lagos] Using academic year: 2025-2026 (Year: 2025)
[10-Mar-2026 17:45:23 Africa/Lagos] Generated admission number: BIT-2025-0006
[10-Mar-2026 17:45:23 Africa/Lagos] Generated admission number: BIT-2025-0006
[10-Mar-2026 17:45:23 Africa/Lagos] Generated random password of length: 8
[10-Mar-2026 17:45:23 Africa/Lagos] Student password generated (hashed)
[10-Mar-2026 17:45:23 Africa/Lagos] Creating student user account:
[10-Mar-2026 17:45:23 Africa/Lagos] - Full name: Chimdiomimi Goodall Umenyi
[10-Mar-2026 17:45:23 Africa/Lagos] - Email: chimdiomimieumenyi@gmail.com
[10-Mar-2026 17:45:23 Africa/Lagos] - Username: chimdiomimieumenyi
[10-Mar-2026 17:45:23 Africa/Lagos] Student user created with ID: 35
[10-Mar-2026 17:45:23 Africa/Lagos] Student role assigned to user ID: 35
[10-Mar-2026 17:45:23 Africa/Lagos] Getting default campus ID for school: 6
[10-Mar-2026 17:45:23 Africa/Lagos] Error getting default campus: SQLSTATE[42S22]: Column not found: 1054 Unknown column 'is_default' in 'WHERE'
[10-Mar-2026 17:45:23 Africa/Lagos] Campus ID: null
[10-Mar-2026 17:45:23 Africa/Lagos] Inserting student record...
[10-Mar-2026 17:45:23 Africa/Lagos] Student insert params prepared: [6,null,"35","BIT-2025-0006","6",16,null,"2026-03-10","Chimdiomimi","Goodall","Umenyi","2020-03-10"]...
[10-Mar-2026 17:45:23 Africa/Lagos] === STUDENT RECORD CREATED SUCCESSFULLY ===
[10-Mar-2026 17:45:23 Africa/Lagos] Student ID: 13
[10-Mar-2026 17:45:23 Africa/Lagos] Admission Number: BIT-2025-0006
[10-Mar-2026 17:45:23 Africa/Lagos] Creating new parent from guardian data
[10-Mar-2026 17:45:23 Africa/Lagos] === FIND OR CREATE PARENT ===
[10-Mar-2026 17:45:23 Africa/Lagos] Parent data: {"name":"Favour Nzube","email":"safebit99@gmail.com","phone":"+234 704 139 0038","address":"Uga anambra state"}
[10-Mar-2026 17:45:23 Africa/Lagos] No existing parent found, creating new parent
[10-Mar-2026 17:45:23 Africa/Lagos] Generated random password of length: 8
[10-Mar-2026 17:45:23 Africa/Lagos] Generated parent password (hashed)
[10-Mar-2026 17:45:23 Africa/Lagos] ERROR in findOrCreateParent: SQLSTATE[23000]: Integrity constraint violation: 1062 Duplicate entry '6-safebit99@gmail.com' for key 'unique_email_school'
[10-Mar-2026 17:45:23 Africa/Lagos] Stack trace: #0 /home/academixsuite/public_html/includes/StudentManager.php(253): PDOStatement->execute(Array)
#1 /home/academixsuite/public_html/includes/StudentManager.php(546): StudentManager->findOrCreateParent(Array)
#2 /home/academixsuite/public_html/tenant/{school-slug}/admin/add-new-student.php(438): StudentManager->addStudent(Array)
#3 /home/academixsuite/public_html/tenant/router.php(365): require_once('/home/academixs...')
#4 {main}
[10-Mar-2026 17:45:23 Africa/Lagos] Transaction rolled back due to error
[10-Mar-2026 17:45:23 Africa/Lagos] === ADD STUDENT FAILED ===
[10-Mar-2026 17:45:23 Africa/Lagos] Error: SQLSTATE[23000]: Integrity constraint violation: 1062 Duplicate entry '6-safebit99@gmail.com' for key 'unique_email_school'
[10-Mar-2026 17:45:23 Africa/Lagos] Stack trace: #0 /home/academixsuite/public_html/includes/StudentManager.php(253): PDOStatement->execute(Array)
#1 /home/academixsuite/public_html/includes/StudentManager.php(546): StudentManager->findOrCreateParent(Array)
#2 /home/academixsuite/public_html/tenant/{school-slug}/admin/add-new-student.php(438): StudentManager->addStudent(Array)
#3 /home/academixsuite/public_html/tenant/router.php(365): require_once('/home/academixs...')
#4 {main}
[10-Mar-2026 17:45:23 Africa/Lagos] PDO Error Info: ["23000",1062,"Duplicate entry '6-safebit99@gmail.com' for key 'unique_email_school'"]
[10-Mar-2026 17:45:23 Africa/Lagos] StudentManager->addStudent() completed in 405.78ms
[10-Mar-2026 17:45:23 Africa/Lagos] === STUDENT ADDITION FAILED ===
[10-Mar-2026 17:45:23 Africa/Lagos] Error message: Error adding student: SQLSTATE[23000]: Integrity constraint violation: 1062 Duplicate entry '6-safebit99@gmail.com' for key 'unique_email_school'
[10-Mar-2026 17:45:23 Africa/Lagos] Redirecting after form processing
[11-Mar-2026 07:29:45 Africa/Lagos] === ADD STUDENT PAGE START ===
[11-Mar-2026 07:29:45 Africa/Lagos] Request URI: /tenant/bitflux-wallet-1771434696/admin/add-new-student.php
[11-Mar-2026 07:29:45 Africa/Lagos] Script: /home/academixsuite/public_html/tenant/{school-slug}/admin/add-new-student.php
[11-Mar-2026 07:29:45 Africa/Lagos] Request Method: GET
[11-Mar-2026 07:29:45 Africa/Lagos] Session ID: b03e4d117bd535953badd26faf4a3d79
[11-Mar-2026 07:29:45 Africa/Lagos] School Slug: bitflux-wallet-1771434696
[11-Mar-2026 07:29:45 Africa/Lagos] User Type: admin
[11-Mar-2026 07:29:45 Africa/Lagos] Current Page: add-new-student.php
[11-Mar-2026 07:29:45 Africa/Lagos] School ID: 6
[11-Mar-2026 07:29:45 Africa/Lagos] School Name: bitflux wallet
[11-Mar-2026 07:29:45 Africa/Lagos] Authenticated User ID: 1
[11-Mar-2026 07:29:45 Africa/Lagos] Authenticated User Type: admin
[11-Mar-2026 07:29:45 Africa/Lagos] Loading autoload from: /home/academixsuite/public_html/tenant/{school-slug}/admin/../../../includes/autoload.php
[11-Mar-2026 07:29:45 Africa/Lagos] Autoload loaded successfully
[11-Mar-2026 07:29:45 Africa/Lagos] Database class found
[11-Mar-2026 07:29:45 Africa/Lagos] Loading StudentManager from: /home/academixsuite/public_html/tenant/{school-slug}/admin/../../../includes/StudentManager.php
[11-Mar-2026 07:29:45 Africa/Lagos] StudentManager loaded successfully
[11-Mar-2026 07:29:45 Africa/Lagos] Attempting to connect to database: school_6
[11-Mar-2026 07:29:45 Africa/Lagos] School database connection successful for: school_6
[11-Mar-2026 07:29:45 Africa/Lagos] Database connection PDO object: PDO
[11-Mar-2026 07:29:45 Africa/Lagos] Initializing StudentManager with parameters:
[11-Mar-2026 07:29:45 Africa/Lagos] - School ID: 6
[11-Mar-2026 07:29:45 Africa/Lagos] - User ID: 1
[11-Mar-2026 07:29:45 Africa/Lagos] - User Type: admin
[11-Mar-2026 07:29:45 Africa/Lagos] StudentManager initialized for school ID: 6
[11-Mar-2026 07:29:45 Africa/Lagos] StudentManager initialized successfully
[11-Mar-2026 07:29:45 Africa/Lagos] Starting data fetch from database
[11-Mar-2026 07:29:45 Africa/Lagos] Loaded 21 settings records
[11-Mar-2026 07:29:45 Africa/Lagos] Loaded user data for ID: 1
[11-Mar-2026 07:29:45 Africa/Lagos] Loaded 1 academic years
[11-Mar-2026 07:29:45 Africa/Lagos] Loaded 16 classes
[11-Mar-2026 07:29:45 Africa/Lagos] === ADD STUDENT PAGE END ===
[11-Mar-2026 07:29:45 Africa/Lagos] Page loaded with 16 classes, 1 academic years
[11-Mar-2026 07:29:45 Africa/Lagos] ROUTER END: Successfully served /home/academixsuite/public_html/tenant/{school-slug}/admin/add-new-student.php
[11-Mar-2026 08:03:36 Africa/Lagos] === ADD STUDENT PAGE START ===
[11-Mar-2026 08:03:36 Africa/Lagos] Request URI: /tenant/bitflux-wallet-1771434696/admin/add-new-student.php
[11-Mar-2026 08:03:36 Africa/Lagos] Script: /home/academixsuite/public_html/tenant/{school-slug}/admin/add-new-student.php
[11-Mar-2026 08:03:36 Africa/Lagos] Request Method: GET
[11-Mar-2026 08:03:36 Africa/Lagos] Session ID: 625a222109e7762df2f5c329863ce134
[11-Mar-2026 08:03:36 Africa/Lagos] School Slug: bitflux-wallet-1771434696
[11-Mar-2026 08:03:36 Africa/Lagos] User Type: admin
[11-Mar-2026 08:03:36 Africa/Lagos] Current Page: add-new-student.php
[11-Mar-2026 08:03:36 Africa/Lagos] School ID: 6
[11-Mar-2026 08:03:36 Africa/Lagos] School Name: bitflux wallet
[11-Mar-2026 08:03:36 Africa/Lagos] Authenticated User ID: 1
[11-Mar-2026 08:03:36 Africa/Lagos] Authenticated User Type: admin
[11-Mar-2026 08:03:36 Africa/Lagos] Loading autoload from: /home/academixsuite/public_html/tenant/{school-slug}/admin/../../../includes/autoload.php
[11-Mar-2026 08:03:36 Africa/Lagos] Autoload loaded successfully
[11-Mar-2026 08:03:36 Africa/Lagos] Database class found
[11-Mar-2026 08:03:36 Africa/Lagos] Loading StudentManager from: /home/academixsuite/public_html/tenant/{school-slug}/admin/../../../includes/StudentManager.php
[11-Mar-2026 08:03:36 Africa/Lagos] StudentManager loaded successfully
[11-Mar-2026 08:03:36 Africa/Lagos] Attempting to connect to database: school_6
[11-Mar-2026 08:03:36 Africa/Lagos] School database connection successful for: school_6
[11-Mar-2026 08:03:36 Africa/Lagos] Database connection PDO object: PDO
[11-Mar-2026 08:03:36 Africa/Lagos] Initializing StudentManager with parameters:
[11-Mar-2026 08:03:36 Africa/Lagos] - School ID: 6
[11-Mar-2026 08:03:36 Africa/Lagos] - User ID: 1
[11-Mar-2026 08:03:36 Africa/Lagos] - User Type: admin
[11-Mar-2026 08:03:36 Africa/Lagos] StudentManager initialized for school ID: 6
[11-Mar-2026 08:03:36 Africa/Lagos] StudentManager initialized successfully
[11-Mar-2026 08:03:36 Africa/Lagos] Starting data fetch from database
[11-Mar-2026 08:03:36 Africa/Lagos] Loaded 21 settings records
[11-Mar-2026 08:03:36 Africa/Lagos] Loaded user data for ID: 1
[11-Mar-2026 08:03:36 Africa/Lagos] Loaded 1 academic years
[11-Mar-2026 08:03:36 Africa/Lagos] Loaded 16 classes
[11-Mar-2026 08:03:36 Africa/Lagos] === ADD STUDENT PAGE END ===
[11-Mar-2026 08:03:36 Africa/Lagos] Page loaded with 16 classes, 1 academic years
[11-Mar-2026 08:03:36 Africa/Lagos] ROUTER END: Successfully served /home/academixsuite/public_html/tenant/{school-slug}/admin/add-new-student.php
[11-Mar-2026 08:04:02 Africa/Lagos] === ADD STUDENT PAGE START ===
[11-Mar-2026 08:04:02 Africa/Lagos] Request URI: /tenant/bitflux-wallet-1771434696/admin/add-new-student.php?ajax=get_sections&class_id=13
[11-Mar-2026 08:04:02 Africa/Lagos] Script: /home/academixsuite/public_html/tenant/{school-slug}/admin/add-new-student.php
[11-Mar-2026 08:04:02 Africa/Lagos] Request Method: GET
[11-Mar-2026 08:04:02 Africa/Lagos] Session ID: 625a222109e7762df2f5c329863ce134
[11-Mar-2026 08:04:02 Africa/Lagos] School Slug: bitflux-wallet-1771434696
[11-Mar-2026 08:04:02 Africa/Lagos] User Type: admin
[11-Mar-2026 08:04:02 Africa/Lagos] Current Page: add-new-student.php
[11-Mar-2026 08:04:02 Africa/Lagos] School ID: 6
[11-Mar-2026 08:04:02 Africa/Lagos] School Name: bitflux wallet
[11-Mar-2026 08:04:02 Africa/Lagos] Authenticated User ID: 1
[11-Mar-2026 08:04:02 Africa/Lagos] Authenticated User Type: admin
[11-Mar-2026 08:04:02 Africa/Lagos] Loading autoload from: /home/academixsuite/public_html/tenant/{school-slug}/admin/../../../includes/autoload.php
[11-Mar-2026 08:04:02 Africa/Lagos] Autoload loaded successfully
[11-Mar-2026 08:04:02 Africa/Lagos] Database class found
[11-Mar-2026 08:04:02 Africa/Lagos] Loading StudentManager from: /home/academixsuite/public_html/tenant/{school-slug}/admin/../../../includes/StudentManager.php
[11-Mar-2026 08:04:02 Africa/Lagos] StudentManager loaded successfully
[11-Mar-2026 08:04:02 Africa/Lagos] Attempting to connect to database: school_6
[11-Mar-2026 08:04:02 Africa/Lagos] School database connection successful for: school_6
[11-Mar-2026 08:04:02 Africa/Lagos] Database connection PDO object: PDO
[11-Mar-2026 08:04:02 Africa/Lagos] Initializing StudentManager with parameters:
[11-Mar-2026 08:04:02 Africa/Lagos] - School ID: 6
[11-Mar-2026 08:04:02 Africa/Lagos] - User ID: 1
[11-Mar-2026 08:04:02 Africa/Lagos] - User Type: admin
[11-Mar-2026 08:04:02 Africa/Lagos] StudentManager initialized for school ID: 6
[11-Mar-2026 08:04:02 Africa/Lagos] StudentManager initialized successfully
[11-Mar-2026 08:04:02 Africa/Lagos] Starting data fetch from database
[11-Mar-2026 08:04:02 Africa/Lagos] Loaded 21 settings records
[11-Mar-2026 08:04:02 Africa/Lagos] Loaded user data for ID: 1
[11-Mar-2026 08:04:02 Africa/Lagos] Loaded 1 academic years
[11-Mar-2026 08:04:02 Africa/Lagos] Loaded 16 classes
[11-Mar-2026 08:04:02 Africa/Lagos] Retrieved 0 sections for class ID: 13
[11-Mar-2026 08:04:02 Africa/Lagos] Loaded 0 sections for class 13
[11-Mar-2026 08:04:02 Africa/Lagos] Processing AJAX request: get_sections
[11-Mar-2026 08:04:02 Africa/Lagos] Retrieved 0 sections for class ID: 13
[11-Mar-2026 08:12:33 Africa/Lagos] === ADD STUDENT PAGE START ===
[11-Mar-2026 08:12:33 Africa/Lagos] Request URI: /tenant/bitflux-wallet-1771434696/admin/add-new-student.php
[11-Mar-2026 08:12:33 Africa/Lagos] Script: /home/academixsuite/public_html/tenant/{school-slug}/admin/add-new-student.php
[11-Mar-2026 08:12:33 Africa/Lagos] Request Method: POST
[11-Mar-2026 08:12:33 Africa/Lagos] Session ID: 625a222109e7762df2f5c329863ce134
[11-Mar-2026 08:12:33 Africa/Lagos] School Slug: bitflux-wallet-1771434696
[11-Mar-2026 08:12:33 Africa/Lagos] User Type: admin
[11-Mar-2026 08:12:33 Africa/Lagos] Current Page: add-new-student.php
[11-Mar-2026 08:12:33 Africa/Lagos] School ID: 6
[11-Mar-2026 08:12:33 Africa/Lagos] School Name: bitflux wallet
[11-Mar-2026 08:12:33 Africa/Lagos] Authenticated User ID: 1
[11-Mar-2026 08:12:33 Africa/Lagos] Authenticated User Type: admin
[11-Mar-2026 08:12:33 Africa/Lagos] Loading autoload from: /home/academixsuite/public_html/tenant/{school-slug}/admin/../../../includes/autoload.php
[11-Mar-2026 08:12:33 Africa/Lagos] Autoload loaded successfully
[11-Mar-2026 08:12:33 Africa/Lagos] Database class found
[11-Mar-2026 08:12:33 Africa/Lagos] Loading StudentManager from: /home/academixsuite/public_html/tenant/{school-slug}/admin/../../../includes/StudentManager.php
[11-Mar-2026 08:12:33 Africa/Lagos] StudentManager loaded successfully
[11-Mar-2026 08:12:33 Africa/Lagos] Attempting to connect to database: school_6
[11-Mar-2026 08:12:33 Africa/Lagos] School database connection successful for: school_6
[11-Mar-2026 08:12:33 Africa/Lagos] Database connection PDO object: PDO
[11-Mar-2026 08:12:33 Africa/Lagos] Initializing StudentManager with parameters:
[11-Mar-2026 08:12:33 Africa/Lagos] - School ID: 6
[11-Mar-2026 08:12:33 Africa/Lagos] - User ID: 1
[11-Mar-2026 08:12:33 Africa/Lagos] - User Type: admin
[11-Mar-2026 08:12:33 Africa/Lagos] StudentManager initialized for school ID: 6
[11-Mar-2026 08:12:33 Africa/Lagos] StudentManager initialized successfully
[11-Mar-2026 08:12:33 Africa/Lagos] POST data received. Fields: csrf_token, academic_year, class, section, roll_number, admission_date, first_name, middle_name, last_name, gender, date_of_birth, student_phone, student_email, existing_parent_id, guardian_name, guardian_relation, guardian_phone, guardian_email, guardian_address, blood_group, allergies, medical_conditions, current_address, permanent_address, previous_school, previous_class, transfer_certificate_no
[11-Mar-2026 08:12:33 Africa/Lagos] Starting data fetch from database
[11-Mar-2026 08:12:33 Africa/Lagos] Loaded 21 settings records
[11-Mar-2026 08:12:33 Africa/Lagos] Loaded user data for ID: 1
[11-Mar-2026 08:12:33 Africa/Lagos] Loaded 1 academic years
[11-Mar-2026 08:12:33 Africa/Lagos] Loaded 16 classes
[11-Mar-2026 08:12:33 Africa/Lagos] === POST REQUEST DETECTED ===
[11-Mar-2026 08:12:33 Africa/Lagos] POST data keys: csrf_token, academic_year, class, section, roll_number, admission_date, first_name, middle_name, last_name, gender, date_of_birth, student_phone, student_email, existing_parent_id, guardian_name, guardian_relation, guardian_phone, guardian_email, guardian_address, blood_group, allergies, medical_conditions, current_address, permanent_address, previous_school, previous_class, transfer_certificate_no
[11-Mar-2026 08:12:33 Africa/Lagos] === PROCESSING FORM SUBMISSION ===
[11-Mar-2026 08:12:33 Africa/Lagos] Form submission detected via field presence
[11-Mar-2026 08:12:33 Africa/Lagos] CSRF validation PASSED
[11-Mar-2026 08:12:33 Africa/Lagos] Student data prepared for insertion:
[11-Mar-2026 08:12:33 Africa/Lagos] - Name: prosper checz
[11-Mar-2026 08:12:33 Africa/Lagos] Validation PASSED - all required fields present
[11-Mar-2026 08:12:33 Africa/Lagos] Calling StudentManager->addStudent()
[11-Mar-2026 08:12:33 Africa/Lagos] === ADD STUDENT START ===
[11-Mar-2026 08:12:33 Africa/Lagos] School ID: 6
[11-Mar-2026 08:12:33 Africa/Lagos] User ID: 1
[11-Mar-2026 08:12:33 Africa/Lagos] Data received: ["academic_year_id","class_id","section_id","roll_number","admission_date","first_name","middle_name","last_name","gender","date_of_birth","student_email","student_phone","guardian_name","guardian_email","guardian_phone","guardian_relation","guardian_address","existing_parent_id","blood_group","allergies","medical_conditions","doctor_name","doctor_phone","current_address","permanent_address","previous_school","previous_class","transfer_certificate_no"]
[11-Mar-2026 08:12:33 Africa/Lagos] Transaction started
[11-Mar-2026 08:12:33 Africa/Lagos] Validation passed
[11-Mar-2026 08:12:33 Africa/Lagos] Generating admission number for academic year ID: 1
[11-Mar-2026 08:12:33 Africa/Lagos] Using academic year: 2025-2026 (Year: 2025)
[11-Mar-2026 08:12:33 Africa/Lagos] Generated admission number: BIT-2025-0006
[11-Mar-2026 08:12:33 Africa/Lagos] Generated admission number: BIT-2025-0006
[11-Mar-2026 08:12:33 Africa/Lagos] Generating professional email for: prosper checz (student)
[11-Mar-2026 08:12:33 Africa/Lagos] Base email generated: prosper.checz@student.bitflux-wallet-1771434696
[11-Mar-2026 08:12:33 Africa/Lagos] Email is unique: prosper.checz@student.bitflux-wallet-1771434696
[11-Mar-2026 08:12:33 Africa/Lagos] Generated student email: prosper.checz@student.bitflux-wallet-1771434696
[11-Mar-2026 08:12:33 Africa/Lagos] Generated random password of length: 8
[11-Mar-2026 08:12:33 Africa/Lagos] Student password generated (hashed)
[11-Mar-2026 08:12:33 Africa/Lagos] Creating student user account:
[11-Mar-2026 08:12:33 Africa/Lagos] - Full name: prosper eche checz
[11-Mar-2026 08:12:33 Africa/Lagos] - Email: prosper.checz@student.bitflux-wallet-1771434696
[11-Mar-2026 08:12:33 Africa/Lagos] - Username: prosper.checz
[11-Mar-2026 08:12:33 Africa/Lagos] Student user created with ID: 37
[11-Mar-2026 08:12:33 Africa/Lagos] Student role assigned to user ID: 37
[11-Mar-2026 08:12:33 Africa/Lagos] Getting default campus ID for school: 6
[11-Mar-2026 08:12:33 Africa/Lagos] Error getting default campus: SQLSTATE[42S22]: Column not found: 1054 Unknown column 'is_default' in 'WHERE'
[11-Mar-2026 08:12:33 Africa/Lagos] Campus ID: null
[11-Mar-2026 08:12:33 Africa/Lagos] Inserting student record...
[11-Mar-2026 08:12:33 Africa/Lagos] Student insert params prepared: [6,null,"37","BIT-2025-0006","1",13,null,"2026-03-11","prosper","eche","checz","1998-09-02"]...
[11-Mar-2026 08:12:33 Africa/Lagos] === STUDENT RECORD CREATED SUCCESSFULLY ===
[11-Mar-2026 08:12:33 Africa/Lagos] Student ID: 14
[11-Mar-2026 08:12:33 Africa/Lagos] Admission Number: BIT-2025-0006
[11-Mar-2026 08:12:33 Africa/Lagos] Creating new parent from guardian data
[11-Mar-2026 08:12:33 Africa/Lagos] === FIND OR CREATE PARENT ===
[11-Mar-2026 08:12:33 Africa/Lagos] Parent data: {"name":"james checz","email":"jameschecz@gmail.com","phone":"0908888288","address":"umuahia town , gae junction"}
[11-Mar-2026 08:12:33 Africa/Lagos] No existing parent found, creating new parent
[11-Mar-2026 08:12:33 Africa/Lagos] Generated random password of length: 8
[11-Mar-2026 08:12:33 Africa/Lagos] Generated parent password (hashed)
[11-Mar-2026 08:12:33 Africa/Lagos] Created new parent with ID: 38
[11-Mar-2026 08:12:33 Africa/Lagos] Assigned parent role to user ID: 38
[11-Mar-2026 08:12:33 Africa/Lagos] Stored temporary password for parent ID: 38
[11-Mar-2026 08:12:33 Africa/Lagos] Parent user ID from findOrCreate: 38
[11-Mar-2026 08:12:33 Africa/Lagos] Creating guardian relationship - Parent: 38, Student: 14, Relationship: father
[11-Mar-2026 08:12:33 Africa/Lagos] Guardian relationship created successfully
[11-Mar-2026 08:12:33 Africa/Lagos] Stored temporary password for student ID: 37
[11-Mar-2026 08:12:33 Africa/Lagos] Creating audit log entry
[11-Mar-2026 08:12:33 Africa/Lagos] Audit log created successfully
[11-Mar-2026 08:12:33 Africa/Lagos] Transaction committed successfully
[11-Mar-2026 08:12:33 Africa/Lagos] Attempting to send login emails
[11-Mar-2026 08:12:33 Africa/Lagos] === SENDING LOGIN EMAILS ===
[11-Mar-2026 08:12:33 Africa/Lagos] Sending email to student: prosper.checz@student.bitflux-wallet-1771434696
[11-Mar-2026 08:12:33 Africa/Lagos] Attempting to send email to: prosper.checz@student.bitflux-wallet-1771434696
[11-Mar-2026 08:12:33 Africa/Lagos] Email sent successfully via mail() function
[11-Mar-2026 08:12:33 Africa/Lagos] Student email sent successfully
[11-Mar-2026 08:12:33 Africa/Lagos] Sending email to parent: jameschecz@gmail.com
[11-Mar-2026 08:12:33 Africa/Lagos] Attempting to send email to: jameschecz@gmail.com
[11-Mar-2026 08:12:33 Africa/Lagos] Email sent successfully via mail() function
[11-Mar-2026 08:12:33 Africa/Lagos] Parent email sent successfully
[11-Mar-2026 08:12:33 Africa/Lagos] Email sending completed with 0 errors
[11-Mar-2026 08:12:33 Africa/Lagos] === ADD STUDENT COMPLETED SUCCESSFULLY ===
[11-Mar-2026 08:12:33 Africa/Lagos] Return message: Student added successfully! Admission Number: BIT-2025-0006
[11-Mar-2026 08:12:33 Africa/Lagos] StudentManager->addStudent() completed in 572.17ms
[11-Mar-2026 08:12:33 Africa/Lagos] === STUDENT ADDED SUCCESSFULLY ===
[11-Mar-2026 08:12:33 Africa/Lagos] Student ID: 14
[11-Mar-2026 08:12:33 Africa/Lagos] Message: Student added successfully! Admission Number: BIT-2025-0006
[11-Mar-2026 08:12:33 Africa/Lagos] Redirecting after form processing
[11-Mar-2026 08:12:37 Africa/Lagos] === ADD STUDENT PAGE START ===
[11-Mar-2026 08:12:37 Africa/Lagos] Request URI: /tenant/bitflux-wallet-1771434696/admin/add-new-student.php
[11-Mar-2026 08:12:37 Africa/Lagos] Script: /home/academixsuite/public_html/tenant/{school-slug}/admin/add-new-student.php
[11-Mar-2026 08:12:37 Africa/Lagos] Request Method: GET
[11-Mar-2026 08:12:37 Africa/Lagos] Session ID: 625a222109e7762df2f5c329863ce134
[11-Mar-2026 08:12:37 Africa/Lagos] School Slug: bitflux-wallet-1771434696
[11-Mar-2026 08:12:37 Africa/Lagos] User Type: admin
[11-Mar-2026 08:12:37 Africa/Lagos] Current Page: add-new-student.php
[11-Mar-2026 08:12:37 Africa/Lagos] School ID: 6
[11-Mar-2026 08:12:37 Africa/Lagos] School Name: bitflux wallet
[11-Mar-2026 08:12:37 Africa/Lagos] Authenticated User ID: 1
[11-Mar-2026 08:12:37 Africa/Lagos] Authenticated User Type: admin
[11-Mar-2026 08:12:37 Africa/Lagos] Loading autoload from: /home/academixsuite/public_html/tenant/{school-slug}/admin/../../../includes/autoload.php
[11-Mar-2026 08:12:37 Africa/Lagos] Autoload loaded successfully
[11-Mar-2026 08:12:37 Africa/Lagos] Database class found
[11-Mar-2026 08:12:37 Africa/Lagos] Loading StudentManager from: /home/academixsuite/public_html/tenant/{school-slug}/admin/../../../includes/StudentManager.php
[11-Mar-2026 08:12:37 Africa/Lagos] StudentManager loaded successfully
[11-Mar-2026 08:12:37 Africa/Lagos] Attempting to connect to database: school_6
[11-Mar-2026 08:12:37 Africa/Lagos] School database connection successful for: school_6
[11-Mar-2026 08:12:37 Africa/Lagos] Database connection PDO object: PDO
[11-Mar-2026 08:12:37 Africa/Lagos] Initializing StudentManager with parameters:
[11-Mar-2026 08:12:37 Africa/Lagos] - School ID: 6
[11-Mar-2026 08:12:37 Africa/Lagos] - User ID: 1
[11-Mar-2026 08:12:37 Africa/Lagos] - User Type: admin
[11-Mar-2026 08:12:37 Africa/Lagos] StudentManager initialized for school ID: 6
[11-Mar-2026 08:12:37 Africa/Lagos] StudentManager initialized successfully
[11-Mar-2026 08:12:37 Africa/Lagos] Starting data fetch from database
[11-Mar-2026 08:12:37 Africa/Lagos] Loaded 21 settings records
[11-Mar-2026 08:12:37 Africa/Lagos] Loaded user data for ID: 1
[11-Mar-2026 08:12:37 Africa/Lagos] Loaded 1 academic years
[11-Mar-2026 08:12:37 Africa/Lagos] Loaded 16 classes
[11-Mar-2026 08:12:37 Africa/Lagos] === ADD STUDENT PAGE END ===
[11-Mar-2026 08:12:37 Africa/Lagos] Page loaded with 16 classes, 1 academic years
[11-Mar-2026 08:12:37 Africa/Lagos] ROUTER END: Successfully served /home/academixsuite/public_html/tenant/{school-slug}/admin/add-new-student.php
[11-Mar-2026 12:01:52 Africa/Lagos] === ADD STUDENT PAGE START ===
[11-Mar-2026 12:01:52 Africa/Lagos] Request URI: /tenant/bitflux-wallet-1771434696/admin/add-new-student.php
[11-Mar-2026 12:01:52 Africa/Lagos] Script: /home/academixsuite/public_html/tenant/{school-slug}/admin/add-new-student.php
[11-Mar-2026 12:01:52 Africa/Lagos] Request Method: GET
[11-Mar-2026 12:01:52 Africa/Lagos] Session ID: e6537039b23d0cd6c8592a82d470eee8
[11-Mar-2026 12:01:52 Africa/Lagos] School Slug: bitflux-wallet-1771434696
[11-Mar-2026 12:01:52 Africa/Lagos] User Type: admin
[11-Mar-2026 12:01:52 Africa/Lagos] Current Page: add-new-student.php
[11-Mar-2026 12:01:52 Africa/Lagos] School ID: 6
[11-Mar-2026 12:01:52 Africa/Lagos] School Name: bitflux wallet
[11-Mar-2026 12:01:52 Africa/Lagos] Authenticated User ID: 1
[11-Mar-2026 12:01:52 Africa/Lagos] Authenticated User Type: admin
[11-Mar-2026 12:01:52 Africa/Lagos] Loading autoload from: /home/academixsuite/public_html/tenant/{school-slug}/admin/../../../includes/autoload.php
[11-Mar-2026 12:01:52 Africa/Lagos] Autoload loaded successfully
[11-Mar-2026 12:01:52 Africa/Lagos] Database class found
[11-Mar-2026 12:01:52 Africa/Lagos] Loading StudentManager from: /home/academixsuite/public_html/tenant/{school-slug}/admin/../../../includes/StudentManager.php
[11-Mar-2026 12:01:52 Africa/Lagos] StudentManager loaded successfully
[11-Mar-2026 12:01:52 Africa/Lagos] Attempting to connect to database: school_6
[11-Mar-2026 12:01:52 Africa/Lagos] School database connection successful for: school_6
[11-Mar-2026 12:01:52 Africa/Lagos] Database connection PDO object: PDO
[11-Mar-2026 12:01:52 Africa/Lagos] Initializing StudentManager with parameters:
[11-Mar-2026 12:01:52 Africa/Lagos] - School ID: 6
[11-Mar-2026 12:01:52 Africa/Lagos] - User ID: 1
[11-Mar-2026 12:01:52 Africa/Lagos] - User Type: admin
[11-Mar-2026 12:01:52 Africa/Lagos] StudentManager initialized for school ID: 6
[11-Mar-2026 12:01:52 Africa/Lagos] StudentManager initialized successfully
[11-Mar-2026 12:01:52 Africa/Lagos] Starting data fetch from database
[11-Mar-2026 12:01:52 Africa/Lagos] Loaded 21 settings records
[11-Mar-2026 12:01:52 Africa/Lagos] Loaded user data for ID: 1
[11-Mar-2026 12:01:52 Africa/Lagos] Loaded 1 academic years
[11-Mar-2026 12:01:52 Africa/Lagos] Loaded 16 classes
[11-Mar-2026 12:01:52 Africa/Lagos] === ADD STUDENT PAGE END ===
[11-Mar-2026 12:01:52 Africa/Lagos] Page loaded with 16 classes, 1 academic years
[11-Mar-2026 12:01:52 Africa/Lagos] ROUTER END: Successfully served /home/academixsuite/public_html/tenant/{school-slug}/admin/add-new-student.php
[11-Mar-2026 12:02:03 Africa/Lagos] === ADD STUDENT PAGE START ===
[11-Mar-2026 12:02:03 Africa/Lagos] Request URI: /tenant/bitflux-wallet-1771434696/admin/add-new-student.php?ajax=search_parents&term=henr
[11-Mar-2026 12:02:03 Africa/Lagos] Script: /home/academixsuite/public_html/tenant/{school-slug}/admin/add-new-student.php
[11-Mar-2026 12:02:03 Africa/Lagos] Request Method: GET
[11-Mar-2026 12:02:03 Africa/Lagos] Session ID: e6537039b23d0cd6c8592a82d470eee8
[11-Mar-2026 12:02:03 Africa/Lagos] School Slug: bitflux-wallet-1771434696
[11-Mar-2026 12:02:03 Africa/Lagos] User Type: admin
[11-Mar-2026 12:02:03 Africa/Lagos] Current Page: add-new-student.php
[11-Mar-2026 12:02:03 Africa/Lagos] School ID: 6
[11-Mar-2026 12:02:03 Africa/Lagos] School Name: bitflux wallet
[11-Mar-2026 12:02:03 Africa/Lagos] Authenticated User ID: 1
[11-Mar-2026 12:02:03 Africa/Lagos] Authenticated User Type: admin
[11-Mar-2026 12:02:03 Africa/Lagos] Loading autoload from: /home/academixsuite/public_html/tenant/{school-slug}/admin/../../../includes/autoload.php
[11-Mar-2026 12:02:03 Africa/Lagos] Autoload loaded successfully
[11-Mar-2026 12:02:03 Africa/Lagos] Database class found
[11-Mar-2026 12:02:03 Africa/Lagos] Loading StudentManager from: /home/academixsuite/public_html/tenant/{school-slug}/admin/../../../includes/StudentManager.php
[11-Mar-2026 12:02:03 Africa/Lagos] StudentManager loaded successfully
[11-Mar-2026 12:02:03 Africa/Lagos] Attempting to connect to database: school_6
[11-Mar-2026 12:02:03 Africa/Lagos] School database connection successful for: school_6
[11-Mar-2026 12:02:03 Africa/Lagos] Database connection PDO object: PDO
[11-Mar-2026 12:02:03 Africa/Lagos] Initializing StudentManager with parameters:
[11-Mar-2026 12:02:03 Africa/Lagos] - School ID: 6
[11-Mar-2026 12:02:03 Africa/Lagos] - User ID: 1
[11-Mar-2026 12:02:03 Africa/Lagos] - User Type: admin
[11-Mar-2026 12:02:03 Africa/Lagos] StudentManager initialized for school ID: 6
[11-Mar-2026 12:02:03 Africa/Lagos] StudentManager initialized successfully
[11-Mar-2026 12:02:03 Africa/Lagos] Starting data fetch from database
[11-Mar-2026 12:02:03 Africa/Lagos] Loaded 21 settings records
[11-Mar-2026 12:02:03 Africa/Lagos] Loaded user data for ID: 1
[11-Mar-2026 12:02:03 Africa/Lagos] Loaded 1 academic years
[11-Mar-2026 12:02:03 Africa/Lagos] Loaded 16 classes
[11-Mar-2026 12:02:03 Africa/Lagos] Processing AJAX request: search_parents
[11-Mar-2026 12:02:03 Africa/Lagos] Searching parents with term: henr
[11-Mar-2026 12:02:03 Africa/Lagos] Found 0 parents matching term
[11-Mar-2026 12:02:08 Africa/Lagos] === ADD STUDENT PAGE START ===
[11-Mar-2026 12:02:08 Africa/Lagos] Request URI: /tenant/bitflux-wallet-1771434696/admin/add-new-student.php?ajax=search_parents&term=uzo
[11-Mar-2026 12:02:08 Africa/Lagos] Script: /home/academixsuite/public_html/tenant/{school-slug}/admin/add-new-student.php
[11-Mar-2026 12:02:08 Africa/Lagos] Request Method: GET
[11-Mar-2026 12:02:08 Africa/Lagos] Session ID: e6537039b23d0cd6c8592a82d470eee8
[11-Mar-2026 12:02:08 Africa/Lagos] School Slug: bitflux-wallet-1771434696
[11-Mar-2026 12:02:08 Africa/Lagos] User Type: admin
[11-Mar-2026 12:02:08 Africa/Lagos] Current Page: add-new-student.php
[11-Mar-2026 12:02:08 Africa/Lagos] School ID: 6
[11-Mar-2026 12:02:08 Africa/Lagos] School Name: bitflux wallet
[11-Mar-2026 12:02:08 Africa/Lagos] Authenticated User ID: 1
[11-Mar-2026 12:02:08 Africa/Lagos] Authenticated User Type: admin
[11-Mar-2026 12:02:08 Africa/Lagos] Loading autoload from: /home/academixsuite/public_html/tenant/{school-slug}/admin/../../../includes/autoload.php
[11-Mar-2026 12:02:08 Africa/Lagos] Autoload loaded successfully
[11-Mar-2026 12:02:08 Africa/Lagos] Database class found
[11-Mar-2026 12:02:08 Africa/Lagos] Loading StudentManager from: /home/academixsuite/public_html/tenant/{school-slug}/admin/../../../includes/StudentManager.php
[11-Mar-2026 12:02:08 Africa/Lagos] StudentManager loaded successfully
[11-Mar-2026 12:02:08 Africa/Lagos] Attempting to connect to database: school_6
[11-Mar-2026 12:02:08 Africa/Lagos] School database connection successful for: school_6
[11-Mar-2026 12:02:08 Africa/Lagos] Database connection PDO object: PDO
[11-Mar-2026 12:02:08 Africa/Lagos] Initializing StudentManager with parameters:
[11-Mar-2026 12:02:08 Africa/Lagos] - School ID: 6
[11-Mar-2026 12:02:08 Africa/Lagos] - User ID: 1
[11-Mar-2026 12:02:08 Africa/Lagos] - User Type: admin
[11-Mar-2026 12:02:08 Africa/Lagos] StudentManager initialized for school ID: 6
[11-Mar-2026 12:02:08 Africa/Lagos] StudentManager initialized successfully
[11-Mar-2026 12:02:08 Africa/Lagos] Starting data fetch from database
[11-Mar-2026 12:02:08 Africa/Lagos] Loaded 21 settings records
[11-Mar-2026 12:02:08 Africa/Lagos] Loaded user data for ID: 1
[11-Mar-2026 12:02:08 Africa/Lagos] Loaded 1 academic years
[11-Mar-2026 12:02:08 Africa/Lagos] Loaded 16 classes
[11-Mar-2026 12:02:08 Africa/Lagos] Processing AJAX request: search_parents
[11-Mar-2026 12:02:08 Africa/Lagos] Searching parents with term: uzo
[11-Mar-2026 12:02:08 Africa/Lagos] Found 1 parents matching term
[11-Mar-2026 14:53:30 Africa/Lagos] === ADD STUDENT PAGE START ===
[11-Mar-2026 14:53:30 Africa/Lagos] Request URI: /tenant/bitflux-wallet-1771434696/admin/add-new-student.php
[11-Mar-2026 14:53:30 Africa/Lagos] Script: /home/academixsuite/public_html/tenant/{school-slug}/admin/add-new-student.php
[11-Mar-2026 14:53:30 Africa/Lagos] Request Method: GET
[11-Mar-2026 14:53:30 Africa/Lagos] Session ID: b03e4d117bd535953badd26faf4a3d79
[11-Mar-2026 14:53:30 Africa/Lagos] School Slug: bitflux-wallet-1771434696
[11-Mar-2026 14:53:30 Africa/Lagos] User Type: admin
[11-Mar-2026 14:53:30 Africa/Lagos] Current Page: add-new-student.php
[11-Mar-2026 14:53:30 Africa/Lagos] School ID: 6
[11-Mar-2026 14:53:30 Africa/Lagos] School Name: bitflux wallet
[11-Mar-2026 14:53:30 Africa/Lagos] Authenticated User ID: 1
[11-Mar-2026 14:53:30 Africa/Lagos] Authenticated User Type: admin
[11-Mar-2026 14:53:30 Africa/Lagos] Loading autoload from: /home/academixsuite/public_html/tenant/{school-slug}/admin/../../../includes/autoload.php
[11-Mar-2026 14:53:30 Africa/Lagos] Autoload loaded successfully
[11-Mar-2026 14:53:30 Africa/Lagos] Database class found
[11-Mar-2026 14:53:30 Africa/Lagos] Loading StudentManager from: /home/academixsuite/public_html/tenant/{school-slug}/admin/../../../includes/StudentManager.php
[11-Mar-2026 14:53:30 Africa/Lagos] StudentManager loaded successfully
[11-Mar-2026 14:53:30 Africa/Lagos] Attempting to connect to database: school_6
[11-Mar-2026 14:53:30 Africa/Lagos] School database connection successful for: school_6
[11-Mar-2026 14:53:30 Africa/Lagos] Database connection PDO object: PDO
[11-Mar-2026 14:53:30 Africa/Lagos] Initializing StudentManager with parameters:
[11-Mar-2026 14:53:30 Africa/Lagos] - School ID: 6
[11-Mar-2026 14:53:30 Africa/Lagos] - User ID: 1
[11-Mar-2026 14:53:30 Africa/Lagos] - User Type: admin
[11-Mar-2026 14:53:30 Africa/Lagos] StudentManager initialized for school ID: 6
[11-Mar-2026 14:53:30 Africa/Lagos] StudentManager initialized successfully
[11-Mar-2026 14:53:30 Africa/Lagos] Starting data fetch from database
[11-Mar-2026 14:53:30 Africa/Lagos] Loaded 21 settings records
[11-Mar-2026 14:53:30 Africa/Lagos] Loaded user data for ID: 1
[11-Mar-2026 14:53:30 Africa/Lagos] Loaded 1 academic years
[11-Mar-2026 14:53:30 Africa/Lagos] Loaded 16 classes
[11-Mar-2026 14:53:30 Africa/Lagos] === ADD STUDENT PAGE END ===
[11-Mar-2026 14:53:30 Africa/Lagos] Page loaded with 16 classes, 1 academic years
[11-Mar-2026 14:53:30 Africa/Lagos] ROUTER END: Successfully served /home/academixsuite/public_html/tenant/{school-slug}/admin/add-new-student.php
[12-Mar-2026 06:10:43 Africa/Lagos] === ADD STUDENT PAGE START ===
[12-Mar-2026 06:10:43 Africa/Lagos] Request URI: /tenant/bitflux-wallet-1771434696/admin/add-new-student.php
[12-Mar-2026 06:10:43 Africa/Lagos] Script: /home/academixsuite/public_html/tenant/{school-slug}/admin/add-new-student.php
[12-Mar-2026 06:10:43 Africa/Lagos] Request Method: GET
[12-Mar-2026 06:10:43 Africa/Lagos] Session ID: e6537039b23d0cd6c8592a82d470eee8
[12-Mar-2026 06:10:43 Africa/Lagos] School Slug: bitflux-wallet-1771434696
[12-Mar-2026 06:10:43 Africa/Lagos] User Type: admin
[12-Mar-2026 06:10:43 Africa/Lagos] Current Page: add-new-student.php
[12-Mar-2026 06:10:43 Africa/Lagos] School ID: 6
[12-Mar-2026 06:10:43 Africa/Lagos] School Name: bitflux wallet
[12-Mar-2026 06:10:43 Africa/Lagos] Authenticated User ID: 1
[12-Mar-2026 06:10:43 Africa/Lagos] Authenticated User Type: admin
[12-Mar-2026 06:10:43 Africa/Lagos] Loading autoload from: /home/academixsuite/public_html/tenant/{school-slug}/admin/../../../includes/autoload.php
[12-Mar-2026 06:10:43 Africa/Lagos] Autoload loaded successfully
[12-Mar-2026 06:10:43 Africa/Lagos] Database class found
[12-Mar-2026 06:10:43 Africa/Lagos] Loading StudentManager from: /home/academixsuite/public_html/tenant/{school-slug}/admin/../../../includes/StudentManager.php
[12-Mar-2026 06:10:43 Africa/Lagos] StudentManager loaded successfully
[12-Mar-2026 06:10:43 Africa/Lagos] Attempting to connect to database: school_6
[12-Mar-2026 06:10:43 Africa/Lagos] School database connection successful for: school_6
[12-Mar-2026 06:10:43 Africa/Lagos] Database connection PDO object: PDO
[12-Mar-2026 06:10:43 Africa/Lagos] Initializing StudentManager with parameters:
[12-Mar-2026 06:10:43 Africa/Lagos] - School ID: 6
[12-Mar-2026 06:10:43 Africa/Lagos] - User ID: 1
[12-Mar-2026 06:10:43 Africa/Lagos] - User Type: admin
[12-Mar-2026 06:10:43 Africa/Lagos] StudentManager initialized for school ID: 6
[12-Mar-2026 06:10:43 Africa/Lagos] StudentManager initialized successfully
[12-Mar-2026 06:10:43 Africa/Lagos] Starting data fetch from database
[12-Mar-2026 06:10:43 Africa/Lagos] Loaded 21 settings records
[12-Mar-2026 06:10:43 Africa/Lagos] Loaded user data for ID: 1
[12-Mar-2026 06:10:43 Africa/Lagos] Loaded 1 academic years
[12-Mar-2026 06:10:43 Africa/Lagos] Loaded 16 classes
[12-Mar-2026 06:10:43 Africa/Lagos] === ADD STUDENT PAGE END ===
[12-Mar-2026 06:10:43 Africa/Lagos] Page loaded with 16 classes, 1 academic years
[12-Mar-2026 06:10:43 Africa/Lagos] ROUTER END: Successfully served /home/academixsuite/public_html/tenant/{school-slug}/admin/add-new-student.php
[12-Mar-2026 09:27:59 Africa/Lagos] === ADD STUDENT PAGE START ===
[12-Mar-2026 09:27:59 Africa/Lagos] Request URI: /tenant/bitflux-wallet-1771434696/admin/add-new-student.php
[12-Mar-2026 09:27:59 Africa/Lagos] Script: /home/academixsuite/public_html/tenant/{school-slug}/admin/add-new-student.php
[12-Mar-2026 09:27:59 Africa/Lagos] Request Method: GET
[12-Mar-2026 09:27:59 Africa/Lagos] Session ID: e6537039b23d0cd6c8592a82d470eee8
[12-Mar-2026 09:27:59 Africa/Lagos] School Slug: bitflux-wallet-1771434696
[12-Mar-2026 09:27:59 Africa/Lagos] User Type: admin
[12-Mar-2026 09:27:59 Africa/Lagos] Current Page: add-new-student.php
[12-Mar-2026 09:27:59 Africa/Lagos] School ID: 6
[12-Mar-2026 09:27:59 Africa/Lagos] School Name: bitflux wallet
[12-Mar-2026 09:27:59 Africa/Lagos] Authenticated User ID: 1
[12-Mar-2026 09:27:59 Africa/Lagos] Authenticated User Type: admin
[12-Mar-2026 09:27:59 Africa/Lagos] Loading autoload from: /home/academixsuite/public_html/tenant/{school-slug}/admin/../../../includes/autoload.php
[12-Mar-2026 09:27:59 Africa/Lagos] Autoload loaded successfully
[12-Mar-2026 09:27:59 Africa/Lagos] Database class found
[12-Mar-2026 09:27:59 Africa/Lagos] Loading StudentManager from: /home/academixsuite/public_html/tenant/{school-slug}/admin/../../../includes/StudentManager.php
[12-Mar-2026 09:27:59 Africa/Lagos] StudentManager loaded successfully
[12-Mar-2026 09:27:59 Africa/Lagos] Attempting to connect to database: school_6
[12-Mar-2026 09:27:59 Africa/Lagos] School database connection successful for: school_6
[12-Mar-2026 09:27:59 Africa/Lagos] Database connection PDO object: PDO
[12-Mar-2026 09:27:59 Africa/Lagos] Initializing StudentManager with parameters:
[12-Mar-2026 09:27:59 Africa/Lagos] - School ID: 6
[12-Mar-2026 09:27:59 Africa/Lagos] - User ID: 1
[12-Mar-2026 09:27:59 Africa/Lagos] - User Type: admin
[12-Mar-2026 09:27:59 Africa/Lagos] StudentManager initialized for school ID: 6
[12-Mar-2026 09:27:59 Africa/Lagos] StudentManager initialized successfully
[12-Mar-2026 09:27:59 Africa/Lagos] Starting data fetch from database
[12-Mar-2026 09:27:59 Africa/Lagos] Loaded 21 settings records
[12-Mar-2026 09:27:59 Africa/Lagos] Loaded user data for ID: 1
[12-Mar-2026 09:27:59 Africa/Lagos] Loaded 1 academic years
[12-Mar-2026 09:27:59 Africa/Lagos] Loaded 16 classes
[12-Mar-2026 09:27:59 Africa/Lagos] === ADD STUDENT PAGE END ===
[12-Mar-2026 09:27:59 Africa/Lagos] Page loaded with 16 classes, 1 academic years
[12-Mar-2026 09:27:59 Africa/Lagos] ROUTER END: Successfully served /home/academixsuite/public_html/tenant/{school-slug}/admin/add-new-student.php
[12-Mar-2026 09:28:12 Africa/Lagos] === ADD STUDENT PAGE START ===
[12-Mar-2026 09:28:12 Africa/Lagos] Request URI: /tenant/bitflux-wallet-1771434696/admin/add-new-student.php?ajax=get_sections&class_id=4
[12-Mar-2026 09:28:12 Africa/Lagos] Script: /home/academixsuite/public_html/tenant/{school-slug}/admin/add-new-student.php
[12-Mar-2026 09:28:12 Africa/Lagos] Request Method: GET
[12-Mar-2026 09:28:12 Africa/Lagos] Session ID: e6537039b23d0cd6c8592a82d470eee8
[12-Mar-2026 09:28:12 Africa/Lagos] School Slug: bitflux-wallet-1771434696
[12-Mar-2026 09:28:12 Africa/Lagos] User Type: admin
[12-Mar-2026 09:28:12 Africa/Lagos] Current Page: add-new-student.php
[12-Mar-2026 09:28:12 Africa/Lagos] School ID: 6
[12-Mar-2026 09:28:12 Africa/Lagos] School Name: bitflux wallet
[12-Mar-2026 09:28:12 Africa/Lagos] Authenticated User ID: 1
[12-Mar-2026 09:28:12 Africa/Lagos] Authenticated User Type: admin
[12-Mar-2026 09:28:12 Africa/Lagos] Loading autoload from: /home/academixsuite/public_html/tenant/{school-slug}/admin/../../../includes/autoload.php
[12-Mar-2026 09:28:12 Africa/Lagos] Autoload loaded successfully
[12-Mar-2026 09:28:12 Africa/Lagos] Database class found
[12-Mar-2026 09:28:12 Africa/Lagos] Loading StudentManager from: /home/academixsuite/public_html/tenant/{school-slug}/admin/../../../includes/StudentManager.php
[12-Mar-2026 09:28:12 Africa/Lagos] StudentManager loaded successfully
[12-Mar-2026 09:28:12 Africa/Lagos] Attempting to connect to database: school_6
[12-Mar-2026 09:28:12 Africa/Lagos] School database connection successful for: school_6
[12-Mar-2026 09:28:12 Africa/Lagos] Database connection PDO object: PDO
[12-Mar-2026 09:28:12 Africa/Lagos] Initializing StudentManager with parameters:
[12-Mar-2026 09:28:12 Africa/Lagos] - School ID: 6
[12-Mar-2026 09:28:12 Africa/Lagos] - User ID: 1
[12-Mar-2026 09:28:12 Africa/Lagos] - User Type: admin
[12-Mar-2026 09:28:12 Africa/Lagos] StudentManager initialized for school ID: 6
[12-Mar-2026 09:28:12 Africa/Lagos] StudentManager initialized successfully
[12-Mar-2026 09:28:12 Africa/Lagos] Starting data fetch from database
[12-Mar-2026 09:28:12 Africa/Lagos] Loaded 21 settings records
[12-Mar-2026 09:28:12 Africa/Lagos] Loaded user data for ID: 1
[12-Mar-2026 09:28:12 Africa/Lagos] Loaded 1 academic years
[12-Mar-2026 09:28:12 Africa/Lagos] Loaded 16 classes
[12-Mar-2026 09:28:12 Africa/Lagos] Retrieved 0 sections for class ID: 4
[12-Mar-2026 09:28:12 Africa/Lagos] Loaded 0 sections for class 4
[12-Mar-2026 09:28:12 Africa/Lagos] Processing AJAX request: get_sections
[12-Mar-2026 09:28:12 Africa/Lagos] Retrieved 0 sections for class ID: 4
[12-Mar-2026 09:39:14 Africa/Lagos] === ADD STUDENT PAGE START ===
[12-Mar-2026 09:39:14 Africa/Lagos] Request URI: /tenant/bitflux-wallet-1771434696/admin/add-new-student.php
[12-Mar-2026 09:39:14 Africa/Lagos] Script: /home/academixsuite/public_html/tenant/{school-slug}/admin/add-new-student.php
[12-Mar-2026 09:39:14 Africa/Lagos] Request Method: POST
[12-Mar-2026 09:39:14 Africa/Lagos] Session ID: e6537039b23d0cd6c8592a82d470eee8
[12-Mar-2026 09:39:14 Africa/Lagos] School Slug: bitflux-wallet-1771434696
[12-Mar-2026 09:39:14 Africa/Lagos] User Type: admin
[12-Mar-2026 09:39:14 Africa/Lagos] Current Page: add-new-student.php
[12-Mar-2026 09:39:14 Africa/Lagos] School ID: 6
[12-Mar-2026 09:39:14 Africa/Lagos] School Name: bitflux wallet
[12-Mar-2026 09:39:14 Africa/Lagos] Authenticated User ID: 1
[12-Mar-2026 09:39:14 Africa/Lagos] Authenticated User Type: admin
[12-Mar-2026 09:39:14 Africa/Lagos] Loading autoload from: /home/academixsuite/public_html/tenant/{school-slug}/admin/../../../includes/autoload.php
[12-Mar-2026 09:39:14 Africa/Lagos] Autoload loaded successfully
[12-Mar-2026 09:39:14 Africa/Lagos] Database class found
[12-Mar-2026 09:39:14 Africa/Lagos] Loading StudentManager from: /home/academixsuite/public_html/tenant/{school-slug}/admin/../../../includes/StudentManager.php
[12-Mar-2026 09:39:14 Africa/Lagos] StudentManager loaded successfully
[12-Mar-2026 09:39:14 Africa/Lagos] Attempting to connect to database: school_6
[12-Mar-2026 09:39:14 Africa/Lagos] School database connection successful for: school_6
[12-Mar-2026 09:39:14 Africa/Lagos] Database connection PDO object: PDO
[12-Mar-2026 09:39:14 Africa/Lagos] Initializing StudentManager with parameters:
[12-Mar-2026 09:39:14 Africa/Lagos] - School ID: 6
[12-Mar-2026 09:39:14 Africa/Lagos] - User ID: 1
[12-Mar-2026 09:39:14 Africa/Lagos] - User Type: admin
[12-Mar-2026 09:39:14 Africa/Lagos] StudentManager initialized for school ID: 6
[12-Mar-2026 09:39:14 Africa/Lagos] StudentManager initialized successfully
[12-Mar-2026 09:39:14 Africa/Lagos] POST data received. Fields: csrf_token, academic_year, class, section, roll_number, admission_date, first_name, middle_name, last_name, gender, date_of_birth, student_phone, student_email, existing_parent_id, guardian_name, guardian_relation, guardian_phone, guardian_email, guardian_address, blood_group, allergies, medical_conditions, current_address, permanent_address, previous_school, previous_class, transfer_certificate_no
[12-Mar-2026 09:39:14 Africa/Lagos] Starting data fetch from database
[12-Mar-2026 09:39:14 Africa/Lagos] Loaded 21 settings records
[12-Mar-2026 09:39:14 Africa/Lagos] Loaded user data for ID: 1
[12-Mar-2026 09:39:14 Africa/Lagos] Loaded 1 academic years
[12-Mar-2026 09:39:14 Africa/Lagos] Loaded 16 classes
[12-Mar-2026 09:39:14 Africa/Lagos] === POST REQUEST DETECTED ===
[12-Mar-2026 09:39:14 Africa/Lagos] POST data keys: csrf_token, academic_year, class, section, roll_number, admission_date, first_name, middle_name, last_name, gender, date_of_birth, student_phone, student_email, existing_parent_id, guardian_name, guardian_relation, guardian_phone, guardian_email, guardian_address, blood_group, allergies, medical_conditions, current_address, permanent_address, previous_school, previous_class, transfer_certificate_no
[12-Mar-2026 09:39:14 Africa/Lagos] === PROCESSING FORM SUBMISSION ===
[12-Mar-2026 09:39:14 Africa/Lagos] Form submission detected via field presence
[12-Mar-2026 09:39:14 Africa/Lagos] CSRF validation PASSED
[12-Mar-2026 09:39:14 Africa/Lagos] Student data prepared for insertion:
[12-Mar-2026 09:39:14 Africa/Lagos] - Name: Opara David
[12-Mar-2026 09:39:14 Africa/Lagos] Validation PASSED - all required fields present
[12-Mar-2026 09:39:14 Africa/Lagos] Calling StudentManager->addStudent()
[12-Mar-2026 09:39:14 Africa/Lagos] === ADD STUDENT START ===
[12-Mar-2026 09:39:14 Africa/Lagos] School ID: 6
[12-Mar-2026 09:39:14 Africa/Lagos] User ID: 1
[12-Mar-2026 09:39:14 Africa/Lagos] Data received: ["academic_year_id","class_id","section_id","roll_number","admission_date","first_name","middle_name","last_name","gender","date_of_birth","student_email","student_phone","guardian_name","guardian_email","guardian_phone","guardian_relation","guardian_address","existing_parent_id","blood_group","allergies","medical_conditions","doctor_name","doctor_phone","current_address","permanent_address","previous_school","previous_class","transfer_certificate_no"]
[12-Mar-2026 09:39:14 Africa/Lagos] Transaction started
[12-Mar-2026 09:39:14 Africa/Lagos] Validation passed
[12-Mar-2026 09:39:14 Africa/Lagos] Generating admission number for academic year ID: 1
[12-Mar-2026 09:39:14 Africa/Lagos] Using academic year: 2025-2026 (Year: 2025)
[12-Mar-2026 09:39:14 Africa/Lagos] Generated admission number: BIT-2025-0007
[12-Mar-2026 09:39:14 Africa/Lagos] Generated admission number: BIT-2025-0007
[12-Mar-2026 09:39:14 Africa/Lagos] Generated random password of length: 8
[12-Mar-2026 09:39:14 Africa/Lagos] Student password generated (hashed)
[12-Mar-2026 09:39:14 Africa/Lagos] Creating student user account:
[12-Mar-2026 09:39:14 Africa/Lagos] - Full name: Opara Emeka David
[12-Mar-2026 09:39:14 Africa/Lagos] - Email: oparauche198@gmail.com
[12-Mar-2026 09:39:14 Africa/Lagos] - Username: oparauche198
[12-Mar-2026 09:39:14 Africa/Lagos] Student user created with ID: 40
[12-Mar-2026 09:39:14 Africa/Lagos] Student role assigned to user ID: 40
[12-Mar-2026 09:39:14 Africa/Lagos] Getting default campus ID for school: 6
[12-Mar-2026 09:39:14 Africa/Lagos] Error getting default campus: SQLSTATE[42S22]: Column not found: 1054 Unknown column 'is_default' in 'WHERE'
[12-Mar-2026 09:39:14 Africa/Lagos] Campus ID: null
[12-Mar-2026 09:39:14 Africa/Lagos] Inserting student record...
[12-Mar-2026 09:39:14 Africa/Lagos] Student insert params prepared: [6,null,"40","BIT-2025-0007","2",4,null,"2025-09-10","Opara","Emeka","David","2024-07-18"]...
[12-Mar-2026 09:39:14 Africa/Lagos] === STUDENT RECORD CREATED SUCCESSFULLY ===
[12-Mar-2026 09:39:14 Africa/Lagos] Student ID: 15
[12-Mar-2026 09:39:14 Africa/Lagos] Admission Number: BIT-2025-0007
[12-Mar-2026 09:39:14 Africa/Lagos] Creating new parent from guardian data
[12-Mar-2026 09:39:14 Africa/Lagos] === FIND OR CREATE PARENT ===
[12-Mar-2026 09:39:14 Africa/Lagos] Parent data: {"name":"Opara Uchenna Elizabeth","email":"oparauche198@gmail.com","phone":"08172689365","address":"chokocho\r\netche"}
[12-Mar-2026 09:39:14 Africa/Lagos] No existing parent found, creating new parent
[12-Mar-2026 09:39:14 Africa/Lagos] Generated random password of length: 8
[12-Mar-2026 09:39:14 Africa/Lagos] Generated parent password (hashed)
[12-Mar-2026 09:39:14 Africa/Lagos] ERROR in findOrCreateParent: SQLSTATE[23000]: Integrity constraint violation: 1062 Duplicate entry '6-oparauche198@gmail.com' for key 'unique_email_school'
[12-Mar-2026 09:39:14 Africa/Lagos] Stack trace: #0 /home/academixsuite/public_html/includes/StudentManager.php(253): PDOStatement->execute(Array)
#1 /home/academixsuite/public_html/includes/StudentManager.php(546): StudentManager->findOrCreateParent(Array)
#2 /home/academixsuite/public_html/tenant/{school-slug}/admin/add-new-student.php(438): StudentManager->addStudent(Array)
#3 /home/academixsuite/public_html/tenant/router.php(365): require_once('/home/academixs...')
#4 {main}
[12-Mar-2026 09:39:14 Africa/Lagos] Transaction rolled back due to error
[12-Mar-2026 09:39:14 Africa/Lagos] === ADD STUDENT FAILED ===
[12-Mar-2026 09:39:14 Africa/Lagos] Error: SQLSTATE[23000]: Integrity constraint violation: 1062 Duplicate entry '6-oparauche198@gmail.com' for key 'unique_email_school'
[12-Mar-2026 09:39:14 Africa/Lagos] Stack trace: #0 /home/academixsuite/public_html/includes/StudentManager.php(253): PDOStatement->execute(Array)
#1 /home/academixsuite/public_html/includes/StudentManager.php(546): StudentManager->findOrCreateParent(Array)
#2 /home/academixsuite/public_html/tenant/{school-slug}/admin/add-new-student.php(438): StudentManager->addStudent(Array)
#3 /home/academixsuite/public_html/tenant/router.php(365): require_once('/home/academixs...')
#4 {main}
[12-Mar-2026 09:39:14 Africa/Lagos] PDO Error Info: ["23000",1062,"Duplicate entry '6-oparauche198@gmail.com' for key 'unique_email_school'"]
[12-Mar-2026 09:39:14 Africa/Lagos] StudentManager->addStudent() completed in 408.67ms
[12-Mar-2026 09:39:14 Africa/Lagos] === STUDENT ADDITION FAILED ===
[12-Mar-2026 09:39:14 Africa/Lagos] Error message: Error adding student: SQLSTATE[23000]: Integrity constraint violation: 1062 Duplicate entry '6-oparauche198@gmail.com' for key 'unique_email_school'
[12-Mar-2026 09:39:14 Africa/Lagos] Redirecting back to add form: add-new-student.php
[12-Mar-2026 09:39:15 Africa/Lagos] === ADD STUDENT PAGE START ===
[12-Mar-2026 09:39:15 Africa/Lagos] Request URI: /tenant/bitflux-wallet-1771434696/admin/add-new-student.php
[12-Mar-2026 09:39:15 Africa/Lagos] Script: /home/academixsuite/public_html/tenant/{school-slug}/admin/add-new-student.php
[12-Mar-2026 09:39:15 Africa/Lagos] Request Method: GET
[12-Mar-2026 09:39:15 Africa/Lagos] Session ID: e6537039b23d0cd6c8592a82d470eee8
[12-Mar-2026 09:39:15 Africa/Lagos] School Slug: bitflux-wallet-1771434696
[12-Mar-2026 09:39:15 Africa/Lagos] User Type: admin
[12-Mar-2026 09:39:15 Africa/Lagos] Current Page: add-new-student.php
[12-Mar-2026 09:39:15 Africa/Lagos] School ID: 6
[12-Mar-2026 09:39:15 Africa/Lagos] School Name: bitflux wallet
[12-Mar-2026 09:39:15 Africa/Lagos] Authenticated User ID: 1
[12-Mar-2026 09:39:15 Africa/Lagos] Authenticated User Type: admin
[12-Mar-2026 09:39:15 Africa/Lagos] Loading autoload from: /home/academixsuite/public_html/tenant/{school-slug}/admin/../../../includes/autoload.php
[12-Mar-2026 09:39:15 Africa/Lagos] Autoload loaded successfully
[12-Mar-2026 09:39:15 Africa/Lagos] Database class found
[12-Mar-2026 09:39:15 Africa/Lagos] Loading StudentManager from: /home/academixsuite/public_html/tenant/{school-slug}/admin/../../../includes/StudentManager.php
[12-Mar-2026 09:39:15 Africa/Lagos] StudentManager loaded successfully
[12-Mar-2026 09:39:15 Africa/Lagos] Attempting to connect to database: school_6
[12-Mar-2026 09:39:15 Africa/Lagos] School database connection successful for: school_6
[12-Mar-2026 09:39:15 Africa/Lagos] Database connection PDO object: PDO
[12-Mar-2026 09:39:15 Africa/Lagos] Initializing StudentManager with parameters:
[12-Mar-2026 09:39:15 Africa/Lagos] - School ID: 6
[12-Mar-2026 09:39:15 Africa/Lagos] - User ID: 1
[12-Mar-2026 09:39:15 Africa/Lagos] - User Type: admin
[12-Mar-2026 09:39:15 Africa/Lagos] StudentManager initialized for school ID: 6
[12-Mar-2026 09:39:15 Africa/Lagos] StudentManager initialized successfully
[12-Mar-2026 09:39:15 Africa/Lagos] Starting data fetch from database
[12-Mar-2026 09:39:15 Africa/Lagos] Loaded 21 settings records
[12-Mar-2026 09:39:15 Africa/Lagos] Loaded user data for ID: 1
[12-Mar-2026 09:39:15 Africa/Lagos] Loaded 1 academic years
[12-Mar-2026 09:39:15 Africa/Lagos] Loaded 16 classes
[12-Mar-2026 09:39:15 Africa/Lagos] Restoring form data from session for repopulation
[12-Mar-2026 09:39:15 Africa/Lagos] === ADD STUDENT PAGE END ===
[12-Mar-2026 09:39:15 Africa/Lagos] Page loaded with 16 classes, 1 academic years
[12-Mar-2026 09:39:15 Africa/Lagos] ROUTER END: Successfully served /home/academixsuite/public_html/tenant/{school-slug}/admin/add-new-student.php
[12-Mar-2026 09:39:50 Africa/Lagos] === ADD STUDENT PAGE START ===
[12-Mar-2026 09:39:50 Africa/Lagos] Request URI: /tenant/bitflux-wallet-1771434696/admin/add-new-student.php
[12-Mar-2026 09:39:50 Africa/Lagos] Script: /home/academixsuite/public_html/tenant/{school-slug}/admin/add-new-student.php
[12-Mar-2026 09:39:50 Africa/Lagos] Request Method: POST
[12-Mar-2026 09:39:50 Africa/Lagos] Session ID: e6537039b23d0cd6c8592a82d470eee8
[12-Mar-2026 09:39:50 Africa/Lagos] School Slug: bitflux-wallet-1771434696
[12-Mar-2026 09:39:50 Africa/Lagos] User Type: admin
[12-Mar-2026 09:39:50 Africa/Lagos] Current Page: add-new-student.php
[12-Mar-2026 09:39:50 Africa/Lagos] School ID: 6
[12-Mar-2026 09:39:50 Africa/Lagos] School Name: bitflux wallet
[12-Mar-2026 09:39:50 Africa/Lagos] Authenticated User ID: 1
[12-Mar-2026 09:39:50 Africa/Lagos] Authenticated User Type: admin
[12-Mar-2026 09:39:50 Africa/Lagos] Loading autoload from: /home/academixsuite/public_html/tenant/{school-slug}/admin/../../../includes/autoload.php
[12-Mar-2026 09:39:50 Africa/Lagos] Autoload loaded successfully
[12-Mar-2026 09:39:50 Africa/Lagos] Database class found
[12-Mar-2026 09:39:50 Africa/Lagos] Loading StudentManager from: /home/academixsuite/public_html/tenant/{school-slug}/admin/../../../includes/StudentManager.php
[12-Mar-2026 09:39:50 Africa/Lagos] StudentManager loaded successfully
[12-Mar-2026 09:39:50 Africa/Lagos] Attempting to connect to database: school_6
[12-Mar-2026 09:39:50 Africa/Lagos] School database connection successful for: school_6
[12-Mar-2026 09:39:50 Africa/Lagos] Database connection PDO object: PDO
[12-Mar-2026 09:39:50 Africa/Lagos] Initializing StudentManager with parameters:
[12-Mar-2026 09:39:50 Africa/Lagos] - School ID: 6
[12-Mar-2026 09:39:50 Africa/Lagos] - User ID: 1
[12-Mar-2026 09:39:50 Africa/Lagos] - User Type: admin
[12-Mar-2026 09:39:50 Africa/Lagos] StudentManager initialized for school ID: 6
[12-Mar-2026 09:39:50 Africa/Lagos] StudentManager initialized successfully
[12-Mar-2026 09:39:50 Africa/Lagos] POST data received. Fields: csrf_token, academic_year, class, section, roll_number, admission_date, first_name, middle_name, last_name, gender, date_of_birth, student_phone, student_email, existing_parent_id, guardian_name, guardian_relation, guardian_phone, guardian_email, guardian_address, blood_group, allergies, medical_conditions, current_address, permanent_address, previous_school, previous_class, transfer_certificate_no
[12-Mar-2026 09:39:50 Africa/Lagos] Starting data fetch from database
[12-Mar-2026 09:39:50 Africa/Lagos] Loaded 21 settings records
[12-Mar-2026 09:39:50 Africa/Lagos] Loaded user data for ID: 1
[12-Mar-2026 09:39:50 Africa/Lagos] Loaded 1 academic years
[12-Mar-2026 09:39:50 Africa/Lagos] Loaded 16 classes
[12-Mar-2026 09:39:50 Africa/Lagos] === POST REQUEST DETECTED ===
[12-Mar-2026 09:39:50 Africa/Lagos] POST data keys: csrf_token, academic_year, class, section, roll_number, admission_date, first_name, middle_name, last_name, gender, date_of_birth, student_phone, student_email, existing_parent_id, guardian_name, guardian_relation, guardian_phone, guardian_email, guardian_address, blood_group, allergies, medical_conditions, current_address, permanent_address, previous_school, previous_class, transfer_certificate_no
[12-Mar-2026 09:39:50 Africa/Lagos] === PROCESSING FORM SUBMISSION ===
[12-Mar-2026 09:39:50 Africa/Lagos] Form submission detected via field presence
[12-Mar-2026 09:39:50 Africa/Lagos] CSRF validation PASSED
[12-Mar-2026 09:39:50 Africa/Lagos] Student data prepared for insertion:
[12-Mar-2026 09:39:50 Africa/Lagos] - Name: Opara David
[12-Mar-2026 09:39:50 Africa/Lagos] Validation PASSED - all required fields present
[12-Mar-2026 09:39:50 Africa/Lagos] Calling StudentManager->addStudent()
[12-Mar-2026 09:39:50 Africa/Lagos] === ADD STUDENT START ===
[12-Mar-2026 09:39:50 Africa/Lagos] School ID: 6
[12-Mar-2026 09:39:50 Africa/Lagos] User ID: 1
[12-Mar-2026 09:39:50 Africa/Lagos] Data received: ["academic_year_id","class_id","section_id","roll_number","admission_date","first_name","middle_name","last_name","gender","date_of_birth","student_email","student_phone","guardian_name","guardian_email","guardian_phone","guardian_relation","guardian_address","existing_parent_id","blood_group","allergies","medical_conditions","doctor_name","doctor_phone","current_address","permanent_address","previous_school","previous_class","transfer_certificate_no"]
[12-Mar-2026 09:39:50 Africa/Lagos] Transaction started
[12-Mar-2026 09:39:50 Africa/Lagos] Validation passed
[12-Mar-2026 09:39:50 Africa/Lagos] Generating admission number for academic year ID: 1
[12-Mar-2026 09:39:50 Africa/Lagos] Using academic year: 2025-2026 (Year: 2025)
[12-Mar-2026 09:39:50 Africa/Lagos] Generated admission number: BIT-2025-0007
[12-Mar-2026 09:39:50 Africa/Lagos] Generated admission number: BIT-2025-0007
[12-Mar-2026 09:39:50 Africa/Lagos] Generated random password of length: 8
[12-Mar-2026 09:39:50 Africa/Lagos] Student password generated (hashed)
[12-Mar-2026 09:39:50 Africa/Lagos] Creating student user account:
[12-Mar-2026 09:39:50 Africa/Lagos] - Full name: Opara Emeka David
[12-Mar-2026 09:39:50 Africa/Lagos] - Email: oparauche198@gmail.com
[12-Mar-2026 09:39:50 Africa/Lagos] - Username: oparauche198
[12-Mar-2026 09:39:50 Africa/Lagos] Student user created with ID: 42
[12-Mar-2026 09:39:50 Africa/Lagos] Student role assigned to user ID: 42
[12-Mar-2026 09:39:50 Africa/Lagos] Getting default campus ID for school: 6
[12-Mar-2026 09:39:50 Africa/Lagos] Error getting default campus: SQLSTATE[42S22]: Column not found: 1054 Unknown column 'is_default' in 'WHERE'
[12-Mar-2026 09:39:50 Africa/Lagos] Campus ID: null
[12-Mar-2026 09:39:50 Africa/Lagos] Inserting student record...
[12-Mar-2026 09:39:50 Africa/Lagos] Student insert params prepared: [6,null,"42","BIT-2025-0007","2",4,null,"2025-09-10","Opara","Emeka","David","2024-07-18"]...
[12-Mar-2026 09:39:50 Africa/Lagos] === STUDENT RECORD CREATED SUCCESSFULLY ===
[12-Mar-2026 09:39:50 Africa/Lagos] Student ID: 16
[12-Mar-2026 09:39:50 Africa/Lagos] Admission Number: BIT-2025-0007
[12-Mar-2026 09:39:50 Africa/Lagos] Creating new parent from guardian data
[12-Mar-2026 09:39:50 Africa/Lagos] === FIND OR CREATE PARENT ===
[12-Mar-2026 09:39:50 Africa/Lagos] Parent data: {"name":"Opara Uchenna Elizabeth","email":"oparauche198@gmail.com","phone":"08172689365","address":"chokocho\r\netche"}
[12-Mar-2026 09:39:50 Africa/Lagos] No existing parent found, creating new parent
[12-Mar-2026 09:39:50 Africa/Lagos] Generated random password of length: 8
[12-Mar-2026 09:39:50 Africa/Lagos] Generated parent password (hashed)
[12-Mar-2026 09:39:50 Africa/Lagos] ERROR in findOrCreateParent: SQLSTATE[23000]: Integrity constraint violation: 1062 Duplicate entry '6-oparauche198@gmail.com' for key 'unique_email_school'
[12-Mar-2026 09:39:50 Africa/Lagos] Stack trace: #0 /home/academixsuite/public_html/includes/StudentManager.php(253): PDOStatement->execute(Array)
#1 /home/academixsuite/public_html/includes/StudentManager.php(546): StudentManager->findOrCreateParent(Array)
#2 /home/academixsuite/public_html/tenant/{school-slug}/admin/add-new-student.php(438): StudentManager->addStudent(Array)
#3 /home/academixsuite/public_html/tenant/router.php(365): require_once('/home/academixs...')
#4 {main}
[12-Mar-2026 09:39:50 Africa/Lagos] Transaction rolled back due to error
[12-Mar-2026 09:39:50 Africa/Lagos] === ADD STUDENT FAILED ===
[12-Mar-2026 09:39:50 Africa/Lagos] Error: SQLSTATE[23000]: Integrity constraint violation: 1062 Duplicate entry '6-oparauche198@gmail.com' for key 'unique_email_school'
[12-Mar-2026 09:39:50 Africa/Lagos] Stack trace: #0 /home/academixsuite/public_html/includes/StudentManager.php(253): PDOStatement->execute(Array)
#1 /home/academixsuite/public_html/includes/StudentManager.php(546): StudentManager->findOrCreateParent(Array)
#2 /home/academixsuite/public_html/tenant/{school-slug}/admin/add-new-student.php(438): StudentManager->addStudent(Array)
#3 /home/academixsuite/public_html/tenant/router.php(365): require_once('/home/academixs...')
#4 {main}
[12-Mar-2026 09:39:50 Africa/Lagos] PDO Error Info: ["23000",1062,"Duplicate entry '6-oparauche198@gmail.com' for key 'unique_email_school'"]
[12-Mar-2026 09:39:50 Africa/Lagos] StudentManager->addStudent() completed in 420.07ms
[12-Mar-2026 09:39:50 Africa/Lagos] === STUDENT ADDITION FAILED ===
[12-Mar-2026 09:39:50 Africa/Lagos] Error message: Error adding student: SQLSTATE[23000]: Integrity constraint violation: 1062 Duplicate entry '6-oparauche198@gmail.com' for key 'unique_email_school'
[12-Mar-2026 09:39:50 Africa/Lagos] Redirecting back to add form: add-new-student.php
[12-Mar-2026 09:39:51 Africa/Lagos] === ADD STUDENT PAGE START ===
[12-Mar-2026 09:39:51 Africa/Lagos] Request URI: /tenant/bitflux-wallet-1771434696/admin/add-new-student.php
[12-Mar-2026 09:39:51 Africa/Lagos] Script: /home/academixsuite/public_html/tenant/{school-slug}/admin/add-new-student.php
[12-Mar-2026 09:39:51 Africa/Lagos] Request Method: GET
[12-Mar-2026 09:39:51 Africa/Lagos] Session ID: e6537039b23d0cd6c8592a82d470eee8
[12-Mar-2026 09:39:51 Africa/Lagos] School Slug: bitflux-wallet-1771434696
[12-Mar-2026 09:39:51 Africa/Lagos] User Type: admin
[12-Mar-2026 09:39:51 Africa/Lagos] Current Page: add-new-student.php
[12-Mar-2026 09:39:51 Africa/Lagos] School ID: 6
[12-Mar-2026 09:39:51 Africa/Lagos] School Name: bitflux wallet
[12-Mar-2026 09:39:51 Africa/Lagos] Authenticated User ID: 1
[12-Mar-2026 09:39:51 Africa/Lagos] Authenticated User Type: admin
[12-Mar-2026 09:39:51 Africa/Lagos] Loading autoload from: /home/academixsuite/public_html/tenant/{school-slug}/admin/../../../includes/autoload.php
[12-Mar-2026 09:39:51 Africa/Lagos] Autoload loaded successfully
[12-Mar-2026 09:39:51 Africa/Lagos] Database class found
[12-Mar-2026 09:39:51 Africa/Lagos] Loading StudentManager from: /home/academixsuite/public_html/tenant/{school-slug}/admin/../../../includes/StudentManager.php
[12-Mar-2026 09:39:51 Africa/Lagos] StudentManager loaded successfully
[12-Mar-2026 09:39:51 Africa/Lagos] Attempting to connect to database: school_6
[12-Mar-2026 09:39:51 Africa/Lagos] School database connection successful for: school_6
[12-Mar-2026 09:39:51 Africa/Lagos] Database connection PDO object: PDO
[12-Mar-2026 09:39:51 Africa/Lagos] Initializing StudentManager with parameters:
[12-Mar-2026 09:39:51 Africa/Lagos] - School ID: 6
[12-Mar-2026 09:39:51 Africa/Lagos] - User ID: 1
[12-Mar-2026 09:39:51 Africa/Lagos] - User Type: admin
[12-Mar-2026 09:39:51 Africa/Lagos] StudentManager initialized for school ID: 6
[12-Mar-2026 09:39:51 Africa/Lagos] StudentManager initialized successfully
[12-Mar-2026 09:39:51 Africa/Lagos] Starting data fetch from database
[12-Mar-2026 09:39:51 Africa/Lagos] Loaded 21 settings records
[12-Mar-2026 09:39:51 Africa/Lagos] Loaded user data for ID: 1
[12-Mar-2026 09:39:51 Africa/Lagos] Loaded 1 academic years
[12-Mar-2026 09:39:51 Africa/Lagos] Loaded 16 classes
[12-Mar-2026 09:39:51 Africa/Lagos] Restoring form data from session for repopulation
[12-Mar-2026 09:39:51 Africa/Lagos] === ADD STUDENT PAGE END ===
[12-Mar-2026 09:39:51 Africa/Lagos] Page loaded with 16 classes, 1 academic years
[12-Mar-2026 09:39:51 Africa/Lagos] ROUTER END: Successfully served /home/academixsuite/public_html/tenant/{school-slug}/admin/add-new-student.php
[12-Mar-2026 09:40:33 Africa/Lagos] === ADD STUDENT PAGE START ===
[12-Mar-2026 09:40:33 Africa/Lagos] Request URI: /tenant/bitflux-wallet-1771434696/admin/add-new-student.php
[12-Mar-2026 09:40:33 Africa/Lagos] Script: /home/academixsuite/public_html/tenant/{school-slug}/admin/add-new-student.php
[12-Mar-2026 09:40:33 Africa/Lagos] Request Method: GET
[12-Mar-2026 09:40:33 Africa/Lagos] Session ID: e6537039b23d0cd6c8592a82d470eee8
[12-Mar-2026 09:40:33 Africa/Lagos] School Slug: bitflux-wallet-1771434696
[12-Mar-2026 09:40:33 Africa/Lagos] User Type: admin
[12-Mar-2026 09:40:33 Africa/Lagos] Current Page: add-new-student.php
[12-Mar-2026 09:40:33 Africa/Lagos] School ID: 6
[12-Mar-2026 09:40:33 Africa/Lagos] School Name: bitflux wallet
[12-Mar-2026 09:40:33 Africa/Lagos] Authenticated User ID: 1
[12-Mar-2026 09:40:33 Africa/Lagos] Authenticated User Type: admin
[12-Mar-2026 09:40:33 Africa/Lagos] Loading autoload from: /home/academixsuite/public_html/tenant/{school-slug}/admin/../../../includes/autoload.php
[12-Mar-2026 09:40:33 Africa/Lagos] Autoload loaded successfully
[12-Mar-2026 09:40:33 Africa/Lagos] Database class found
[12-Mar-2026 09:40:33 Africa/Lagos] Loading StudentManager from: /home/academixsuite/public_html/tenant/{school-slug}/admin/../../../includes/StudentManager.php
[12-Mar-2026 09:40:33 Africa/Lagos] StudentManager loaded successfully
[12-Mar-2026 09:40:33 Africa/Lagos] Attempting to connect to database: school_6
[12-Mar-2026 09:40:33 Africa/Lagos] School database connection successful for: school_6
[12-Mar-2026 09:40:33 Africa/Lagos] Database connection PDO object: PDO
[12-Mar-2026 09:40:33 Africa/Lagos] Initializing StudentManager with parameters:
[12-Mar-2026 09:40:33 Africa/Lagos] - School ID: 6
[12-Mar-2026 09:40:33 Africa/Lagos] - User ID: 1
[12-Mar-2026 09:40:33 Africa/Lagos] - User Type: admin
[12-Mar-2026 09:40:33 Africa/Lagos] StudentManager initialized for school ID: 6
[12-Mar-2026 09:40:33 Africa/Lagos] StudentManager initialized successfully
[12-Mar-2026 09:40:33 Africa/Lagos] Starting data fetch from database
[12-Mar-2026 09:40:33 Africa/Lagos] Loaded 21 settings records
[12-Mar-2026 09:40:33 Africa/Lagos] Loaded user data for ID: 1
[12-Mar-2026 09:40:33 Africa/Lagos] Loaded 1 academic years
[12-Mar-2026 09:40:33 Africa/Lagos] Loaded 16 classes
[12-Mar-2026 09:40:33 Africa/Lagos] === ADD STUDENT PAGE END ===
[12-Mar-2026 09:40:33 Africa/Lagos] Page loaded with 16 classes, 1 academic years
[12-Mar-2026 09:40:33 Africa/Lagos] ROUTER END: Successfully served /home/academixsuite/public_html/tenant/{school-slug}/admin/add-new-student.php
[12-Mar-2026 09:43:05 Africa/Lagos] === ADD STUDENT PAGE START ===
[12-Mar-2026 09:43:05 Africa/Lagos] Request URI: /tenant/bitflux-wallet-1771434696/admin/add-new-student.php
[12-Mar-2026 09:43:05 Africa/Lagos] Script: /home/academixsuite/public_html/tenant/{school-slug}/admin/add-new-student.php
[12-Mar-2026 09:43:05 Africa/Lagos] Request Method: GET
[12-Mar-2026 09:43:05 Africa/Lagos] Session ID: e6537039b23d0cd6c8592a82d470eee8
[12-Mar-2026 09:43:05 Africa/Lagos] School Slug: bitflux-wallet-1771434696
[12-Mar-2026 09:43:05 Africa/Lagos] User Type: admin
[12-Mar-2026 09:43:05 Africa/Lagos] Current Page: add-new-student.php
[12-Mar-2026 09:43:05 Africa/Lagos] School ID: 6
[12-Mar-2026 09:43:05 Africa/Lagos] School Name: bitflux wallet
[12-Mar-2026 09:43:05 Africa/Lagos] Authenticated User ID: 1
[12-Mar-2026 09:43:05 Africa/Lagos] Authenticated User Type: admin
[12-Mar-2026 09:43:05 Africa/Lagos] Loading autoload from: /home/academixsuite/public_html/tenant/{school-slug}/admin/../../../includes/autoload.php
[12-Mar-2026 09:43:05 Africa/Lagos] Autoload loaded successfully
[12-Mar-2026 09:43:05 Africa/Lagos] Database class found
[12-Mar-2026 09:43:05 Africa/Lagos] Loading StudentManager from: /home/academixsuite/public_html/tenant/{school-slug}/admin/../../../includes/StudentManager.php
[12-Mar-2026 09:43:05 Africa/Lagos] StudentManager loaded successfully
[12-Mar-2026 09:43:05 Africa/Lagos] Attempting to connect to database: school_6
[12-Mar-2026 09:43:05 Africa/Lagos] School database connection successful for: school_6
[12-Mar-2026 09:43:05 Africa/Lagos] Database connection PDO object: PDO
[12-Mar-2026 09:43:05 Africa/Lagos] Initializing StudentManager with parameters:
[12-Mar-2026 09:43:05 Africa/Lagos] - School ID: 6
[12-Mar-2026 09:43:05 Africa/Lagos] - User ID: 1
[12-Mar-2026 09:43:05 Africa/Lagos] - User Type: admin
[12-Mar-2026 09:43:05 Africa/Lagos] StudentManager initialized for school ID: 6
[12-Mar-2026 09:43:05 Africa/Lagos] StudentManager initialized successfully
[12-Mar-2026 09:43:05 Africa/Lagos] Starting data fetch from database
[12-Mar-2026 09:43:05 Africa/Lagos] Loaded 21 settings records
[12-Mar-2026 09:43:05 Africa/Lagos] Loaded user data for ID: 1
[12-Mar-2026 09:43:05 Africa/Lagos] Loaded 1 academic years
[12-Mar-2026 09:43:05 Africa/Lagos] Loaded 16 classes
[12-Mar-2026 09:43:05 Africa/Lagos] === ADD STUDENT PAGE END ===
[12-Mar-2026 09:43:05 Africa/Lagos] Page loaded with 16 classes, 1 academic years
[12-Mar-2026 09:43:05 Africa/Lagos] ROUTER END: Successfully served /home/academixsuite/public_html/tenant/{school-slug}/admin/add-new-student.php
[12-Mar-2026 09:44:11 Africa/Lagos] === ADD STUDENT PAGE START ===
[12-Mar-2026 09:44:11 Africa/Lagos] Request URI: /tenant/bitflux-wallet-1771434696/admin/add-new-student.php?ajax=get_sections&class_id=4
[12-Mar-2026 09:44:11 Africa/Lagos] Script: /home/academixsuite/public_html/tenant/{school-slug}/admin/add-new-student.php
[12-Mar-2026 09:44:11 Africa/Lagos] Request Method: GET
[12-Mar-2026 09:44:11 Africa/Lagos] Session ID: e6537039b23d0cd6c8592a82d470eee8
[12-Mar-2026 09:44:11 Africa/Lagos] School Slug: bitflux-wallet-1771434696
[12-Mar-2026 09:44:11 Africa/Lagos] User Type: admin
[12-Mar-2026 09:44:11 Africa/Lagos] Current Page: add-new-student.php
[12-Mar-2026 09:44:11 Africa/Lagos] School ID: 6
[12-Mar-2026 09:44:11 Africa/Lagos] School Name: bitflux wallet
[12-Mar-2026 09:44:11 Africa/Lagos] Authenticated User ID: 1
[12-Mar-2026 09:44:11 Africa/Lagos] Authenticated User Type: admin
[12-Mar-2026 09:44:11 Africa/Lagos] Loading autoload from: /home/academixsuite/public_html/tenant/{school-slug}/admin/../../../includes/autoload.php
[12-Mar-2026 09:44:11 Africa/Lagos] Autoload loaded successfully
[12-Mar-2026 09:44:11 Africa/Lagos] Database class found
[12-Mar-2026 09:44:11 Africa/Lagos] Loading StudentManager from: /home/academixsuite/public_html/tenant/{school-slug}/admin/../../../includes/StudentManager.php
[12-Mar-2026 09:44:11 Africa/Lagos] StudentManager loaded successfully
[12-Mar-2026 09:44:11 Africa/Lagos] Attempting to connect to database: school_6
[12-Mar-2026 09:44:11 Africa/Lagos] School database connection successful for: school_6
[12-Mar-2026 09:44:11 Africa/Lagos] Database connection PDO object: PDO
[12-Mar-2026 09:44:11 Africa/Lagos] Initializing StudentManager with parameters:
[12-Mar-2026 09:44:11 Africa/Lagos] - School ID: 6
[12-Mar-2026 09:44:11 Africa/Lagos] - User ID: 1
[12-Mar-2026 09:44:11 Africa/Lagos] - User Type: admin
[12-Mar-2026 09:44:11 Africa/Lagos] StudentManager initialized for school ID: 6
[12-Mar-2026 09:44:11 Africa/Lagos] StudentManager initialized successfully
[12-Mar-2026 09:44:11 Africa/Lagos] Starting data fetch from database
[12-Mar-2026 09:44:11 Africa/Lagos] Loaded 21 settings records
[12-Mar-2026 09:44:11 Africa/Lagos] Loaded user data for ID: 1
[12-Mar-2026 09:44:11 Africa/Lagos] Loaded 1 academic years
[12-Mar-2026 09:44:11 Africa/Lagos] Loaded 16 classes
[12-Mar-2026 09:44:11 Africa/Lagos] Retrieved 0 sections for class ID: 4
[12-Mar-2026 09:44:11 Africa/Lagos] Loaded 0 sections for class 4
[12-Mar-2026 09:44:11 Africa/Lagos] Processing AJAX request: get_sections
[12-Mar-2026 09:44:11 Africa/Lagos] Retrieved 0 sections for class ID: 4
[12-Mar-2026 09:49:14 Africa/Lagos] === ADD STUDENT PAGE START ===
[12-Mar-2026 09:49:14 Africa/Lagos] Request URI: /tenant/bitflux-wallet-1771434696/admin/add-new-student.php
[12-Mar-2026 09:49:14 Africa/Lagos] Script: /home/academixsuite/public_html/tenant/{school-slug}/admin/add-new-student.php
[12-Mar-2026 09:49:14 Africa/Lagos] Request Method: GET
[12-Mar-2026 09:49:14 Africa/Lagos] Session ID: e6537039b23d0cd6c8592a82d470eee8
[12-Mar-2026 09:49:14 Africa/Lagos] School Slug: bitflux-wallet-1771434696
[12-Mar-2026 09:49:14 Africa/Lagos] User Type: admin
[12-Mar-2026 09:49:14 Africa/Lagos] Current Page: add-new-student.php
[12-Mar-2026 09:49:14 Africa/Lagos] School ID: 6
[12-Mar-2026 09:49:14 Africa/Lagos] School Name: bitflux wallet
[12-Mar-2026 09:49:14 Africa/Lagos] Authenticated User ID: 1
[12-Mar-2026 09:49:14 Africa/Lagos] Authenticated User Type: admin
[12-Mar-2026 09:49:14 Africa/Lagos] Loading autoload from: /home/academixsuite/public_html/tenant/{school-slug}/admin/../../../includes/autoload.php
[12-Mar-2026 09:49:14 Africa/Lagos] Autoload loaded successfully
[12-Mar-2026 09:49:14 Africa/Lagos] Database class found
[12-Mar-2026 09:49:14 Africa/Lagos] Loading StudentManager from: /home/academixsuite/public_html/tenant/{school-slug}/admin/../../../includes/StudentManager.php
[12-Mar-2026 09:49:14 Africa/Lagos] StudentManager loaded successfully
[12-Mar-2026 09:49:14 Africa/Lagos] Attempting to connect to database: school_6
[12-Mar-2026 09:49:14 Africa/Lagos] School database connection successful for: school_6
[12-Mar-2026 09:49:14 Africa/Lagos] Database connection PDO object: PDO
[12-Mar-2026 09:49:14 Africa/Lagos] Initializing StudentManager with parameters:
[12-Mar-2026 09:49:14 Africa/Lagos] - School ID: 6
[12-Mar-2026 09:49:14 Africa/Lagos] - User ID: 1
[12-Mar-2026 09:49:14 Africa/Lagos] - User Type: admin
[12-Mar-2026 09:49:14 Africa/Lagos] StudentManager initialized for school ID: 6
[12-Mar-2026 09:49:14 Africa/Lagos] StudentManager initialized successfully
[12-Mar-2026 09:49:14 Africa/Lagos] Starting data fetch from database
[12-Mar-2026 09:49:14 Africa/Lagos] Loaded 21 settings records
[12-Mar-2026 09:49:14 Africa/Lagos] Loaded user data for ID: 1
[12-Mar-2026 09:49:14 Africa/Lagos] Loaded 1 academic years
[12-Mar-2026 09:49:14 Africa/Lagos] Loaded 16 classes
[12-Mar-2026 09:49:14 Africa/Lagos] === ADD STUDENT PAGE END ===
[12-Mar-2026 09:49:14 Africa/Lagos] Page loaded with 16 classes, 1 academic years
[12-Mar-2026 09:49:14 Africa/Lagos] ROUTER END: Successfully served /home/academixsuite/public_html/tenant/{school-slug}/admin/add-new-student.php
[12-Mar-2026 09:56:45 Africa/Lagos] === ADD STUDENT PAGE START ===
[12-Mar-2026 09:56:45 Africa/Lagos] Request URI: /tenant/bitflux-wallet-1771434696/admin/add-new-student.php
[12-Mar-2026 09:56:45 Africa/Lagos] Script: /home/academixsuite/public_html/tenant/{school-slug}/admin/add-new-student.php
[12-Mar-2026 09:56:45 Africa/Lagos] Request Method: GET
[12-Mar-2026 09:56:45 Africa/Lagos] Session ID: e6537039b23d0cd6c8592a82d470eee8
[12-Mar-2026 09:56:45 Africa/Lagos] School Slug: bitflux-wallet-1771434696
[12-Mar-2026 09:56:45 Africa/Lagos] User Type: admin
[12-Mar-2026 09:56:45 Africa/Lagos] Current Page: add-new-student.php
[12-Mar-2026 09:56:45 Africa/Lagos] School ID: 6
[12-Mar-2026 09:56:45 Africa/Lagos] School Name: bitflux wallet
[12-Mar-2026 09:56:45 Africa/Lagos] Authenticated User ID: 1
[12-Mar-2026 09:56:45 Africa/Lagos] Authenticated User Type: admin
[12-Mar-2026 09:56:45 Africa/Lagos] Loading autoload from: /home/academixsuite/public_html/tenant/{school-slug}/admin/../../../includes/autoload.php
[12-Mar-2026 09:56:45 Africa/Lagos] Autoload loaded successfully
[12-Mar-2026 09:56:45 Africa/Lagos] Database class found
[12-Mar-2026 09:56:45 Africa/Lagos] Loading StudentManager from: /home/academixsuite/public_html/tenant/{school-slug}/admin/../../../includes/StudentManager.php
[12-Mar-2026 09:56:45 Africa/Lagos] StudentManager loaded successfully
[12-Mar-2026 09:56:45 Africa/Lagos] Attempting to connect to database: school_6
[12-Mar-2026 09:56:45 Africa/Lagos] School database connection successful for: school_6
[12-Mar-2026 09:56:45 Africa/Lagos] Database connection PDO object: PDO
[12-Mar-2026 09:56:45 Africa/Lagos] Initializing StudentManager with parameters:
[12-Mar-2026 09:56:45 Africa/Lagos] - School ID: 6
[12-Mar-2026 09:56:45 Africa/Lagos] - User ID: 1
[12-Mar-2026 09:56:45 Africa/Lagos] - User Type: admin
[12-Mar-2026 09:56:45 Africa/Lagos] StudentManager initialized for school ID: 6
[12-Mar-2026 09:56:45 Africa/Lagos] StudentManager initialized successfully
[12-Mar-2026 09:56:45 Africa/Lagos] Starting data fetch from database
[12-Mar-2026 09:56:45 Africa/Lagos] Loaded 21 settings records
[12-Mar-2026 09:56:45 Africa/Lagos] Loaded user data for ID: 1
[12-Mar-2026 09:56:45 Africa/Lagos] Loaded 1 academic years
[12-Mar-2026 09:56:45 Africa/Lagos] Loaded 16 classes
[12-Mar-2026 09:56:45 Africa/Lagos] === ADD STUDENT PAGE END ===
[12-Mar-2026 09:56:45 Africa/Lagos] Page loaded with 16 classes, 1 academic years
[12-Mar-2026 09:56:45 Africa/Lagos] PHP Warning:  Undefined variable $unreadCount in /home/academixsuite/public_html/tenant/{school-slug}/admin/add-new-student.php on line 709
[12-Mar-2026 09:56:45 Africa/Lagos] PHP Warning:  Undefined variable $notifications in /home/academixsuite/public_html/tenant/{school-slug}/admin/add-new-student.php on line 718
[12-Mar-2026 09:56:45 Africa/Lagos] PHP Fatal error:  Uncaught TypeError: count(): Argument #1 ($value) must be of type Countable|array, null given in /home/academixsuite/public_html/tenant/{school-slug}/admin/add-new-student.php:718
Stack trace:
#0 /home/academixsuite/public_html/tenant/router.php(365): require_once()
#1 {main}
  thrown in /home/academixsuite/public_html/tenant/{school-slug}/admin/add-new-student.php on line 718
[12-Mar-2026 09:58:24 Africa/Lagos] === ADD STUDENT PAGE START ===
[12-Mar-2026 09:58:24 Africa/Lagos] Request URI: /tenant/bitflux-wallet-1771434696/admin/add-new-student.php
[12-Mar-2026 09:58:24 Africa/Lagos] Script: /home/academixsuite/public_html/tenant/{school-slug}/admin/add-new-student.php
[12-Mar-2026 09:58:24 Africa/Lagos] Request Method: GET
[12-Mar-2026 09:58:24 Africa/Lagos] Session ID: e6537039b23d0cd6c8592a82d470eee8
[12-Mar-2026 09:58:24 Africa/Lagos] School Slug: bitflux-wallet-1771434696
[12-Mar-2026 09:58:24 Africa/Lagos] User Type: admin
[12-Mar-2026 09:58:24 Africa/Lagos] Current Page: add-new-student.php
[12-Mar-2026 09:58:24 Africa/Lagos] School ID: 6
[12-Mar-2026 09:58:24 Africa/Lagos] School Name: bitflux wallet
[12-Mar-2026 09:58:24 Africa/Lagos] Authenticated User ID: 1
[12-Mar-2026 09:58:24 Africa/Lagos] Authenticated User Type: admin
[12-Mar-2026 09:58:24 Africa/Lagos] Loading autoload from: /home/academixsuite/public_html/tenant/{school-slug}/admin/../../../includes/autoload.php
[12-Mar-2026 09:58:24 Africa/Lagos] Autoload loaded successfully
[12-Mar-2026 09:58:24 Africa/Lagos] Database class found
[12-Mar-2026 09:58:24 Africa/Lagos] Loading StudentManager from: /home/academixsuite/public_html/tenant/{school-slug}/admin/../../../includes/StudentManager.php
[12-Mar-2026 09:58:24 Africa/Lagos] StudentManager loaded successfully
[12-Mar-2026 09:58:24 Africa/Lagos] Attempting to connect to database: school_6
[12-Mar-2026 09:58:24 Africa/Lagos] School database connection successful for: school_6
[12-Mar-2026 09:58:24 Africa/Lagos] Database connection PDO object: PDO
[12-Mar-2026 09:58:24 Africa/Lagos] Initializing StudentManager with parameters:
[12-Mar-2026 09:58:24 Africa/Lagos] - School ID: 6
[12-Mar-2026 09:58:24 Africa/Lagos] - User ID: 1
[12-Mar-2026 09:58:24 Africa/Lagos] - User Type: admin
[12-Mar-2026 09:58:24 Africa/Lagos] StudentManager initialized for school ID: 6
[12-Mar-2026 09:58:24 Africa/Lagos] StudentManager initialized successfully
[12-Mar-2026 09:58:24 Africa/Lagos] Starting data fetch from database
[12-Mar-2026 09:58:24 Africa/Lagos] Loaded 21 settings records
[12-Mar-2026 09:58:24 Africa/Lagos] Loaded user data for ID: 1
[12-Mar-2026 09:58:24 Africa/Lagos] Loaded 1 academic years
[12-Mar-2026 09:58:24 Africa/Lagos] Loaded 16 classes
[12-Mar-2026 09:58:24 Africa/Lagos] === ADD STUDENT PAGE END ===
[12-Mar-2026 09:58:24 Africa/Lagos] Page loaded with 16 classes, 1 academic years
[12-Mar-2026 09:58:24 Africa/Lagos] ROUTER END: Successfully served /home/academixsuite/public_html/tenant/{school-slug}/admin/add-new-student.php
[12-Mar-2026 10:00:06 Africa/Lagos] === ADD STUDENT PAGE START ===
[12-Mar-2026 10:00:06 Africa/Lagos] Request URI: /tenant/bitflux-wallet-1771434696/admin/add-new-student.php
[12-Mar-2026 10:00:06 Africa/Lagos] Script: /home/academixsuite/public_html/tenant/{school-slug}/admin/add-new-student.php
[12-Mar-2026 10:00:06 Africa/Lagos] Request Method: GET
[12-Mar-2026 10:00:06 Africa/Lagos] Session ID: e6537039b23d0cd6c8592a82d470eee8
[12-Mar-2026 10:00:06 Africa/Lagos] School Slug: bitflux-wallet-1771434696
[12-Mar-2026 10:00:06 Africa/Lagos] User Type: admin
[12-Mar-2026 10:00:06 Africa/Lagos] Current Page: add-new-student.php
[12-Mar-2026 10:00:06 Africa/Lagos] School ID: 6
[12-Mar-2026 10:00:06 Africa/Lagos] School Name: bitflux wallet
[12-Mar-2026 10:00:06 Africa/Lagos] Authenticated User ID: 1
[12-Mar-2026 10:00:06 Africa/Lagos] Authenticated User Type: admin
[12-Mar-2026 10:00:06 Africa/Lagos] Loading autoload from: /home/academixsuite/public_html/tenant/{school-slug}/admin/../../../includes/autoload.php
[12-Mar-2026 10:00:06 Africa/Lagos] Autoload loaded successfully
[12-Mar-2026 10:00:06 Africa/Lagos] Database class found
[12-Mar-2026 10:00:06 Africa/Lagos] Loading StudentManager from: /home/academixsuite/public_html/tenant/{school-slug}/admin/../../../includes/StudentManager.php
[12-Mar-2026 10:00:06 Africa/Lagos] StudentManager loaded successfully
[12-Mar-2026 10:00:06 Africa/Lagos] Attempting to connect to database: school_6
[12-Mar-2026 10:00:06 Africa/Lagos] School database connection successful for: school_6
[12-Mar-2026 10:00:06 Africa/Lagos] Database connection PDO object: PDO
[12-Mar-2026 10:00:06 Africa/Lagos] Initializing StudentManager with parameters:
[12-Mar-2026 10:00:06 Africa/Lagos] - School ID: 6
[12-Mar-2026 10:00:06 Africa/Lagos] - User ID: 1
[12-Mar-2026 10:00:06 Africa/Lagos] - User Type: admin
[12-Mar-2026 10:00:06 Africa/Lagos] StudentManager initialized for school ID: 6
[12-Mar-2026 10:00:06 Africa/Lagos] StudentManager initialized successfully
[12-Mar-2026 10:00:06 Africa/Lagos] Starting data fetch from database
[12-Mar-2026 10:00:06 Africa/Lagos] Loaded 21 settings records
[12-Mar-2026 10:00:06 Africa/Lagos] Loaded user data for ID: 1
[12-Mar-2026 10:00:06 Africa/Lagos] Loaded 1 academic years
[12-Mar-2026 10:00:06 Africa/Lagos] Loaded 16 classes
[12-Mar-2026 10:00:06 Africa/Lagos] === ADD STUDENT PAGE END ===
[12-Mar-2026 10:00:06 Africa/Lagos] Page loaded with 16 classes, 1 academic years
[12-Mar-2026 10:00:06 Africa/Lagos] ROUTER END: Successfully served /home/academixsuite/public_html/tenant/{school-slug}/admin/add-new-student.php
[12-Mar-2026 10:04:22 Africa/Lagos] === ADD STUDENT PAGE START ===
[12-Mar-2026 10:04:22 Africa/Lagos] Request URI: /tenant/bitflux-wallet-1771434696/admin/add-new-student.php
[12-Mar-2026 10:04:22 Africa/Lagos] Script: /home/academixsuite/public_html/tenant/{school-slug}/admin/add-new-student.php
[12-Mar-2026 10:04:22 Africa/Lagos] Request Method: GET
[12-Mar-2026 10:04:22 Africa/Lagos] Session ID: e6537039b23d0cd6c8592a82d470eee8
[12-Mar-2026 10:04:22 Africa/Lagos] School Slug: bitflux-wallet-1771434696
[12-Mar-2026 10:04:22 Africa/Lagos] User Type: admin
[12-Mar-2026 10:04:22 Africa/Lagos] Current Page: add-new-student.php
[12-Mar-2026 10:04:22 Africa/Lagos] School ID: 6
[12-Mar-2026 10:04:22 Africa/Lagos] School Name: bitflux wallet
[12-Mar-2026 10:04:22 Africa/Lagos] Authenticated User ID: 1
[12-Mar-2026 10:04:22 Africa/Lagos] Authenticated User Type: admin
[12-Mar-2026 10:04:22 Africa/Lagos] Loading autoload from: /home/academixsuite/public_html/tenant/{school-slug}/admin/../../../includes/autoload.php
[12-Mar-2026 10:04:22 Africa/Lagos] Autoload loaded successfully
[12-Mar-2026 10:04:22 Africa/Lagos] Database class found
[12-Mar-2026 10:04:22 Africa/Lagos] Loading StudentManager from: /home/academixsuite/public_html/tenant/{school-slug}/admin/../../../includes/StudentManager.php
[12-Mar-2026 10:04:22 Africa/Lagos] StudentManager loaded successfully
[12-Mar-2026 10:04:22 Africa/Lagos] Attempting to connect to database: school_6
[12-Mar-2026 10:04:22 Africa/Lagos] School database connection successful for: school_6
[12-Mar-2026 10:04:22 Africa/Lagos] Database connection PDO object: PDO
[12-Mar-2026 10:04:22 Africa/Lagos] Initializing StudentManager with parameters:
[12-Mar-2026 10:04:22 Africa/Lagos] - School ID: 6
[12-Mar-2026 10:04:22 Africa/Lagos] - User ID: 1
[12-Mar-2026 10:04:22 Africa/Lagos] - User Type: admin
[12-Mar-2026 10:04:22 Africa/Lagos] StudentManager initialized for school ID: 6
[12-Mar-2026 10:04:22 Africa/Lagos] StudentManager initialized successfully
[12-Mar-2026 10:04:22 Africa/Lagos] Starting data fetch from database
[12-Mar-2026 10:04:22 Africa/Lagos] Loaded 21 settings records
[12-Mar-2026 10:04:22 Africa/Lagos] Loaded user data for ID: 1
[12-Mar-2026 10:04:22 Africa/Lagos] Loaded 1 academic years
[12-Mar-2026 10:04:22 Africa/Lagos] Loaded 16 classes
[12-Mar-2026 10:04:22 Africa/Lagos] === ADD STUDENT PAGE END ===
[12-Mar-2026 10:04:22 Africa/Lagos] Page loaded with 16 classes, 1 academic years
[12-Mar-2026 10:04:22 Africa/Lagos] ROUTER END: Successfully served /home/academixsuite/public_html/tenant/{school-slug}/admin/add-new-student.php
[12-Mar-2026 10:04:42 Africa/Lagos] === ADD STUDENT PAGE START ===
[12-Mar-2026 10:04:42 Africa/Lagos] Request URI: /tenant/bitflux-wallet-1771434696/admin/add-new-student.php?ajax=get_sections&class_id=4
[12-Mar-2026 10:04:42 Africa/Lagos] Script: /home/academixsuite/public_html/tenant/{school-slug}/admin/add-new-student.php
[12-Mar-2026 10:04:42 Africa/Lagos] Request Method: GET
[12-Mar-2026 10:04:42 Africa/Lagos] Session ID: e6537039b23d0cd6c8592a82d470eee8
[12-Mar-2026 10:04:42 Africa/Lagos] School Slug: bitflux-wallet-1771434696
[12-Mar-2026 10:04:42 Africa/Lagos] User Type: admin
[12-Mar-2026 10:04:42 Africa/Lagos] Current Page: add-new-student.php
[12-Mar-2026 10:04:42 Africa/Lagos] School ID: 6
[12-Mar-2026 10:04:42 Africa/Lagos] School Name: bitflux wallet
[12-Mar-2026 10:04:42 Africa/Lagos] Authenticated User ID: 1
[12-Mar-2026 10:04:42 Africa/Lagos] Authenticated User Type: admin
[12-Mar-2026 10:04:42 Africa/Lagos] Loading autoload from: /home/academixsuite/public_html/tenant/{school-slug}/admin/../../../includes/autoload.php
[12-Mar-2026 10:04:42 Africa/Lagos] Autoload loaded successfully
[12-Mar-2026 10:04:42 Africa/Lagos] Database class found
[12-Mar-2026 10:04:42 Africa/Lagos] Loading StudentManager from: /home/academixsuite/public_html/tenant/{school-slug}/admin/../../../includes/StudentManager.php
[12-Mar-2026 10:04:42 Africa/Lagos] StudentManager loaded successfully
[12-Mar-2026 10:04:42 Africa/Lagos] Attempting to connect to database: school_6
[12-Mar-2026 10:04:42 Africa/Lagos] School database connection successful for: school_6
[12-Mar-2026 10:04:42 Africa/Lagos] Database connection PDO object: PDO
[12-Mar-2026 10:04:42 Africa/Lagos] Initializing StudentManager with parameters:
[12-Mar-2026 10:04:42 Africa/Lagos] - School ID: 6
[12-Mar-2026 10:04:42 Africa/Lagos] - User ID: 1
[12-Mar-2026 10:04:42 Africa/Lagos] - User Type: admin
[12-Mar-2026 10:04:42 Africa/Lagos] StudentManager initialized for school ID: 6
[12-Mar-2026 10:04:42 Africa/Lagos] StudentManager initialized successfully
[12-Mar-2026 10:04:42 Africa/Lagos] Starting data fetch from database
[12-Mar-2026 10:04:42 Africa/Lagos] Loaded 21 settings records
[12-Mar-2026 10:04:42 Africa/Lagos] Loaded user data for ID: 1
[12-Mar-2026 10:04:42 Africa/Lagos] Loaded 1 academic years
[12-Mar-2026 10:04:42 Africa/Lagos] Loaded 16 classes
[12-Mar-2026 10:04:42 Africa/Lagos] Retrieved 0 sections for class ID: 4
[12-Mar-2026 10:04:42 Africa/Lagos] Loaded 0 sections for class 4
[12-Mar-2026 10:04:42 Africa/Lagos] Processing AJAX request: get_sections
[12-Mar-2026 10:04:42 Africa/Lagos] Retrieved 0 sections for class ID: 4
[12-Mar-2026 10:11:07 Africa/Lagos] === ADD STUDENT PAGE START ===
[12-Mar-2026 10:11:07 Africa/Lagos] Request URI: /tenant/bitflux-wallet-1771434696/admin/add-new-student.php
[12-Mar-2026 10:11:07 Africa/Lagos] Script: /home/academixsuite/public_html/tenant/{school-slug}/admin/add-new-student.php
[12-Mar-2026 10:11:07 Africa/Lagos] Request Method: POST
[12-Mar-2026 10:11:07 Africa/Lagos] Session ID: e6537039b23d0cd6c8592a82d470eee8
[12-Mar-2026 10:11:07 Africa/Lagos] School Slug: bitflux-wallet-1771434696
[12-Mar-2026 10:11:07 Africa/Lagos] User Type: admin
[12-Mar-2026 10:11:07 Africa/Lagos] Current Page: add-new-student.php
[12-Mar-2026 10:11:07 Africa/Lagos] School ID: 6
[12-Mar-2026 10:11:07 Africa/Lagos] School Name: bitflux wallet
[12-Mar-2026 10:11:07 Africa/Lagos] Authenticated User ID: 1
[12-Mar-2026 10:11:07 Africa/Lagos] Authenticated User Type: admin
[12-Mar-2026 10:11:07 Africa/Lagos] Loading autoload from: /home/academixsuite/public_html/tenant/{school-slug}/admin/../../../includes/autoload.php
[12-Mar-2026 10:11:07 Africa/Lagos] Autoload loaded successfully
[12-Mar-2026 10:11:07 Africa/Lagos] Database class found
[12-Mar-2026 10:11:07 Africa/Lagos] Loading StudentManager from: /home/academixsuite/public_html/tenant/{school-slug}/admin/../../../includes/StudentManager.php
[12-Mar-2026 10:11:07 Africa/Lagos] StudentManager loaded successfully
[12-Mar-2026 10:11:07 Africa/Lagos] Attempting to connect to database: school_6
[12-Mar-2026 10:11:07 Africa/Lagos] School database connection successful for: school_6
[12-Mar-2026 10:11:07 Africa/Lagos] Database connection PDO object: PDO
[12-Mar-2026 10:11:07 Africa/Lagos] Initializing StudentManager with parameters:
[12-Mar-2026 10:11:07 Africa/Lagos] - School ID: 6
[12-Mar-2026 10:11:07 Africa/Lagos] - User ID: 1
[12-Mar-2026 10:11:07 Africa/Lagos] - User Type: admin
[12-Mar-2026 10:11:07 Africa/Lagos] StudentManager initialized for school ID: 6
[12-Mar-2026 10:11:07 Africa/Lagos] StudentManager initialized successfully
[12-Mar-2026 10:11:07 Africa/Lagos] POST data received. Fields: csrf_token, academic_year, class, section, roll_number, admission_date, first_name, middle_name, last_name, gender, date_of_birth, student_phone, student_email, existing_parent_id, guardian_name, guardian_relation, guardian_phone, guardian_email, guardian_address, blood_group, allergies, medical_conditions, current_address, permanent_address, previous_school, previous_class, transfer_certificate_no
[12-Mar-2026 10:11:07 Africa/Lagos] Starting data fetch from database
[12-Mar-2026 10:11:07 Africa/Lagos] Loaded 21 settings records
[12-Mar-2026 10:11:07 Africa/Lagos] Loaded user data for ID: 1
[12-Mar-2026 10:11:07 Africa/Lagos] Loaded 1 academic years
[12-Mar-2026 10:11:07 Africa/Lagos] Loaded 16 classes
[12-Mar-2026 10:11:07 Africa/Lagos] === POST REQUEST DETECTED ===
[12-Mar-2026 10:11:07 Africa/Lagos] POST data keys: csrf_token, academic_year, class, section, roll_number, admission_date, first_name, middle_name, last_name, gender, date_of_birth, student_phone, student_email, existing_parent_id, guardian_name, guardian_relation, guardian_phone, guardian_email, guardian_address, blood_group, allergies, medical_conditions, current_address, permanent_address, previous_school, previous_class, transfer_certificate_no
[12-Mar-2026 10:11:07 Africa/Lagos] === PROCESSING FORM SUBMISSION ===
[12-Mar-2026 10:11:07 Africa/Lagos] Form submission detected via field presence
[12-Mar-2026 10:11:07 Africa/Lagos] CSRF validation PASSED
[12-Mar-2026 10:11:07 Africa/Lagos] Student data prepared for insertion:
[12-Mar-2026 10:11:07 Africa/Lagos] - Name: Uzochukwu Victory
[12-Mar-2026 10:11:07 Africa/Lagos] Validation PASSED - all required fields present
[12-Mar-2026 10:11:07 Africa/Lagos] Calling StudentManager->addStudent()
[12-Mar-2026 10:11:07 Africa/Lagos] === ADD STUDENT START ===
[12-Mar-2026 10:11:07 Africa/Lagos] School ID: 6
[12-Mar-2026 10:11:07 Africa/Lagos] User ID: 1
[12-Mar-2026 10:11:07 Africa/Lagos] Data received: ["academic_year_id","class_id","section_id","roll_number","admission_date","first_name","middle_name","last_name","gender","date_of_birth","student_email","student_phone","guardian_name","guardian_email","guardian_phone","guardian_relation","guardian_address","existing_parent_id","blood_group","allergies","medical_conditions","doctor_name","doctor_phone","current_address","permanent_address","previous_school","previous_class","transfer_certificate_no"]
[12-Mar-2026 10:11:07 Africa/Lagos] Transaction started
[12-Mar-2026 10:11:07 Africa/Lagos] Validation passed
[12-Mar-2026 10:11:07 Africa/Lagos] Generating admission number for academic year ID: 1
[12-Mar-2026 10:11:07 Africa/Lagos] Using academic year: 2025-2026 (Year: 2025)
[12-Mar-2026 10:11:07 Africa/Lagos] Generated admission number: BIT-2025-0007
[12-Mar-2026 10:11:07 Africa/Lagos] Generated admission number: BIT-2025-0007
[12-Mar-2026 10:11:07 Africa/Lagos] Generated random password of length: 8
[12-Mar-2026 10:11:07 Africa/Lagos] Student password generated (hashed)
[12-Mar-2026 10:11:07 Africa/Lagos] Creating student user account:
[12-Mar-2026 10:11:07 Africa/Lagos] - Full name: Uzochukwu Chiemela Victory
[12-Mar-2026 10:11:07 Africa/Lagos] - Email: uzoamakarach678@gmail.com
[12-Mar-2026 10:11:07 Africa/Lagos] - Username: uzoamakarach678
[12-Mar-2026 10:11:07 Africa/Lagos] Student user created with ID: 44
[12-Mar-2026 10:11:07 Africa/Lagos] Student role assigned to user ID: 44
[12-Mar-2026 10:11:07 Africa/Lagos] Getting default campus ID for school: 6
[12-Mar-2026 10:11:07 Africa/Lagos] Error getting default campus: SQLSTATE[42S22]: Column not found: 1054 Unknown column 'is_default' in 'WHERE'
[12-Mar-2026 10:11:07 Africa/Lagos] Campus ID: null
[12-Mar-2026 10:11:07 Africa/Lagos] Inserting student record...
[12-Mar-2026 10:11:07 Africa/Lagos] Student insert params prepared: [6,null,"44","BIT-2025-0007","1",4,null,"2025-09-11","Uzochukwu","Chiemela","Victory","2023-11-02"]...
[12-Mar-2026 10:11:07 Africa/Lagos] === STUDENT RECORD CREATED SUCCESSFULLY ===
[12-Mar-2026 10:11:07 Africa/Lagos] Student ID: 17
[12-Mar-2026 10:11:07 Africa/Lagos] Admission Number: BIT-2025-0007
[12-Mar-2026 10:11:07 Africa/Lagos] Creating new parent from guardian data
[12-Mar-2026 10:11:07 Africa/Lagos] === FIND OR CREATE PARENT ===
[12-Mar-2026 10:11:07 Africa/Lagos] Parent data: {"name":"Uzochukwu Uzoamaka Rachael","email":"uzoamakarach678@gmail.com","phone":"09099926753","address":"Igwuruta, Rivers state"}
[12-Mar-2026 10:11:07 Africa/Lagos] No existing parent found, creating new parent
[12-Mar-2026 10:11:07 Africa/Lagos] Generated random password of length: 8
[12-Mar-2026 10:11:07 Africa/Lagos] Generated parent password (hashed)
[12-Mar-2026 10:11:07 Africa/Lagos] ERROR in findOrCreateParent: SQLSTATE[23000]: Integrity constraint violation: 1062 Duplicate entry '6-uzoamakarach678@gmail.com' for key 'unique_email_school'
[12-Mar-2026 10:11:07 Africa/Lagos] Stack trace: #0 /home/academixsuite/public_html/includes/StudentManager.php(253): PDOStatement->execute(Array)
#1 /home/academixsuite/public_html/includes/StudentManager.php(546): StudentManager->findOrCreateParent(Array)
#2 /home/academixsuite/public_html/tenant/{school-slug}/admin/add-new-student.php(470): StudentManager->addStudent(Array)
#3 /home/academixsuite/public_html/tenant/router.php(365): require_once('/home/academixs...')
#4 {main}
[12-Mar-2026 10:11:07 Africa/Lagos] Transaction rolled back due to error
[12-Mar-2026 10:11:07 Africa/Lagos] === ADD STUDENT FAILED ===
[12-Mar-2026 10:11:07 Africa/Lagos] Error: SQLSTATE[23000]: Integrity constraint violation: 1062 Duplicate entry '6-uzoamakarach678@gmail.com' for key 'unique_email_school'
[12-Mar-2026 10:11:07 Africa/Lagos] Stack trace: #0 /home/academixsuite/public_html/includes/StudentManager.php(253): PDOStatement->execute(Array)
#1 /home/academixsuite/public_html/includes/StudentManager.php(546): StudentManager->findOrCreateParent(Array)
#2 /home/academixsuite/public_html/tenant/{school-slug}/admin/add-new-student.php(470): StudentManager->addStudent(Array)
#3 /home/academixsuite/public_html/tenant/router.php(365): require_once('/home/academixs...')
#4 {main}
[12-Mar-2026 10:11:07 Africa/Lagos] PDO Error Info: ["23000",1062,"Duplicate entry '6-uzoamakarach678@gmail.com' for key 'unique_email_school'"]
[12-Mar-2026 10:11:07 Africa/Lagos] StudentManager->addStudent() completed in 410.47ms
[12-Mar-2026 10:11:07 Africa/Lagos] === STUDENT ADDITION FAILED ===
[12-Mar-2026 10:11:07 Africa/Lagos] Error message: Error adding student: SQLSTATE[23000]: Integrity constraint violation: 1062 Duplicate entry '6-uzoamakarach678@gmail.com' for key 'unique_email_school'
[12-Mar-2026 10:11:07 Africa/Lagos] Redirecting back to add form: add-new-student.php
[12-Mar-2026 10:11:08 Africa/Lagos] === ADD STUDENT PAGE START ===
[12-Mar-2026 10:11:08 Africa/Lagos] Request URI: /tenant/bitflux-wallet-1771434696/admin/add-new-student.php
[12-Mar-2026 10:11:08 Africa/Lagos] Script: /home/academixsuite/public_html/tenant/{school-slug}/admin/add-new-student.php
[12-Mar-2026 10:11:08 Africa/Lagos] Request Method: GET
[12-Mar-2026 10:11:08 Africa/Lagos] Session ID: e6537039b23d0cd6c8592a82d470eee8
[12-Mar-2026 10:11:08 Africa/Lagos] School Slug: bitflux-wallet-1771434696
[12-Mar-2026 10:11:08 Africa/Lagos] User Type: admin
[12-Mar-2026 10:11:08 Africa/Lagos] Current Page: add-new-student.php
[12-Mar-2026 10:11:08 Africa/Lagos] School ID: 6
[12-Mar-2026 10:11:08 Africa/Lagos] School Name: bitflux wallet
[12-Mar-2026 10:11:08 Africa/Lagos] Authenticated User ID: 1
[12-Mar-2026 10:11:08 Africa/Lagos] Authenticated User Type: admin
[12-Mar-2026 10:11:08 Africa/Lagos] Loading autoload from: /home/academixsuite/public_html/tenant/{school-slug}/admin/../../../includes/autoload.php
[12-Mar-2026 10:11:08 Africa/Lagos] Autoload loaded successfully
[12-Mar-2026 10:11:08 Africa/Lagos] Database class found
[12-Mar-2026 10:11:08 Africa/Lagos] Loading StudentManager from: /home/academixsuite/public_html/tenant/{school-slug}/admin/../../../includes/StudentManager.php
[12-Mar-2026 10:11:08 Africa/Lagos] StudentManager loaded successfully
[12-Mar-2026 10:11:08 Africa/Lagos] Attempting to connect to database: school_6
[12-Mar-2026 10:11:08 Africa/Lagos] School database connection successful for: school_6
[12-Mar-2026 10:11:08 Africa/Lagos] Database connection PDO object: PDO
[12-Mar-2026 10:11:08 Africa/Lagos] Initializing StudentManager with parameters:
[12-Mar-2026 10:11:08 Africa/Lagos] - School ID: 6
[12-Mar-2026 10:11:08 Africa/Lagos] - User ID: 1
[12-Mar-2026 10:11:08 Africa/Lagos] - User Type: admin
[12-Mar-2026 10:11:08 Africa/Lagos] StudentManager initialized for school ID: 6
[12-Mar-2026 10:11:08 Africa/Lagos] StudentManager initialized successfully
[12-Mar-2026 10:11:08 Africa/Lagos] Starting data fetch from database
[12-Mar-2026 10:11:08 Africa/Lagos] Loaded 21 settings records
[12-Mar-2026 10:11:08 Africa/Lagos] Loaded user data for ID: 1
[12-Mar-2026 10:11:08 Africa/Lagos] Loaded 1 academic years
[12-Mar-2026 10:11:08 Africa/Lagos] Loaded 16 classes
[12-Mar-2026 10:11:08 Africa/Lagos] Restoring form data from session for repopulation
[12-Mar-2026 10:11:08 Africa/Lagos] === ADD STUDENT PAGE END ===
[12-Mar-2026 10:11:08 Africa/Lagos] Page loaded with 16 classes, 1 academic years
[12-Mar-2026 10:11:08 Africa/Lagos] ROUTER END: Successfully served /home/academixsuite/public_html/tenant/{school-slug}/admin/add-new-student.php
[12-Mar-2026 10:11:34 Africa/Lagos] === ADD STUDENT PAGE START ===
[12-Mar-2026 10:11:34 Africa/Lagos] Request URI: /tenant/bitflux-wallet-1771434696/admin/add-new-student.php
[12-Mar-2026 10:11:34 Africa/Lagos] Script: /home/academixsuite/public_html/tenant/{school-slug}/admin/add-new-student.php
[12-Mar-2026 10:11:34 Africa/Lagos] Request Method: POST
[12-Mar-2026 10:11:34 Africa/Lagos] Session ID: e6537039b23d0cd6c8592a82d470eee8
[12-Mar-2026 10:11:34 Africa/Lagos] School Slug: bitflux-wallet-1771434696
[12-Mar-2026 10:11:34 Africa/Lagos] User Type: admin
[12-Mar-2026 10:11:34 Africa/Lagos] Current Page: add-new-student.php
[12-Mar-2026 10:11:34 Africa/Lagos] School ID: 6
[12-Mar-2026 10:11:34 Africa/Lagos] School Name: bitflux wallet
[12-Mar-2026 10:11:34 Africa/Lagos] Authenticated User ID: 1
[12-Mar-2026 10:11:34 Africa/Lagos] Authenticated User Type: admin
[12-Mar-2026 10:11:34 Africa/Lagos] Loading autoload from: /home/academixsuite/public_html/tenant/{school-slug}/admin/../../../includes/autoload.php
[12-Mar-2026 10:11:34 Africa/Lagos] Autoload loaded successfully
[12-Mar-2026 10:11:34 Africa/Lagos] Database class found
[12-Mar-2026 10:11:34 Africa/Lagos] Loading StudentManager from: /home/academixsuite/public_html/tenant/{school-slug}/admin/../../../includes/StudentManager.php
[12-Mar-2026 10:11:34 Africa/Lagos] StudentManager loaded successfully
[12-Mar-2026 10:11:34 Africa/Lagos] Attempting to connect to database: school_6
[12-Mar-2026 10:11:34 Africa/Lagos] School database connection successful for: school_6
[12-Mar-2026 10:11:34 Africa/Lagos] Database connection PDO object: PDO
[12-Mar-2026 10:11:34 Africa/Lagos] Initializing StudentManager with parameters:
[12-Mar-2026 10:11:34 Africa/Lagos] - School ID: 6
[12-Mar-2026 10:11:34 Africa/Lagos] - User ID: 1
[12-Mar-2026 10:11:34 Africa/Lagos] - User Type: admin
[12-Mar-2026 10:11:34 Africa/Lagos] StudentManager initialized for school ID: 6
[12-Mar-2026 10:11:34 Africa/Lagos] StudentManager initialized successfully
[12-Mar-2026 10:11:34 Africa/Lagos] POST data received. Fields: csrf_token, academic_year, class, section, roll_number, admission_date, first_name, middle_name, last_name, gender, date_of_birth, student_phone, student_email, existing_parent_id, guardian_name, guardian_relation, guardian_phone, guardian_email, guardian_address, blood_group, allergies, medical_conditions, current_address, permanent_address, previous_school, previous_class, transfer_certificate_no
[12-Mar-2026 10:11:34 Africa/Lagos] Starting data fetch from database
[12-Mar-2026 10:11:34 Africa/Lagos] Loaded 21 settings records
[12-Mar-2026 10:11:34 Africa/Lagos] Loaded user data for ID: 1
[12-Mar-2026 10:11:34 Africa/Lagos] Loaded 1 academic years
[12-Mar-2026 10:11:34 Africa/Lagos] Loaded 16 classes
[12-Mar-2026 10:11:34 Africa/Lagos] === POST REQUEST DETECTED ===
[12-Mar-2026 10:11:34 Africa/Lagos] POST data keys: csrf_token, academic_year, class, section, roll_number, admission_date, first_name, middle_name, last_name, gender, date_of_birth, student_phone, student_email, existing_parent_id, guardian_name, guardian_relation, guardian_phone, guardian_email, guardian_address, blood_group, allergies, medical_conditions, current_address, permanent_address, previous_school, previous_class, transfer_certificate_no
[12-Mar-2026 10:11:34 Africa/Lagos] === PROCESSING FORM SUBMISSION ===
[12-Mar-2026 10:11:34 Africa/Lagos] Form submission detected via field presence
[12-Mar-2026 10:11:34 Africa/Lagos] CSRF validation PASSED
[12-Mar-2026 10:11:34 Africa/Lagos] Student data prepared for insertion:
[12-Mar-2026 10:11:34 Africa/Lagos] - Name: Uzochukwus Victory
[12-Mar-2026 10:11:34 Africa/Lagos] Validation PASSED - all required fields present
[12-Mar-2026 10:11:34 Africa/Lagos] Calling StudentManager->addStudent()
[12-Mar-2026 10:11:34 Africa/Lagos] === ADD STUDENT START ===
[12-Mar-2026 10:11:34 Africa/Lagos] School ID: 6
[12-Mar-2026 10:11:34 Africa/Lagos] User ID: 1
[12-Mar-2026 10:11:34 Africa/Lagos] Data received: ["academic_year_id","class_id","section_id","roll_number","admission_date","first_name","middle_name","last_name","gender","date_of_birth","student_email","student_phone","guardian_name","guardian_email","guardian_phone","guardian_relation","guardian_address","existing_parent_id","blood_group","allergies","medical_conditions","doctor_name","doctor_phone","current_address","permanent_address","previous_school","previous_class","transfer_certificate_no"]
[12-Mar-2026 10:11:34 Africa/Lagos] Transaction started
[12-Mar-2026 10:11:34 Africa/Lagos] Validation passed
[12-Mar-2026 10:11:34 Africa/Lagos] Generating admission number for academic year ID: 1
[12-Mar-2026 10:11:34 Africa/Lagos] Using academic year: 2025-2026 (Year: 2025)
[12-Mar-2026 10:11:34 Africa/Lagos] Generated admission number: BIT-2025-0007
[12-Mar-2026 10:11:34 Africa/Lagos] Generated admission number: BIT-2025-0007
[12-Mar-2026 10:11:34 Africa/Lagos] Generated random password of length: 8
[12-Mar-2026 10:11:34 Africa/Lagos] Student password generated (hashed)
[12-Mar-2026 10:11:34 Africa/Lagos] Creating student user account:
[12-Mar-2026 10:11:34 Africa/Lagos] - Full name: Uzochukwus Chiemela Victory
[12-Mar-2026 10:11:34 Africa/Lagos] - Email: uzoamakarach678@gmail.com
[12-Mar-2026 10:11:34 Africa/Lagos] - Username: uzoamakarach678
[12-Mar-2026 10:11:34 Africa/Lagos] Student user created with ID: 46
[12-Mar-2026 10:11:34 Africa/Lagos] Student role assigned to user ID: 46
[12-Mar-2026 10:11:34 Africa/Lagos] Getting default campus ID for school: 6
[12-Mar-2026 10:11:34 Africa/Lagos] Error getting default campus: SQLSTATE[42S22]: Column not found: 1054 Unknown column 'is_default' in 'WHERE'
[12-Mar-2026 10:11:34 Africa/Lagos] Campus ID: null
[12-Mar-2026 10:11:34 Africa/Lagos] Inserting student record...
[12-Mar-2026 10:11:34 Africa/Lagos] Student insert params prepared: [6,null,"46","BIT-2025-0007","1",4,null,"2025-09-11","Uzochukwus","Chiemela","Victory","2023-11-02"]...
[12-Mar-2026 10:11:34 Africa/Lagos] === STUDENT RECORD CREATED SUCCESSFULLY ===
[12-Mar-2026 10:11:34 Africa/Lagos] Student ID: 18
[12-Mar-2026 10:11:34 Africa/Lagos] Admission Number: BIT-2025-0007
[12-Mar-2026 10:11:34 Africa/Lagos] Creating new parent from guardian data
[12-Mar-2026 10:11:34 Africa/Lagos] === FIND OR CREATE PARENT ===
[12-Mar-2026 10:11:34 Africa/Lagos] Parent data: {"name":"Uzochukwu Uzoamaka Rachael","email":"uzoamakarach678@gmail.com","phone":"09099926753","address":"Igwuruta, Rivers state"}
[12-Mar-2026 10:11:34 Africa/Lagos] No existing parent found, creating new parent
[12-Mar-2026 10:11:34 Africa/Lagos] Generated random password of length: 8
[12-Mar-2026 10:11:34 Africa/Lagos] Generated parent password (hashed)
[12-Mar-2026 10:11:34 Africa/Lagos] ERROR in findOrCreateParent: SQLSTATE[23000]: Integrity constraint violation: 1062 Duplicate entry '6-uzoamakarach678@gmail.com' for key 'unique_email_school'
[12-Mar-2026 10:11:34 Africa/Lagos] Stack trace: #0 /home/academixsuite/public_html/includes/StudentManager.php(253): PDOStatement->execute(Array)
#1 /home/academixsuite/public_html/includes/StudentManager.php(546): StudentManager->findOrCreateParent(Array)
#2 /home/academixsuite/public_html/tenant/{school-slug}/admin/add-new-student.php(470): StudentManager->addStudent(Array)
#3 /home/academixsuite/public_html/tenant/router.php(365): require_once('/home/academixs...')
#4 {main}
[12-Mar-2026 10:11:34 Africa/Lagos] Transaction rolled back due to error
[12-Mar-2026 10:11:34 Africa/Lagos] === ADD STUDENT FAILED ===
[12-Mar-2026 10:11:34 Africa/Lagos] Error: SQLSTATE[23000]: Integrity constraint violation: 1062 Duplicate entry '6-uzoamakarach678@gmail.com' for key 'unique_email_school'
[12-Mar-2026 10:11:34 Africa/Lagos] Stack trace: #0 /home/academixsuite/public_html/includes/StudentManager.php(253): PDOStatement->execute(Array)
#1 /home/academixsuite/public_html/includes/StudentManager.php(546): StudentManager->findOrCreateParent(Array)
#2 /home/academixsuite/public_html/tenant/{school-slug}/admin/add-new-student.php(470): StudentManager->addStudent(Array)
#3 /home/academixsuite/public_html/tenant/router.php(365): require_once('/home/academixs...')
#4 {main}
[12-Mar-2026 10:11:34 Africa/Lagos] PDO Error Info: ["23000",1062,"Duplicate entry '6-uzoamakarach678@gmail.com' for key 'unique_email_school'"]
[12-Mar-2026 10:11:34 Africa/Lagos] StudentManager->addStudent() completed in 408.9ms
[12-Mar-2026 10:11:34 Africa/Lagos] === STUDENT ADDITION FAILED ===
[12-Mar-2026 10:11:34 Africa/Lagos] Error message: Error adding student: SQLSTATE[23000]: Integrity constraint violation: 1062 Duplicate entry '6-uzoamakarach678@gmail.com' for key 'unique_email_school'
[12-Mar-2026 10:11:34 Africa/Lagos] Redirecting back to add form: add-new-student.php
[12-Mar-2026 10:11:35 Africa/Lagos] === ADD STUDENT PAGE START ===
[12-Mar-2026 10:11:35 Africa/Lagos] Request URI: /tenant/bitflux-wallet-1771434696/admin/add-new-student.php
[12-Mar-2026 10:11:35 Africa/Lagos] Script: /home/academixsuite/public_html/tenant/{school-slug}/admin/add-new-student.php
[12-Mar-2026 10:11:35 Africa/Lagos] Request Method: GET
[12-Mar-2026 10:11:35 Africa/Lagos] Session ID: e6537039b23d0cd6c8592a82d470eee8
[12-Mar-2026 10:11:35 Africa/Lagos] School Slug: bitflux-wallet-1771434696
[12-Mar-2026 10:11:35 Africa/Lagos] User Type: admin
[12-Mar-2026 10:11:35 Africa/Lagos] Current Page: add-new-student.php
[12-Mar-2026 10:11:35 Africa/Lagos] School ID: 6
[12-Mar-2026 10:11:35 Africa/Lagos] School Name: bitflux wallet
[12-Mar-2026 10:11:35 Africa/Lagos] Authenticated User ID: 1
[12-Mar-2026 10:11:35 Africa/Lagos] Authenticated User Type: admin
[12-Mar-2026 10:11:35 Africa/Lagos] Loading autoload from: /home/academixsuite/public_html/tenant/{school-slug}/admin/../../../includes/autoload.php
[12-Mar-2026 10:11:35 Africa/Lagos] Autoload loaded successfully
[12-Mar-2026 10:11:35 Africa/Lagos] Database class found
[12-Mar-2026 10:11:35 Africa/Lagos] Loading StudentManager from: /home/academixsuite/public_html/tenant/{school-slug}/admin/../../../includes/StudentManager.php
[12-Mar-2026 10:11:35 Africa/Lagos] StudentManager loaded successfully
[12-Mar-2026 10:11:35 Africa/Lagos] Attempting to connect to database: school_6
[12-Mar-2026 10:11:35 Africa/Lagos] School database connection successful for: school_6
[12-Mar-2026 10:11:35 Africa/Lagos] Database connection PDO object: PDO
[12-Mar-2026 10:11:35 Africa/Lagos] Initializing StudentManager with parameters:
[12-Mar-2026 10:11:35 Africa/Lagos] - School ID: 6
[12-Mar-2026 10:11:35 Africa/Lagos] - User ID: 1
[12-Mar-2026 10:11:35 Africa/Lagos] - User Type: admin
[12-Mar-2026 10:11:35 Africa/Lagos] StudentManager initialized for school ID: 6
[12-Mar-2026 10:11:35 Africa/Lagos] StudentManager initialized successfully
[12-Mar-2026 10:11:35 Africa/Lagos] Starting data fetch from database
[12-Mar-2026 10:11:35 Africa/Lagos] Loaded 21 settings records
[12-Mar-2026 10:11:35 Africa/Lagos] Loaded user data for ID: 1
[12-Mar-2026 10:11:35 Africa/Lagos] Loaded 1 academic years
[12-Mar-2026 10:11:35 Africa/Lagos] Loaded 16 classes
[12-Mar-2026 10:11:35 Africa/Lagos] Restoring form data from session for repopulation
[12-Mar-2026 10:11:35 Africa/Lagos] === ADD STUDENT PAGE END ===
[12-Mar-2026 10:11:35 Africa/Lagos] Page loaded with 16 classes, 1 academic years
[12-Mar-2026 10:11:35 Africa/Lagos] ROUTER END: Successfully served /home/academixsuite/public_html/tenant/{school-slug}/admin/add-new-student.php
[12-Mar-2026 10:12:08 Africa/Lagos] === ADD STUDENT PAGE START ===
[12-Mar-2026 10:12:08 Africa/Lagos] Request URI: /tenant/bitflux-wallet-1771434696/admin/add-new-student.php
[12-Mar-2026 10:12:08 Africa/Lagos] Script: /home/academixsuite/public_html/tenant/{school-slug}/admin/add-new-student.php
[12-Mar-2026 10:12:08 Africa/Lagos] Request Method: POST
[12-Mar-2026 10:12:08 Africa/Lagos] Session ID: e6537039b23d0cd6c8592a82d470eee8
[12-Mar-2026 10:12:08 Africa/Lagos] School Slug: bitflux-wallet-1771434696
[12-Mar-2026 10:12:08 Africa/Lagos] User Type: admin
[12-Mar-2026 10:12:08 Africa/Lagos] Current Page: add-new-student.php
[12-Mar-2026 10:12:08 Africa/Lagos] School ID: 6
[12-Mar-2026 10:12:08 Africa/Lagos] School Name: bitflux wallet
[12-Mar-2026 10:12:08 Africa/Lagos] Authenticated User ID: 1
[12-Mar-2026 10:12:08 Africa/Lagos] Authenticated User Type: admin
[12-Mar-2026 10:12:08 Africa/Lagos] Loading autoload from: /home/academixsuite/public_html/tenant/{school-slug}/admin/../../../includes/autoload.php
[12-Mar-2026 10:12:08 Africa/Lagos] Autoload loaded successfully
[12-Mar-2026 10:12:08 Africa/Lagos] Database class found
[12-Mar-2026 10:12:08 Africa/Lagos] Loading StudentManager from: /home/academixsuite/public_html/tenant/{school-slug}/admin/../../../includes/StudentManager.php
[12-Mar-2026 10:12:08 Africa/Lagos] StudentManager loaded successfully
[12-Mar-2026 10:12:08 Africa/Lagos] Attempting to connect to database: school_6
[12-Mar-2026 10:12:08 Africa/Lagos] School database connection successful for: school_6
[12-Mar-2026 10:12:08 Africa/Lagos] Database connection PDO object: PDO
[12-Mar-2026 10:12:08 Africa/Lagos] Initializing StudentManager with parameters:
[12-Mar-2026 10:12:08 Africa/Lagos] - School ID: 6
[12-Mar-2026 10:12:08 Africa/Lagos] - User ID: 1
[12-Mar-2026 10:12:08 Africa/Lagos] - User Type: admin
[12-Mar-2026 10:12:08 Africa/Lagos] StudentManager initialized for school ID: 6
[12-Mar-2026 10:12:08 Africa/Lagos] StudentManager initialized successfully
[12-Mar-2026 10:12:08 Africa/Lagos] POST data received. Fields: csrf_token, academic_year, class, section, roll_number, admission_date, first_name, middle_name, last_name, gender, date_of_birth, student_phone, student_email, existing_parent_id, guardian_name, guardian_relation, guardian_phone, guardian_email, guardian_address, blood_group, allergies, medical_conditions, current_address, permanent_address, previous_school, previous_class, transfer_certificate_no
[12-Mar-2026 10:12:08 Africa/Lagos] Starting data fetch from database
[12-Mar-2026 10:12:08 Africa/Lagos] Loaded 21 settings records
[12-Mar-2026 10:12:08 Africa/Lagos] Loaded user data for ID: 1
[12-Mar-2026 10:12:08 Africa/Lagos] Loaded 1 academic years
[12-Mar-2026 10:12:08 Africa/Lagos] Loaded 16 classes
[12-Mar-2026 10:12:08 Africa/Lagos] === POST REQUEST DETECTED ===
[12-Mar-2026 10:12:08 Africa/Lagos] POST data keys: csrf_token, academic_year, class, section, roll_number, admission_date, first_name, middle_name, last_name, gender, date_of_birth, student_phone, student_email, existing_parent_id, guardian_name, guardian_relation, guardian_phone, guardian_email, guardian_address, blood_group, allergies, medical_conditions, current_address, permanent_address, previous_school, previous_class, transfer_certificate_no
[12-Mar-2026 10:12:08 Africa/Lagos] === PROCESSING FORM SUBMISSION ===
[12-Mar-2026 10:12:08 Africa/Lagos] Form submission detected via field presence
[12-Mar-2026 10:12:08 Africa/Lagos] CSRF validation PASSED
[12-Mar-2026 10:12:08 Africa/Lagos] Student data prepared for insertion:
[12-Mar-2026 10:12:08 Africa/Lagos] - Name: Uzochukwus Victory
[12-Mar-2026 10:12:08 Africa/Lagos] Validation PASSED - all required fields present
[12-Mar-2026 10:12:08 Africa/Lagos] Calling StudentManager->addStudent()
[12-Mar-2026 10:12:08 Africa/Lagos] === ADD STUDENT START ===
[12-Mar-2026 10:12:08 Africa/Lagos] School ID: 6
[12-Mar-2026 10:12:08 Africa/Lagos] User ID: 1
[12-Mar-2026 10:12:08 Africa/Lagos] Data received: ["academic_year_id","class_id","section_id","roll_number","admission_date","first_name","middle_name","last_name","gender","date_of_birth","student_email","student_phone","guardian_name","guardian_email","guardian_phone","guardian_relation","guardian_address","existing_parent_id","blood_group","allergies","medical_conditions","doctor_name","doctor_phone","current_address","permanent_address","previous_school","previous_class","transfer_certificate_no"]
[12-Mar-2026 10:12:08 Africa/Lagos] Transaction started
[12-Mar-2026 10:12:08 Africa/Lagos] Validation passed
[12-Mar-2026 10:12:08 Africa/Lagos] Generating admission number for academic year ID: 1
[12-Mar-2026 10:12:08 Africa/Lagos] Using academic year: 2025-2026 (Year: 2025)
[12-Mar-2026 10:12:08 Africa/Lagos] Generated admission number: BIT-2025-0007
[12-Mar-2026 10:12:08 Africa/Lagos] Generated admission number: BIT-2025-0007
[12-Mar-2026 10:12:08 Africa/Lagos] Generated random password of length: 8
[12-Mar-2026 10:12:08 Africa/Lagos] Student password generated (hashed)
[12-Mar-2026 10:12:08 Africa/Lagos] Creating student user account:
[12-Mar-2026 10:12:08 Africa/Lagos] - Full name: Uzochukwus Chiemela Victory
[12-Mar-2026 10:12:08 Africa/Lagos] - Email: uzoamakarach6s78@gmail.com
[12-Mar-2026 10:12:08 Africa/Lagos] - Username: uzoamakarach6s78
[12-Mar-2026 10:12:08 Africa/Lagos] Student user created with ID: 48
[12-Mar-2026 10:12:08 Africa/Lagos] Student role assigned to user ID: 48
[12-Mar-2026 10:12:08 Africa/Lagos] Getting default campus ID for school: 6
[12-Mar-2026 10:12:08 Africa/Lagos] Error getting default campus: SQLSTATE[42S22]: Column not found: 1054 Unknown column 'is_default' in 'WHERE'
[12-Mar-2026 10:12:08 Africa/Lagos] Campus ID: null
[12-Mar-2026 10:12:08 Africa/Lagos] Inserting student record...
[12-Mar-2026 10:12:08 Africa/Lagos] Student insert params prepared: [6,null,"48","BIT-2025-0007","1",4,null,"2025-09-11","Uzochukwus","Chiemela","Victory","2023-11-02"]...
[12-Mar-2026 10:12:08 Africa/Lagos] === STUDENT RECORD CREATED SUCCESSFULLY ===
[12-Mar-2026 10:12:08 Africa/Lagos] Student ID: 19
[12-Mar-2026 10:12:08 Africa/Lagos] Admission Number: BIT-2025-0007
[12-Mar-2026 10:12:08 Africa/Lagos] Creating new parent from guardian data
[12-Mar-2026 10:12:08 Africa/Lagos] === FIND OR CREATE PARENT ===
[12-Mar-2026 10:12:08 Africa/Lagos] Parent data: {"name":"Uzochukwu Uzoamaka Rachael","email":"uzoamakarach678@gmail.com","phone":"09099926753","address":"Igwuruta, Rivers state"}
[12-Mar-2026 10:12:08 Africa/Lagos] No existing parent found, creating new parent
[12-Mar-2026 10:12:08 Africa/Lagos] Generated random password of length: 8
[12-Mar-2026 10:12:08 Africa/Lagos] Generated parent password (hashed)
[12-Mar-2026 10:12:08 Africa/Lagos] ERROR in findOrCreateParent: SQLSTATE[23000]: Integrity constraint violation: 1062 Duplicate entry '6-09099926753' for key 'unique_phone_school'
[12-Mar-2026 10:12:08 Africa/Lagos] Stack trace: #0 /home/academixsuite/public_html/includes/StudentManager.php(253): PDOStatement->execute(Array)
#1 /home/academixsuite/public_html/includes/StudentManager.php(546): StudentManager->findOrCreateParent(Array)
#2 /home/academixsuite/public_html/tenant/{school-slug}/admin/add-new-student.php(470): StudentManager->addStudent(Array)
#3 /home/academixsuite/public_html/tenant/router.php(365): require_once('/home/academixs...')
#4 {main}
[12-Mar-2026 10:12:08 Africa/Lagos] Transaction rolled back due to error
[12-Mar-2026 10:12:08 Africa/Lagos] === ADD STUDENT FAILED ===
[12-Mar-2026 10:12:08 Africa/Lagos] Error: SQLSTATE[23000]: Integrity constraint violation: 1062 Duplicate entry '6-09099926753' for key 'unique_phone_school'
[12-Mar-2026 10:12:08 Africa/Lagos] Stack trace: #0 /home/academixsuite/public_html/includes/StudentManager.php(253): PDOStatement->execute(Array)
#1 /home/academixsuite/public_html/includes/StudentManager.php(546): StudentManager->findOrCreateParent(Array)
#2 /home/academixsuite/public_html/tenant/{school-slug}/admin/add-new-student.php(470): StudentManager->addStudent(Array)
#3 /home/academixsuite/public_html/tenant/router.php(365): require_once('/home/academixs...')
#4 {main}
[12-Mar-2026 10:12:08 Africa/Lagos] PDO Error Info: ["23000",1062,"Duplicate entry '6-09099926753' for key 'unique_phone_school'"]
[12-Mar-2026 10:12:08 Africa/Lagos] StudentManager->addStudent() completed in 407.71ms
[12-Mar-2026 10:12:08 Africa/Lagos] === STUDENT ADDITION FAILED ===
[12-Mar-2026 10:12:08 Africa/Lagos] Error message: Error adding student: SQLSTATE[23000]: Integrity constraint violation: 1062 Duplicate entry '6-09099926753' for key 'unique_phone_school'
[12-Mar-2026 10:12:08 Africa/Lagos] Redirecting back to add form: add-new-student.php
[12-Mar-2026 10:12:09 Africa/Lagos] === ADD STUDENT PAGE START ===
[12-Mar-2026 10:12:09 Africa/Lagos] Request URI: /tenant/bitflux-wallet-1771434696/admin/add-new-student.php
[12-Mar-2026 10:12:09 Africa/Lagos] Script: /home/academixsuite/public_html/tenant/{school-slug}/admin/add-new-student.php
[12-Mar-2026 10:12:09 Africa/Lagos] Request Method: GET
[12-Mar-2026 10:12:09 Africa/Lagos] Session ID: e6537039b23d0cd6c8592a82d470eee8
[12-Mar-2026 10:12:09 Africa/Lagos] School Slug: bitflux-wallet-1771434696
[12-Mar-2026 10:12:09 Africa/Lagos] User Type: admin
[12-Mar-2026 10:12:09 Africa/Lagos] Current Page: add-new-student.php
[12-Mar-2026 10:12:09 Africa/Lagos] School ID: 6
[12-Mar-2026 10:12:09 Africa/Lagos] School Name: bitflux wallet
[12-Mar-2026 10:12:09 Africa/Lagos] Authenticated User ID: 1
[12-Mar-2026 10:12:09 Africa/Lagos] Authenticated User Type: admin
[12-Mar-2026 10:12:09 Africa/Lagos] Loading autoload from: /home/academixsuite/public_html/tenant/{school-slug}/admin/../../../includes/autoload.php
[12-Mar-2026 10:12:09 Africa/Lagos] Autoload loaded successfully
[12-Mar-2026 10:12:09 Africa/Lagos] Database class found
[12-Mar-2026 10:12:09 Africa/Lagos] Loading StudentManager from: /home/academixsuite/public_html/tenant/{school-slug}/admin/../../../includes/StudentManager.php
[12-Mar-2026 10:12:09 Africa/Lagos] StudentManager loaded successfully
[12-Mar-2026 10:12:09 Africa/Lagos] Attempting to connect to database: school_6
[12-Mar-2026 10:12:09 Africa/Lagos] School database connection successful for: school_6
[12-Mar-2026 10:12:09 Africa/Lagos] Database connection PDO object: PDO
[12-Mar-2026 10:12:09 Africa/Lagos] Initializing StudentManager with parameters:
[12-Mar-2026 10:12:09 Africa/Lagos] - School ID: 6
[12-Mar-2026 10:12:09 Africa/Lagos] - User ID: 1
[12-Mar-2026 10:12:09 Africa/Lagos] - User Type: admin
[12-Mar-2026 10:12:09 Africa/Lagos] StudentManager initialized for school ID: 6
[12-Mar-2026 10:12:09 Africa/Lagos] StudentManager initialized successfully
[12-Mar-2026 10:12:09 Africa/Lagos] Starting data fetch from database
[12-Mar-2026 10:12:09 Africa/Lagos] Loaded 21 settings records
[12-Mar-2026 10:12:09 Africa/Lagos] Loaded user data for ID: 1
[12-Mar-2026 10:12:09 Africa/Lagos] Loaded 1 academic years
[12-Mar-2026 10:12:09 Africa/Lagos] Loaded 16 classes
[12-Mar-2026 10:12:09 Africa/Lagos] Restoring form data from session for repopulation
[12-Mar-2026 10:12:09 Africa/Lagos] === ADD STUDENT PAGE END ===
[12-Mar-2026 10:12:09 Africa/Lagos] Page loaded with 16 classes, 1 academic years
[12-Mar-2026 10:12:09 Africa/Lagos] ROUTER END: Successfully served /home/academixsuite/public_html/tenant/{school-slug}/admin/add-new-student.php
[12-Mar-2026 10:12:25 Africa/Lagos] === ADD STUDENT PAGE START ===
[12-Mar-2026 10:12:25 Africa/Lagos] Request URI: /tenant/bitflux-wallet-1771434696/admin/add-new-student.php
[12-Mar-2026 10:12:25 Africa/Lagos] Script: /home/academixsuite/public_html/tenant/{school-slug}/admin/add-new-student.php
[12-Mar-2026 10:12:25 Africa/Lagos] Request Method: POST
[12-Mar-2026 10:12:25 Africa/Lagos] Session ID: e6537039b23d0cd6c8592a82d470eee8
[12-Mar-2026 10:12:25 Africa/Lagos] School Slug: bitflux-wallet-1771434696
[12-Mar-2026 10:12:25 Africa/Lagos] User Type: admin
[12-Mar-2026 10:12:25 Africa/Lagos] Current Page: add-new-student.php
[12-Mar-2026 10:12:25 Africa/Lagos] School ID: 6
[12-Mar-2026 10:12:25 Africa/Lagos] School Name: bitflux wallet
[12-Mar-2026 10:12:25 Africa/Lagos] Authenticated User ID: 1
[12-Mar-2026 10:12:25 Africa/Lagos] Authenticated User Type: admin
[12-Mar-2026 10:12:25 Africa/Lagos] Loading autoload from: /home/academixsuite/public_html/tenant/{school-slug}/admin/../../../includes/autoload.php
[12-Mar-2026 10:12:25 Africa/Lagos] Autoload loaded successfully
[12-Mar-2026 10:12:25 Africa/Lagos] Database class found
[12-Mar-2026 10:12:25 Africa/Lagos] Loading StudentManager from: /home/academixsuite/public_html/tenant/{school-slug}/admin/../../../includes/StudentManager.php
[12-Mar-2026 10:12:25 Africa/Lagos] StudentManager loaded successfully
[12-Mar-2026 10:12:25 Africa/Lagos] Attempting to connect to database: school_6
[12-Mar-2026 10:12:25 Africa/Lagos] School database connection successful for: school_6
[12-Mar-2026 10:12:25 Africa/Lagos] Database connection PDO object: PDO
[12-Mar-2026 10:12:25 Africa/Lagos] Initializing StudentManager with parameters:
[12-Mar-2026 10:12:25 Africa/Lagos] - School ID: 6
[12-Mar-2026 10:12:25 Africa/Lagos] - User ID: 1
[12-Mar-2026 10:12:25 Africa/Lagos] - User Type: admin
[12-Mar-2026 10:12:25 Africa/Lagos] StudentManager initialized for school ID: 6
[12-Mar-2026 10:12:25 Africa/Lagos] StudentManager initialized successfully
[12-Mar-2026 10:12:25 Africa/Lagos] POST data received. Fields: csrf_token, academic_year, class, section, roll_number, admission_date, first_name, middle_name, last_name, gender, date_of_birth, student_phone, student_email, existing_parent_id, guardian_name, guardian_relation, guardian_phone, guardian_email, guardian_address, blood_group, allergies, medical_conditions, current_address, permanent_address, previous_school, previous_class, transfer_certificate_no
[12-Mar-2026 10:12:25 Africa/Lagos] Starting data fetch from database
[12-Mar-2026 10:12:25 Africa/Lagos] Loaded 21 settings records
[12-Mar-2026 10:12:25 Africa/Lagos] Loaded user data for ID: 1
[12-Mar-2026 10:12:25 Africa/Lagos] Loaded 1 academic years
[12-Mar-2026 10:12:25 Africa/Lagos] Loaded 16 classes
[12-Mar-2026 10:12:25 Africa/Lagos] === POST REQUEST DETECTED ===
[12-Mar-2026 10:12:25 Africa/Lagos] POST data keys: csrf_token, academic_year, class, section, roll_number, admission_date, first_name, middle_name, last_name, gender, date_of_birth, student_phone, student_email, existing_parent_id, guardian_name, guardian_relation, guardian_phone, guardian_email, guardian_address, blood_group, allergies, medical_conditions, current_address, permanent_address, previous_school, previous_class, transfer_certificate_no
[12-Mar-2026 10:12:25 Africa/Lagos] === PROCESSING FORM SUBMISSION ===
[12-Mar-2026 10:12:25 Africa/Lagos] Form submission detected via field presence
[12-Mar-2026 10:12:25 Africa/Lagos] CSRF validation PASSED
[12-Mar-2026 10:12:25 Africa/Lagos] Student data prepared for insertion:
[12-Mar-2026 10:12:25 Africa/Lagos] - Name: Uzochukwus Victory
[12-Mar-2026 10:12:25 Africa/Lagos] Validation PASSED - all required fields present
[12-Mar-2026 10:12:25 Africa/Lagos] Calling StudentManager->addStudent()
[12-Mar-2026 10:12:25 Africa/Lagos] === ADD STUDENT START ===
[12-Mar-2026 10:12:25 Africa/Lagos] School ID: 6
[12-Mar-2026 10:12:25 Africa/Lagos] User ID: 1
[12-Mar-2026 10:12:25 Africa/Lagos] Data received: ["academic_year_id","class_id","section_id","roll_number","admission_date","first_name","middle_name","last_name","gender","date_of_birth","student_email","student_phone","guardian_name","guardian_email","guardian_phone","guardian_relation","guardian_address","existing_parent_id","blood_group","allergies","medical_conditions","doctor_name","doctor_phone","current_address","permanent_address","previous_school","previous_class","transfer_certificate_no"]
[12-Mar-2026 10:12:25 Africa/Lagos] Transaction started
[12-Mar-2026 10:12:25 Africa/Lagos] Validation passed
[12-Mar-2026 10:12:25 Africa/Lagos] Generating admission number for academic year ID: 1
[12-Mar-2026 10:12:25 Africa/Lagos] Using academic year: 2025-2026 (Year: 2025)
[12-Mar-2026 10:12:25 Africa/Lagos] Generated admission number: BIT-2025-0007
[12-Mar-2026 10:12:25 Africa/Lagos] Generated admission number: BIT-2025-0007
[12-Mar-2026 10:12:25 Africa/Lagos] Generated random password of length: 8
[12-Mar-2026 10:12:26 Africa/Lagos] Student password generated (hashed)
[12-Mar-2026 10:12:26 Africa/Lagos] Creating student user account:
[12-Mar-2026 10:12:26 Africa/Lagos] - Full name: Uzochukwus Chiemela Victory
[12-Mar-2026 10:12:26 Africa/Lagos] - Email: uzoamakarach6s78@gmail.com
[12-Mar-2026 10:12:26 Africa/Lagos] - Username: uzoamakarach6s78
[12-Mar-2026 10:12:26 Africa/Lagos] Student user created with ID: 50
[12-Mar-2026 10:12:26 Africa/Lagos] Student role assigned to user ID: 50
[12-Mar-2026 10:12:26 Africa/Lagos] Getting default campus ID for school: 6
[12-Mar-2026 10:12:26 Africa/Lagos] Error getting default campus: SQLSTATE[42S22]: Column not found: 1054 Unknown column 'is_default' in 'WHERE'
[12-Mar-2026 10:12:26 Africa/Lagos] Campus ID: null
[12-Mar-2026 10:12:26 Africa/Lagos] Inserting student record...
[12-Mar-2026 10:12:26 Africa/Lagos] Student insert params prepared: [6,null,"50","BIT-2025-0007","1",4,null,"2025-09-11","Uzochukwus","Chiemela","Victory","2023-11-02"]...
[12-Mar-2026 10:12:26 Africa/Lagos] === STUDENT RECORD CREATED SUCCESSFULLY ===
[12-Mar-2026 10:12:26 Africa/Lagos] Student ID: 20
[12-Mar-2026 10:12:26 Africa/Lagos] Admission Number: BIT-2025-0007
[12-Mar-2026 10:12:26 Africa/Lagos] Creating new parent from guardian data
[12-Mar-2026 10:12:26 Africa/Lagos] === FIND OR CREATE PARENT ===
[12-Mar-2026 10:12:26 Africa/Lagos] Parent data: {"name":"Uzochukwu Uzoamaka Rachael","email":"uzoamakarach678@gmail.com","phone":"09099926753","address":"Igwuruta, Rivers state"}
[12-Mar-2026 10:12:26 Africa/Lagos] No existing parent found, creating new parent
[12-Mar-2026 10:12:26 Africa/Lagos] Generated random password of length: 8
[12-Mar-2026 10:12:26 Africa/Lagos] Generated parent password (hashed)
[12-Mar-2026 10:12:26 Africa/Lagos] ERROR in findOrCreateParent: SQLSTATE[23000]: Integrity constraint violation: 1062 Duplicate entry '6-09099926753' for key 'unique_phone_school'
[12-Mar-2026 10:12:26 Africa/Lagos] Stack trace: #0 /home/academixsuite/public_html/includes/StudentManager.php(253): PDOStatement->execute(Array)
#1 /home/academixsuite/public_html/includes/StudentManager.php(546): StudentManager->findOrCreateParent(Array)
#2 /home/academixsuite/public_html/tenant/{school-slug}/admin/add-new-student.php(470): StudentManager->addStudent(Array)
#3 /home/academixsuite/public_html/tenant/router.php(365): require_once('/home/academixs...')
#4 {main}
[12-Mar-2026 10:12:26 Africa/Lagos] Transaction rolled back due to error
[12-Mar-2026 10:12:26 Africa/Lagos] === ADD STUDENT FAILED ===
[12-Mar-2026 10:12:26 Africa/Lagos] Error: SQLSTATE[23000]: Integrity constraint violation: 1062 Duplicate entry '6-09099926753' for key 'unique_phone_school'
[12-Mar-2026 10:12:26 Africa/Lagos] Stack trace: #0 /home/academixsuite/public_html/includes/StudentManager.php(253): PDOStatement->execute(Array)
#1 /home/academixsuite/public_html/includes/StudentManager.php(546): StudentManager->findOrCreateParent(Array)
#2 /home/academixsuite/public_html/tenant/{school-slug}/admin/add-new-student.php(470): StudentManager->addStudent(Array)
#3 /home/academixsuite/public_html/tenant/router.php(365): require_once('/home/academixs...')
#4 {main}
[12-Mar-2026 10:12:26 Africa/Lagos] PDO Error Info: ["23000",1062,"Duplicate entry '6-09099926753' for key 'unique_phone_school'"]
[12-Mar-2026 10:12:26 Africa/Lagos] StudentManager->addStudent() completed in 409.84ms
[12-Mar-2026 10:12:26 Africa/Lagos] === STUDENT ADDITION FAILED ===
[12-Mar-2026 10:12:26 Africa/Lagos] Error message: Error adding student: SQLSTATE[23000]: Integrity constraint violation: 1062 Duplicate entry '6-09099926753' for key 'unique_phone_school'
[12-Mar-2026 10:12:26 Africa/Lagos] Redirecting back to add form: add-new-student.php
[12-Mar-2026 10:12:26 Africa/Lagos] === ADD STUDENT PAGE START ===
[12-Mar-2026 10:12:26 Africa/Lagos] Request URI: /tenant/bitflux-wallet-1771434696/admin/add-new-student.php
[12-Mar-2026 10:12:26 Africa/Lagos] Script: /home/academixsuite/public_html/tenant/{school-slug}/admin/add-new-student.php
[12-Mar-2026 10:12:26 Africa/Lagos] Request Method: GET
[12-Mar-2026 10:12:26 Africa/Lagos] Session ID: e6537039b23d0cd6c8592a82d470eee8
[12-Mar-2026 10:12:26 Africa/Lagos] School Slug: bitflux-wallet-1771434696
[12-Mar-2026 10:12:26 Africa/Lagos] User Type: admin
[12-Mar-2026 10:12:26 Africa/Lagos] Current Page: add-new-student.php
[12-Mar-2026 10:12:26 Africa/Lagos] School ID: 6
[12-Mar-2026 10:12:26 Africa/Lagos] School Name: bitflux wallet
[12-Mar-2026 10:12:26 Africa/Lagos] Authenticated User ID: 1
[12-Mar-2026 10:12:26 Africa/Lagos] Authenticated User Type: admin
[12-Mar-2026 10:12:26 Africa/Lagos] Loading autoload from: /home/academixsuite/public_html/tenant/{school-slug}/admin/../../../includes/autoload.php
[12-Mar-2026 10:12:26 Africa/Lagos] Autoload loaded successfully
[12-Mar-2026 10:12:26 Africa/Lagos] Database class found
[12-Mar-2026 10:12:26 Africa/Lagos] Loading StudentManager from: /home/academixsuite/public_html/tenant/{school-slug}/admin/../../../includes/StudentManager.php
[12-Mar-2026 10:12:26 Africa/Lagos] StudentManager loaded successfully
[12-Mar-2026 10:12:26 Africa/Lagos] Attempting to connect to database: school_6
[12-Mar-2026 10:12:26 Africa/Lagos] School database connection successful for: school_6
[12-Mar-2026 10:12:26 Africa/Lagos] Database connection PDO object: PDO
[12-Mar-2026 10:12:26 Africa/Lagos] Initializing StudentManager with parameters:
[12-Mar-2026 10:12:26 Africa/Lagos] - School ID: 6
[12-Mar-2026 10:12:26 Africa/Lagos] - User ID: 1
[12-Mar-2026 10:12:26 Africa/Lagos] - User Type: admin
[12-Mar-2026 10:12:26 Africa/Lagos] StudentManager initialized for school ID: 6
[12-Mar-2026 10:12:26 Africa/Lagos] StudentManager initialized successfully
[12-Mar-2026 10:12:26 Africa/Lagos] Starting data fetch from database
[12-Mar-2026 10:12:26 Africa/Lagos] Loaded 21 settings records
[12-Mar-2026 10:12:26 Africa/Lagos] Loaded user data for ID: 1
[12-Mar-2026 10:12:26 Africa/Lagos] Loaded 1 academic years
[12-Mar-2026 10:12:26 Africa/Lagos] Loaded 16 classes
[12-Mar-2026 10:12:26 Africa/Lagos] Restoring form data from session for repopulation
[12-Mar-2026 10:12:26 Africa/Lagos] === ADD STUDENT PAGE END ===
[12-Mar-2026 10:12:26 Africa/Lagos] Page loaded with 16 classes, 1 academic years
[12-Mar-2026 10:12:26 Africa/Lagos] ROUTER END: Successfully served /home/academixsuite/public_html/tenant/{school-slug}/admin/add-new-student.php
[12-Mar-2026 10:50:29 Africa/Lagos] === ADD STUDENT PAGE START ===
[12-Mar-2026 10:50:29 Africa/Lagos] Request URI: /tenant/bitflux-wallet-1771434696/admin/add-new-student.php
[12-Mar-2026 10:50:29 Africa/Lagos] Script: /home/academixsuite/public_html/tenant/{school-slug}/admin/add-new-student.php
[12-Mar-2026 10:50:29 Africa/Lagos] Request Method: GET
[12-Mar-2026 10:50:29 Africa/Lagos] Session ID: c22494c704aa0fdff366fe3bd352d1d5
[12-Mar-2026 10:50:29 Africa/Lagos] School Slug: bitflux-wallet-1771434696
[12-Mar-2026 10:50:29 Africa/Lagos] User Type: admin
[12-Mar-2026 10:50:29 Africa/Lagos] Current Page: add-new-student.php
[12-Mar-2026 10:50:29 Africa/Lagos] School ID: 6
[12-Mar-2026 10:50:29 Africa/Lagos] School Name: bitflux wallet
[12-Mar-2026 10:50:29 Africa/Lagos] Authenticated User ID: 1
[12-Mar-2026 10:50:29 Africa/Lagos] Authenticated User Type: admin
[12-Mar-2026 10:50:29 Africa/Lagos] Loading autoload from: /home/academixsuite/public_html/tenant/{school-slug}/admin/../../../includes/autoload.php
[12-Mar-2026 10:50:29 Africa/Lagos] Autoload loaded successfully
[12-Mar-2026 10:50:29 Africa/Lagos] Database class found
[12-Mar-2026 10:50:29 Africa/Lagos] Loading StudentManager from: /home/academixsuite/public_html/tenant/{school-slug}/admin/../../../includes/StudentManager.php
[12-Mar-2026 10:50:29 Africa/Lagos] StudentManager loaded successfully
[12-Mar-2026 10:50:29 Africa/Lagos] Attempting to connect to database: school_6
[12-Mar-2026 10:50:29 Africa/Lagos] School database connection successful for: school_6
[12-Mar-2026 10:50:29 Africa/Lagos] Database connection PDO object: PDO
[12-Mar-2026 10:50:29 Africa/Lagos] Initializing StudentManager with parameters:
[12-Mar-2026 10:50:29 Africa/Lagos] - School ID: 6
[12-Mar-2026 10:50:29 Africa/Lagos] - User ID: 1
[12-Mar-2026 10:50:29 Africa/Lagos] - User Type: admin
[12-Mar-2026 10:50:29 Africa/Lagos] StudentManager initialized for school ID: 6
[12-Mar-2026 10:50:29 Africa/Lagos] StudentManager initialized successfully
[12-Mar-2026 10:50:29 Africa/Lagos] Starting data fetch from database
[12-Mar-2026 10:50:29 Africa/Lagos] Loaded 21 settings records
[12-Mar-2026 10:50:29 Africa/Lagos] Loaded user data for ID: 1
[12-Mar-2026 10:50:29 Africa/Lagos] Loaded 1 academic years
[12-Mar-2026 10:50:29 Africa/Lagos] Loaded 16 classes
[12-Mar-2026 10:50:29 Africa/Lagos] === ADD STUDENT PAGE END ===
[12-Mar-2026 10:50:29 Africa/Lagos] Page loaded with 16 classes, 1 academic years
[12-Mar-2026 10:50:29 Africa/Lagos] ROUTER END: Successfully served /home/academixsuite/public_html/tenant/{school-slug}/admin/add-new-student.php
[12-Mar-2026 10:51:50 Africa/Lagos] === ADD STUDENT PAGE START ===
[12-Mar-2026 10:51:50 Africa/Lagos] Request URI: /tenant/bitflux-wallet-1771434696/admin/add-new-student.php?ajax=get_sections&class_id=4
[12-Mar-2026 10:51:50 Africa/Lagos] Script: /home/academixsuite/public_html/tenant/{school-slug}/admin/add-new-student.php
[12-Mar-2026 10:51:50 Africa/Lagos] Request Method: GET
[12-Mar-2026 10:51:50 Africa/Lagos] Session ID: c22494c704aa0fdff366fe3bd352d1d5
[12-Mar-2026 10:51:50 Africa/Lagos] School Slug: bitflux-wallet-1771434696
[12-Mar-2026 10:51:50 Africa/Lagos] User Type: admin
[12-Mar-2026 10:51:50 Africa/Lagos] Current Page: add-new-student.php
[12-Mar-2026 10:51:50 Africa/Lagos] School ID: 6
[12-Mar-2026 10:51:50 Africa/Lagos] School Name: bitflux wallet
[12-Mar-2026 10:51:50 Africa/Lagos] Authenticated User ID: 1
[12-Mar-2026 10:51:50 Africa/Lagos] Authenticated User Type: admin
[12-Mar-2026 10:51:50 Africa/Lagos] Loading autoload from: /home/academixsuite/public_html/tenant/{school-slug}/admin/../../../includes/autoload.php
[12-Mar-2026 10:51:50 Africa/Lagos] Autoload loaded successfully
[12-Mar-2026 10:51:50 Africa/Lagos] Database class found
[12-Mar-2026 10:51:50 Africa/Lagos] Loading StudentManager from: /home/academixsuite/public_html/tenant/{school-slug}/admin/../../../includes/StudentManager.php
[12-Mar-2026 10:51:50 Africa/Lagos] StudentManager loaded successfully
[12-Mar-2026 10:51:50 Africa/Lagos] Attempting to connect to database: school_6
[12-Mar-2026 10:51:50 Africa/Lagos] School database connection successful for: school_6
[12-Mar-2026 10:51:50 Africa/Lagos] Database connection PDO object: PDO
[12-Mar-2026 10:51:50 Africa/Lagos] Initializing StudentManager with parameters:
[12-Mar-2026 10:51:50 Africa/Lagos] - School ID: 6
[12-Mar-2026 10:51:50 Africa/Lagos] - User ID: 1
[12-Mar-2026 10:51:50 Africa/Lagos] - User Type: admin
[12-Mar-2026 10:51:50 Africa/Lagos] StudentManager initialized for school ID: 6
[12-Mar-2026 10:51:50 Africa/Lagos] StudentManager initialized successfully
[12-Mar-2026 10:51:50 Africa/Lagos] Starting data fetch from database
[12-Mar-2026 10:51:50 Africa/Lagos] Loaded 21 settings records
[12-Mar-2026 10:51:50 Africa/Lagos] Loaded user data for ID: 1
[12-Mar-2026 10:51:50 Africa/Lagos] Loaded 1 academic years
[12-Mar-2026 10:51:50 Africa/Lagos] Loaded 16 classes
[12-Mar-2026 10:51:50 Africa/Lagos] Retrieved 1 sections for class ID: 4
[12-Mar-2026 10:51:50 Africa/Lagos] Loaded 1 sections for class 4
[12-Mar-2026 10:51:50 Africa/Lagos] Processing AJAX request: get_sections
[12-Mar-2026 10:51:50 Africa/Lagos] Retrieved 1 sections for class ID: 4
[12-Mar-2026 11:17:13 Africa/Lagos] === ADD STUDENT PAGE START ===
[12-Mar-2026 11:17:13 Africa/Lagos] Request URI: /tenant/bitflux-wallet-1771434696/admin/add-new-student.php
[12-Mar-2026 11:17:13 Africa/Lagos] Script: /home/academixsuite/public_html/tenant/{school-slug}/admin/add-new-student.php
[12-Mar-2026 11:17:13 Africa/Lagos] Request Method: GET
[12-Mar-2026 11:17:13 Africa/Lagos] Session ID: c22494c704aa0fdff366fe3bd352d1d5
[12-Mar-2026 11:17:13 Africa/Lagos] School Slug: bitflux-wallet-1771434696
[12-Mar-2026 11:17:13 Africa/Lagos] User Type: admin
[12-Mar-2026 11:17:13 Africa/Lagos] Current Page: add-new-student.php
[12-Mar-2026 11:17:13 Africa/Lagos] School ID: 6
[12-Mar-2026 11:17:13 Africa/Lagos] School Name: bitflux wallet
[12-Mar-2026 11:17:13 Africa/Lagos] Authenticated User ID: 1
[12-Mar-2026 11:17:13 Africa/Lagos] Authenticated User Type: admin
[12-Mar-2026 11:17:13 Africa/Lagos] Loading autoload from: /home/academixsuite/public_html/tenant/{school-slug}/admin/../../../includes/autoload.php
[12-Mar-2026 11:17:13 Africa/Lagos] Autoload loaded successfully
[12-Mar-2026 11:17:13 Africa/Lagos] Database class found
[12-Mar-2026 11:17:13 Africa/Lagos] Loading StudentManager from: /home/academixsuite/public_html/tenant/{school-slug}/admin/../../../includes/StudentManager.php
[12-Mar-2026 11:17:13 Africa/Lagos] StudentManager loaded successfully
[12-Mar-2026 11:17:13 Africa/Lagos] Attempting to connect to database: school_6
[12-Mar-2026 11:17:13 Africa/Lagos] School database connection successful for: school_6
[12-Mar-2026 11:17:13 Africa/Lagos] Database connection PDO object: PDO
[12-Mar-2026 11:17:13 Africa/Lagos] Initializing StudentManager with parameters:
[12-Mar-2026 11:17:13 Africa/Lagos] - School ID: 6
[12-Mar-2026 11:17:13 Africa/Lagos] - User ID: 1
[12-Mar-2026 11:17:13 Africa/Lagos] - User Type: admin
[12-Mar-2026 11:17:13 Africa/Lagos] StudentManager initialized for school ID: 6
[12-Mar-2026 11:17:13 Africa/Lagos] StudentManager initialized successfully
[12-Mar-2026 11:17:13 Africa/Lagos] Starting data fetch from database
[12-Mar-2026 11:17:13 Africa/Lagos] Loaded 21 settings records
[12-Mar-2026 11:17:13 Africa/Lagos] Loaded user data for ID: 1
[12-Mar-2026 11:17:13 Africa/Lagos] Loaded 1 academic years
[12-Mar-2026 11:17:13 Africa/Lagos] Loaded 16 classes
[12-Mar-2026 11:17:13 Africa/Lagos] === ADD STUDENT PAGE END ===
[12-Mar-2026 11:17:13 Africa/Lagos] Page loaded with 16 classes, 1 academic years
[12-Mar-2026 11:17:13 Africa/Lagos] ROUTER END: Successfully served /home/academixsuite/public_html/tenant/{school-slug}/admin/add-new-student.php
[12-Mar-2026 11:19:44 Africa/Lagos] === ADD STUDENT PAGE START ===
[12-Mar-2026 11:19:44 Africa/Lagos] Request URI: /tenant/bitflux-wallet-1771434696/admin/add-new-student.php
[12-Mar-2026 11:19:44 Africa/Lagos] Script: /home/academixsuite/public_html/tenant/{school-slug}/admin/add-new-student.php
[12-Mar-2026 11:19:44 Africa/Lagos] Request Method: GET
[12-Mar-2026 11:19:44 Africa/Lagos] Session ID: e6537039b23d0cd6c8592a82d470eee8
[12-Mar-2026 11:19:44 Africa/Lagos] School Slug: bitflux-wallet-1771434696
[12-Mar-2026 11:19:44 Africa/Lagos] User Type: admin
[12-Mar-2026 11:19:44 Africa/Lagos] Current Page: add-new-student.php
[12-Mar-2026 11:19:44 Africa/Lagos] School ID: 6
[12-Mar-2026 11:19:44 Africa/Lagos] School Name: bitflux wallet
[12-Mar-2026 11:19:44 Africa/Lagos] Authenticated User ID: 1
[12-Mar-2026 11:19:44 Africa/Lagos] Authenticated User Type: admin
[12-Mar-2026 11:19:44 Africa/Lagos] Loading autoload from: /home/academixsuite/public_html/tenant/{school-slug}/admin/../../../includes/autoload.php
[12-Mar-2026 11:19:44 Africa/Lagos] Autoload loaded successfully
[12-Mar-2026 11:19:44 Africa/Lagos] Database class found
[12-Mar-2026 11:19:44 Africa/Lagos] Loading StudentManager from: /home/academixsuite/public_html/tenant/{school-slug}/admin/../../../includes/StudentManager.php
[12-Mar-2026 11:19:44 Africa/Lagos] StudentManager loaded successfully
[12-Mar-2026 11:19:44 Africa/Lagos] Attempting to connect to database: school_6
[12-Mar-2026 11:19:44 Africa/Lagos] School database connection successful for: school_6
[12-Mar-2026 11:19:44 Africa/Lagos] Database connection PDO object: PDO
[12-Mar-2026 11:19:44 Africa/Lagos] Initializing StudentManager with parameters:
[12-Mar-2026 11:19:44 Africa/Lagos] - School ID: 6
[12-Mar-2026 11:19:44 Africa/Lagos] - User ID: 1
[12-Mar-2026 11:19:44 Africa/Lagos] - User Type: admin
[12-Mar-2026 11:19:44 Africa/Lagos] StudentManager initialized for school ID: 6
[12-Mar-2026 11:19:44 Africa/Lagos] StudentManager initialized successfully
[12-Mar-2026 11:19:44 Africa/Lagos] Starting data fetch from database
[12-Mar-2026 11:19:44 Africa/Lagos] Loaded 21 settings records
[12-Mar-2026 11:19:44 Africa/Lagos] Loaded user data for ID: 1
[12-Mar-2026 11:19:44 Africa/Lagos] Loaded 1 academic years
[12-Mar-2026 11:19:44 Africa/Lagos] Loaded 16 classes
[12-Mar-2026 11:19:44 Africa/Lagos] === ADD STUDENT PAGE END ===
[12-Mar-2026 11:19:44 Africa/Lagos] Page loaded with 16 classes, 1 academic years
[12-Mar-2026 11:19:44 Africa/Lagos] ROUTER END: Successfully served /home/academixsuite/public_html/tenant/{school-slug}/admin/add-new-student.php
[12-Mar-2026 11:19:50 Africa/Lagos] === ADD STUDENT PAGE START ===
[12-Mar-2026 11:19:50 Africa/Lagos] Request URI: /tenant/bitflux-wallet-1771434696/admin/add-new-student.php?ajax=get_sections&class_id=4
[12-Mar-2026 11:19:50 Africa/Lagos] Script: /home/academixsuite/public_html/tenant/{school-slug}/admin/add-new-student.php
[12-Mar-2026 11:19:50 Africa/Lagos] Request Method: GET
[12-Mar-2026 11:19:50 Africa/Lagos] Session ID: e6537039b23d0cd6c8592a82d470eee8
[12-Mar-2026 11:19:50 Africa/Lagos] School Slug: bitflux-wallet-1771434696
[12-Mar-2026 11:19:50 Africa/Lagos] User Type: admin
[12-Mar-2026 11:19:50 Africa/Lagos] Current Page: add-new-student.php
[12-Mar-2026 11:19:50 Africa/Lagos] School ID: 6
[12-Mar-2026 11:19:50 Africa/Lagos] School Name: bitflux wallet
[12-Mar-2026 11:19:50 Africa/Lagos] Authenticated User ID: 1
[12-Mar-2026 11:19:50 Africa/Lagos] Authenticated User Type: admin
[12-Mar-2026 11:19:50 Africa/Lagos] Loading autoload from: /home/academixsuite/public_html/tenant/{school-slug}/admin/../../../includes/autoload.php
[12-Mar-2026 11:19:50 Africa/Lagos] Autoload loaded successfully
[12-Mar-2026 11:19:50 Africa/Lagos] Database class found
[12-Mar-2026 11:19:50 Africa/Lagos] Loading StudentManager from: /home/academixsuite/public_html/tenant/{school-slug}/admin/../../../includes/StudentManager.php
[12-Mar-2026 11:19:50 Africa/Lagos] StudentManager loaded successfully
[12-Mar-2026 11:19:50 Africa/Lagos] Attempting to connect to database: school_6
[12-Mar-2026 11:19:50 Africa/Lagos] School database connection successful for: school_6
[12-Mar-2026 11:19:50 Africa/Lagos] Database connection PDO object: PDO
[12-Mar-2026 11:19:50 Africa/Lagos] Initializing StudentManager with parameters:
[12-Mar-2026 11:19:50 Africa/Lagos] - School ID: 6
[12-Mar-2026 11:19:50 Africa/Lagos] - User ID: 1
[12-Mar-2026 11:19:50 Africa/Lagos] - User Type: admin
[12-Mar-2026 11:19:50 Africa/Lagos] StudentManager initialized for school ID: 6
[12-Mar-2026 11:19:50 Africa/Lagos] StudentManager initialized successfully
[12-Mar-2026 11:19:50 Africa/Lagos] Starting data fetch from database
[12-Mar-2026 11:19:50 Africa/Lagos] Loaded 21 settings records
[12-Mar-2026 11:19:50 Africa/Lagos] Loaded user data for ID: 1
[12-Mar-2026 11:19:50 Africa/Lagos] Loaded 1 academic years
[12-Mar-2026 11:19:50 Africa/Lagos] Loaded 16 classes
[12-Mar-2026 11:19:50 Africa/Lagos] Retrieved 1 sections for class ID: 4
[12-Mar-2026 11:19:50 Africa/Lagos] Loaded 1 sections for class 4
[12-Mar-2026 11:19:50 Africa/Lagos] Processing AJAX request: get_sections
[12-Mar-2026 11:19:50 Africa/Lagos] Retrieved 1 sections for class ID: 4
[12-Mar-2026 11:22:02 Africa/Lagos] === ADD STUDENT PAGE START ===
[12-Mar-2026 11:22:02 Africa/Lagos] Request URI: /tenant/bitflux-wallet-1771434696/admin/add-new-student.php?ajax=search_parents&term=rac
[12-Mar-2026 11:22:02 Africa/Lagos] Script: /home/academixsuite/public_html/tenant/{school-slug}/admin/add-new-student.php
[12-Mar-2026 11:22:02 Africa/Lagos] Request Method: GET
[12-Mar-2026 11:22:02 Africa/Lagos] Session ID: e6537039b23d0cd6c8592a82d470eee8
[12-Mar-2026 11:22:02 Africa/Lagos] School Slug: bitflux-wallet-1771434696
[12-Mar-2026 11:22:02 Africa/Lagos] User Type: admin
[12-Mar-2026 11:22:02 Africa/Lagos] Current Page: add-new-student.php
[12-Mar-2026 11:22:02 Africa/Lagos] School ID: 6
[12-Mar-2026 11:22:02 Africa/Lagos] School Name: bitflux wallet
[12-Mar-2026 11:22:02 Africa/Lagos] Authenticated User ID: 1
[12-Mar-2026 11:22:02 Africa/Lagos] Authenticated User Type: admin
[12-Mar-2026 11:22:02 Africa/Lagos] Loading autoload from: /home/academixsuite/public_html/tenant/{school-slug}/admin/../../../includes/autoload.php
[12-Mar-2026 11:22:02 Africa/Lagos] Autoload loaded successfully
[12-Mar-2026 11:22:02 Africa/Lagos] Database class found
[12-Mar-2026 11:22:02 Africa/Lagos] Loading StudentManager from: /home/academixsuite/public_html/tenant/{school-slug}/admin/../../../includes/StudentManager.php
[12-Mar-2026 11:22:02 Africa/Lagos] StudentManager loaded successfully
[12-Mar-2026 11:22:02 Africa/Lagos] Attempting to connect to database: school_6
[12-Mar-2026 11:22:02 Africa/Lagos] School database connection successful for: school_6
[12-Mar-2026 11:22:02 Africa/Lagos] Database connection PDO object: PDO
[12-Mar-2026 11:22:02 Africa/Lagos] Initializing StudentManager with parameters:
[12-Mar-2026 11:22:02 Africa/Lagos] - School ID: 6
[12-Mar-2026 11:22:02 Africa/Lagos] - User ID: 1
[12-Mar-2026 11:22:02 Africa/Lagos] - User Type: admin
[12-Mar-2026 11:22:02 Africa/Lagos] StudentManager initialized for school ID: 6
[12-Mar-2026 11:22:02 Africa/Lagos] StudentManager initialized successfully
[12-Mar-2026 11:22:02 Africa/Lagos] Starting data fetch from database
[12-Mar-2026 11:22:02 Africa/Lagos] Loaded 21 settings records
[12-Mar-2026 11:22:02 Africa/Lagos] Loaded user data for ID: 1
[12-Mar-2026 11:22:02 Africa/Lagos] Loaded 1 academic years
[12-Mar-2026 11:22:02 Africa/Lagos] Loaded 16 classes
[12-Mar-2026 11:22:02 Africa/Lagos] Processing AJAX request: search_parents
[12-Mar-2026 11:22:02 Africa/Lagos] Searching parents with term: rac
[12-Mar-2026 11:22:02 Africa/Lagos] Found 2 parents matching term
[12-Mar-2026 11:24:51 Africa/Lagos] === ADD STUDENT PAGE START ===
[12-Mar-2026 11:24:51 Africa/Lagos] Request URI: /tenant/bitflux-wallet-1771434696/admin/add-new-student.php
[12-Mar-2026 11:24:51 Africa/Lagos] Script: /home/academixsuite/public_html/tenant/{school-slug}/admin/add-new-student.php
[12-Mar-2026 11:24:51 Africa/Lagos] Request Method: POST
[12-Mar-2026 11:24:51 Africa/Lagos] Session ID: e6537039b23d0cd6c8592a82d470eee8
[12-Mar-2026 11:24:51 Africa/Lagos] School Slug: bitflux-wallet-1771434696
[12-Mar-2026 11:24:51 Africa/Lagos] User Type: admin
[12-Mar-2026 11:24:51 Africa/Lagos] Current Page: add-new-student.php
[12-Mar-2026 11:24:51 Africa/Lagos] School ID: 6
[12-Mar-2026 11:24:51 Africa/Lagos] School Name: bitflux wallet
[12-Mar-2026 11:24:51 Africa/Lagos] Authenticated User ID: 1
[12-Mar-2026 11:24:51 Africa/Lagos] Authenticated User Type: admin
[12-Mar-2026 11:24:51 Africa/Lagos] Loading autoload from: /home/academixsuite/public_html/tenant/{school-slug}/admin/../../../includes/autoload.php
[12-Mar-2026 11:24:51 Africa/Lagos] Autoload loaded successfully
[12-Mar-2026 11:24:51 Africa/Lagos] Database class found
[12-Mar-2026 11:24:51 Africa/Lagos] Loading StudentManager from: /home/academixsuite/public_html/tenant/{school-slug}/admin/../../../includes/StudentManager.php
[12-Mar-2026 11:24:51 Africa/Lagos] StudentManager loaded successfully
[12-Mar-2026 11:24:51 Africa/Lagos] Attempting to connect to database: school_6
[12-Mar-2026 11:24:51 Africa/Lagos] School database connection successful for: school_6
[12-Mar-2026 11:24:51 Africa/Lagos] Database connection PDO object: PDO
[12-Mar-2026 11:24:51 Africa/Lagos] Initializing StudentManager with parameters:
[12-Mar-2026 11:24:51 Africa/Lagos] - School ID: 6
[12-Mar-2026 11:24:51 Africa/Lagos] - User ID: 1
[12-Mar-2026 11:24:51 Africa/Lagos] - User Type: admin
[12-Mar-2026 11:24:51 Africa/Lagos] StudentManager initialized for school ID: 6
[12-Mar-2026 11:24:51 Africa/Lagos] StudentManager initialized successfully
[12-Mar-2026 11:24:51 Africa/Lagos] POST data received. Fields: csrf_token, academic_year, class, section, roll_number, admission_date, first_name, middle_name, last_name, gender, date_of_birth, student_phone, student_email, existing_parent_id, blood_group, allergies, medical_conditions, current_address, permanent_address, previous_school, previous_class, transfer_certificate_no
[12-Mar-2026 11:24:51 Africa/Lagos] Starting data fetch from database
[12-Mar-2026 11:24:51 Africa/Lagos] Loaded 21 settings records
[12-Mar-2026 11:24:51 Africa/Lagos] Loaded user data for ID: 1
[12-Mar-2026 11:24:51 Africa/Lagos] Loaded 1 academic years
[12-Mar-2026 11:24:51 Africa/Lagos] Loaded 16 classes
[12-Mar-2026 11:24:51 Africa/Lagos] === POST REQUEST DETECTED ===
[12-Mar-2026 11:24:51 Africa/Lagos] POST data keys: csrf_token, academic_year, class, section, roll_number, admission_date, first_name, middle_name, last_name, gender, date_of_birth, student_phone, student_email, existing_parent_id, blood_group, allergies, medical_conditions, current_address, permanent_address, previous_school, previous_class, transfer_certificate_no
[12-Mar-2026 11:24:51 Africa/Lagos] === PROCESSING FORM SUBMISSION ===
[12-Mar-2026 11:24:51 Africa/Lagos] Form submission detected via field presence
[12-Mar-2026 11:24:51 Africa/Lagos] CSRF validation PASSED
[12-Mar-2026 11:24:51 Africa/Lagos] Student data prepared for insertion:
[12-Mar-2026 11:24:51 Africa/Lagos] - Name: Uzochukwu Victory
[12-Mar-2026 11:24:51 Africa/Lagos] Validation PASSED - all required fields present
[12-Mar-2026 11:24:51 Africa/Lagos] Calling StudentManager->addStudent()
[12-Mar-2026 11:24:51 Africa/Lagos] === ADD STUDENT START ===
[12-Mar-2026 11:24:51 Africa/Lagos] School ID: 6
[12-Mar-2026 11:24:51 Africa/Lagos] User ID: 1
[12-Mar-2026 11:24:51 Africa/Lagos] Data received: ["academic_year_id","class_id","section_id","roll_number","admission_date","first_name","middle_name","last_name","gender","date_of_birth","student_email","student_phone","guardian_name","guardian_email","guardian_phone","guardian_relation","guardian_address","existing_parent_id","blood_group","allergies","medical_conditions","doctor_name","doctor_phone","current_address","permanent_address","previous_school","previous_class","transfer_certificate_no"]
[12-Mar-2026 11:24:51 Africa/Lagos] Transaction started
[12-Mar-2026 11:24:51 Africa/Lagos] Validation passed
[12-Mar-2026 11:24:51 Africa/Lagos] Generating admission number for academic year ID: 1
[12-Mar-2026 11:24:51 Africa/Lagos] Using academic year: 2025-2026 (Year: 2025)
[12-Mar-2026 11:24:51 Africa/Lagos] Generated admission number: BIT-2025-0007
[12-Mar-2026 11:24:51 Africa/Lagos] Generated admission number: BIT-2025-0007
[12-Mar-2026 11:24:51 Africa/Lagos] Generating professional email for: Uzochukwu Victory (student)
[12-Mar-2026 11:24:51 Africa/Lagos] Base email generated: uzochukwu.victory@student.bitflux-wallet-1771434696
[12-Mar-2026 11:24:51 Africa/Lagos] Email is unique: uzochukwu.victory@student.bitflux-wallet-1771434696
[12-Mar-2026 11:24:51 Africa/Lagos] Generated student email: uzochukwu.victory@student.bitflux-wallet-1771434696
[12-Mar-2026 11:24:51 Africa/Lagos] Generated random password of length: 8
[12-Mar-2026 11:24:51 Africa/Lagos] Student password generated (hashed)
[12-Mar-2026 11:24:51 Africa/Lagos] Creating student user account:
[12-Mar-2026 11:24:51 Africa/Lagos] - Full name: Uzochukwu Chiemela Victory
[12-Mar-2026 11:24:51 Africa/Lagos] - Email: uzochukwu.victory@student.bitflux-wallet-1771434696
[12-Mar-2026 11:24:51 Africa/Lagos] - Username: uzochukwu.victory
[12-Mar-2026 11:24:51 Africa/Lagos] Transaction rolled back due to error
[12-Mar-2026 11:24:51 Africa/Lagos] === ADD STUDENT FAILED ===
[12-Mar-2026 11:24:51 Africa/Lagos] Error: SQLSTATE[23000]: Integrity constraint violation: 1062 Duplicate entry '6-' for key 'unique_phone_school'
[12-Mar-2026 11:24:51 Africa/Lagos] Stack trace: #0 /home/academixsuite/public_html/includes/StudentManager.php(470): PDOStatement->execute(Array)
#1 /home/academixsuite/public_html/tenant/{school-slug}/admin/add-new-student.php(470): StudentManager->addStudent(Array)
#2 /home/academixsuite/public_html/tenant/router.php(365): require_once('/home/academixs...')
#3 {main}
[12-Mar-2026 11:24:51 Africa/Lagos] PDO Error Info: ["23000",1062,"Duplicate entry '6-' for key 'unique_phone_school'"]
[12-Mar-2026 11:24:51 Africa/Lagos] StudentManager->addStudent() completed in 214.91ms
[12-Mar-2026 11:24:51 Africa/Lagos] === STUDENT ADDITION FAILED ===
[12-Mar-2026 11:24:51 Africa/Lagos] Error message: Error adding student: SQLSTATE[23000]: Integrity constraint violation: 1062 Duplicate entry '6-' for key 'unique_phone_school'
[12-Mar-2026 11:24:51 Africa/Lagos] Redirecting back to add form: add-new-student.php
[12-Mar-2026 11:24:52 Africa/Lagos] === ADD STUDENT PAGE START ===
[12-Mar-2026 11:24:52 Africa/Lagos] Request URI: /tenant/bitflux-wallet-1771434696/admin/add-new-student.php
[12-Mar-2026 11:24:52 Africa/Lagos] Script: /home/academixsuite/public_html/tenant/{school-slug}/admin/add-new-student.php
[12-Mar-2026 11:24:52 Africa/Lagos] Request Method: GET
[12-Mar-2026 11:24:52 Africa/Lagos] Session ID: e6537039b23d0cd6c8592a82d470eee8
[12-Mar-2026 11:24:52 Africa/Lagos] School Slug: bitflux-wallet-1771434696
[12-Mar-2026 11:24:52 Africa/Lagos] User Type: admin
[12-Mar-2026 11:24:52 Africa/Lagos] Current Page: add-new-student.php
[12-Mar-2026 11:24:52 Africa/Lagos] School ID: 6
[12-Mar-2026 11:24:52 Africa/Lagos] School Name: bitflux wallet
[12-Mar-2026 11:24:52 Africa/Lagos] Authenticated User ID: 1
[12-Mar-2026 11:24:52 Africa/Lagos] Authenticated User Type: admin
[12-Mar-2026 11:24:52 Africa/Lagos] Loading autoload from: /home/academixsuite/public_html/tenant/{school-slug}/admin/../../../includes/autoload.php
[12-Mar-2026 11:24:52 Africa/Lagos] Autoload loaded successfully
[12-Mar-2026 11:24:52 Africa/Lagos] Database class found
[12-Mar-2026 11:24:52 Africa/Lagos] Loading StudentManager from: /home/academixsuite/public_html/tenant/{school-slug}/admin/../../../includes/StudentManager.php
[12-Mar-2026 11:24:52 Africa/Lagos] StudentManager loaded successfully
[12-Mar-2026 11:24:52 Africa/Lagos] Attempting to connect to database: school_6
[12-Mar-2026 11:24:52 Africa/Lagos] School database connection successful for: school_6
[12-Mar-2026 11:24:52 Africa/Lagos] Database connection PDO object: PDO
[12-Mar-2026 11:24:52 Africa/Lagos] Initializing StudentManager with parameters:
[12-Mar-2026 11:24:52 Africa/Lagos] - School ID: 6
[12-Mar-2026 11:24:52 Africa/Lagos] - User ID: 1
[12-Mar-2026 11:24:52 Africa/Lagos] - User Type: admin
[12-Mar-2026 11:24:52 Africa/Lagos] StudentManager initialized for school ID: 6
[12-Mar-2026 11:24:52 Africa/Lagos] StudentManager initialized successfully
[12-Mar-2026 11:24:52 Africa/Lagos] Starting data fetch from database
[12-Mar-2026 11:24:52 Africa/Lagos] Loaded 21 settings records
[12-Mar-2026 11:24:52 Africa/Lagos] Loaded user data for ID: 1
[12-Mar-2026 11:24:52 Africa/Lagos] Loaded 1 academic years
[12-Mar-2026 11:24:52 Africa/Lagos] Loaded 16 classes
[12-Mar-2026 11:24:52 Africa/Lagos] Restoring form data from session for repopulation
[12-Mar-2026 11:24:52 Africa/Lagos] === ADD STUDENT PAGE END ===
[12-Mar-2026 11:24:52 Africa/Lagos] Page loaded with 16 classes, 1 academic years
[12-Mar-2026 11:24:52 Africa/Lagos] ROUTER END: Successfully served /home/academixsuite/public_html/tenant/{school-slug}/admin/add-new-student.php
[12-Mar-2026 11:28:06 Africa/Lagos] === ADD STUDENT PAGE START ===
[12-Mar-2026 11:28:06 Africa/Lagos] Request URI: /tenant/bitflux-wallet-1771434696/admin/add-new-student.php
[12-Mar-2026 11:28:06 Africa/Lagos] Script: /home/academixsuite/public_html/tenant/{school-slug}/admin/add-new-student.php
[12-Mar-2026 11:28:06 Africa/Lagos] Request Method: POST
[12-Mar-2026 11:28:06 Africa/Lagos] Session ID: e6537039b23d0cd6c8592a82d470eee8
[12-Mar-2026 11:28:06 Africa/Lagos] School Slug: bitflux-wallet-1771434696
[12-Mar-2026 11:28:06 Africa/Lagos] User Type: admin
[12-Mar-2026 11:28:06 Africa/Lagos] Current Page: add-new-student.php
[12-Mar-2026 11:28:06 Africa/Lagos] School ID: 6
[12-Mar-2026 11:28:06 Africa/Lagos] School Name: bitflux wallet
[12-Mar-2026 11:28:06 Africa/Lagos] Authenticated User ID: 1
[12-Mar-2026 11:28:06 Africa/Lagos] Authenticated User Type: admin
[12-Mar-2026 11:28:06 Africa/Lagos] Loading autoload from: /home/academixsuite/public_html/tenant/{school-slug}/admin/../../../includes/autoload.php
[12-Mar-2026 11:28:06 Africa/Lagos] Autoload loaded successfully
[12-Mar-2026 11:28:06 Africa/Lagos] Database class found
[12-Mar-2026 11:28:06 Africa/Lagos] Loading StudentManager from: /home/academixsuite/public_html/tenant/{school-slug}/admin/../../../includes/StudentManager.php
[12-Mar-2026 11:28:06 Africa/Lagos] StudentManager loaded successfully
[12-Mar-2026 11:28:06 Africa/Lagos] Attempting to connect to database: school_6
[12-Mar-2026 11:28:06 Africa/Lagos] School database connection successful for: school_6
[12-Mar-2026 11:28:06 Africa/Lagos] Database connection PDO object: PDO
[12-Mar-2026 11:28:06 Africa/Lagos] Initializing StudentManager with parameters:
[12-Mar-2026 11:28:06 Africa/Lagos] - School ID: 6
[12-Mar-2026 11:28:06 Africa/Lagos] - User ID: 1
[12-Mar-2026 11:28:06 Africa/Lagos] - User Type: admin
[12-Mar-2026 11:28:06 Africa/Lagos] StudentManager initialized for school ID: 6
[12-Mar-2026 11:28:06 Africa/Lagos] StudentManager initialized successfully
[12-Mar-2026 11:28:06 Africa/Lagos] POST data received. Fields: csrf_token, academic_year, class, section, roll_number, admission_date, first_name, middle_name, last_name, gender, date_of_birth, student_phone, student_email, existing_parent_id, guardian_name, guardian_relation, guardian_phone, guardian_email, guardian_address, blood_group, allergies, medical_conditions, current_address, permanent_address, previous_school, previous_class, transfer_certificate_no
[12-Mar-2026 11:28:06 Africa/Lagos] Starting data fetch from database
[12-Mar-2026 11:28:06 Africa/Lagos] Loaded 21 settings records
[12-Mar-2026 11:28:06 Africa/Lagos] Loaded user data for ID: 1
[12-Mar-2026 11:28:06 Africa/Lagos] Loaded 1 academic years
[12-Mar-2026 11:28:06 Africa/Lagos] Loaded 16 classes
[12-Mar-2026 11:28:06 Africa/Lagos] === POST REQUEST DETECTED ===
[12-Mar-2026 11:28:06 Africa/Lagos] POST data keys: csrf_token, academic_year, class, section, roll_number, admission_date, first_name, middle_name, last_name, gender, date_of_birth, student_phone, student_email, existing_parent_id, guardian_name, guardian_relation, guardian_phone, guardian_email, guardian_address, blood_group, allergies, medical_conditions, current_address, permanent_address, previous_school, previous_class, transfer_certificate_no
[12-Mar-2026 11:28:06 Africa/Lagos] === PROCESSING FORM SUBMISSION ===
[12-Mar-2026 11:28:06 Africa/Lagos] Form submission detected via field presence
[12-Mar-2026 11:28:06 Africa/Lagos] CSRF validation PASSED
[12-Mar-2026 11:28:06 Africa/Lagos] Student data prepared for insertion:
[12-Mar-2026 11:28:06 Africa/Lagos] - Name: Uzochukwu Victory
[12-Mar-2026 11:28:06 Africa/Lagos] Validation PASSED - all required fields present
[12-Mar-2026 11:28:06 Africa/Lagos] Calling StudentManager->addStudent()
[12-Mar-2026 11:28:06 Africa/Lagos] === ADD STUDENT START ===
[12-Mar-2026 11:28:06 Africa/Lagos] School ID: 6
[12-Mar-2026 11:28:06 Africa/Lagos] User ID: 1
[12-Mar-2026 11:28:06 Africa/Lagos] Data received: ["academic_year_id","class_id","section_id","roll_number","admission_date","first_name","middle_name","last_name","gender","date_of_birth","student_email","student_phone","guardian_name","guardian_email","guardian_phone","guardian_relation","guardian_address","existing_parent_id","blood_group","allergies","medical_conditions","doctor_name","doctor_phone","current_address","permanent_address","previous_school","previous_class","transfer_certificate_no"]
[12-Mar-2026 11:28:06 Africa/Lagos] Transaction started
[12-Mar-2026 11:28:06 Africa/Lagos] Validation passed
[12-Mar-2026 11:28:06 Africa/Lagos] Generating admission number for academic year ID: 1
[12-Mar-2026 11:28:06 Africa/Lagos] Using academic year: 2025-2026 (Year: 2025)
[12-Mar-2026 11:28:06 Africa/Lagos] Generated admission number: BIT-2025-0007
[12-Mar-2026 11:28:06 Africa/Lagos] Generated admission number: BIT-2025-0007
[12-Mar-2026 11:28:06 Africa/Lagos] Generated random password of length: 8
[12-Mar-2026 11:28:06 Africa/Lagos] Student password generated (hashed)
[12-Mar-2026 11:28:06 Africa/Lagos] Creating student user account:
[12-Mar-2026 11:28:06 Africa/Lagos] - Full name: Uzochukwu Chiemela Victory
[12-Mar-2026 11:28:06 Africa/Lagos] - Email: zubuetechhub@gmail.com
[12-Mar-2026 11:28:06 Africa/Lagos] - Username: zubuetechhub
[12-Mar-2026 11:28:06 Africa/Lagos] Student user created with ID: 65
[12-Mar-2026 11:28:06 Africa/Lagos] Student role assigned to user ID: 65
[12-Mar-2026 11:28:06 Africa/Lagos] Getting default campus ID for school: 6
[12-Mar-2026 11:28:06 Africa/Lagos] Error getting default campus: SQLSTATE[42S22]: Column not found: 1054 Unknown column 'is_default' in 'WHERE'
[12-Mar-2026 11:28:06 Africa/Lagos] Campus ID: null
[12-Mar-2026 11:28:06 Africa/Lagos] Inserting student record...
[12-Mar-2026 11:28:06 Africa/Lagos] Student insert params prepared: [6,null,"65","BIT-2025-0007","1",4,null,"2025-09-11","Uzochukwu","Chiemela","Victory","2023-11-02"]...
[12-Mar-2026 11:28:06 Africa/Lagos] === STUDENT RECORD CREATED SUCCESSFULLY ===
[12-Mar-2026 11:28:06 Africa/Lagos] Student ID: 21
[12-Mar-2026 11:28:06 Africa/Lagos] Admission Number: BIT-2025-0007
[12-Mar-2026 11:28:06 Africa/Lagos] Using existing parent ID: 52
[12-Mar-2026 11:28:06 Africa/Lagos] Creating guardian relationship - Parent: 52, Student: 21, Relationship: guardian
[12-Mar-2026 11:28:06 Africa/Lagos] Guardian relationship created successfully
[12-Mar-2026 11:28:06 Africa/Lagos] Stored temporary password for student ID: 65
[12-Mar-2026 11:28:06 Africa/Lagos] Creating audit log entry
[12-Mar-2026 11:28:06 Africa/Lagos] Audit log created successfully
[12-Mar-2026 11:28:06 Africa/Lagos] Transaction committed successfully
[12-Mar-2026 11:28:06 Africa/Lagos] Attempting to send login emails
[12-Mar-2026 11:28:06 Africa/Lagos] === SENDING LOGIN EMAILS ===
[12-Mar-2026 11:28:06 Africa/Lagos] Sending email to student: zubuetechhub@gmail.com
[12-Mar-2026 11:28:06 Africa/Lagos] Attempting to send email to: zubuetechhub@gmail.com
[12-Mar-2026 11:28:06 Africa/Lagos] Email sent successfully via mail() function
[12-Mar-2026 11:28:06 Africa/Lagos] Student email sent successfully
[12-Mar-2026 11:28:06 Africa/Lagos] No parent to email or parent ID not provided
[12-Mar-2026 11:28:06 Africa/Lagos] Email sending completed with 0 errors
[12-Mar-2026 11:28:06 Africa/Lagos] === ADD STUDENT COMPLETED SUCCESSFULLY ===
[12-Mar-2026 11:28:06 Africa/Lagos] Return message: Student added successfully! Admission Number: BIT-2025-0007
[12-Mar-2026 11:28:06 Africa/Lagos] StudentManager->addStudent() completed in 321.19ms
[12-Mar-2026 11:28:06 Africa/Lagos] === STUDENT ADDED SUCCESSFULLY ===
[12-Mar-2026 11:28:06 Africa/Lagos] Student ID: 21
[12-Mar-2026 11:28:06 Africa/Lagos] Message: Student added successfully! Admission Number: BIT-2025-0007
[12-Mar-2026 11:28:06 Africa/Lagos] Redirecting to student list: student-list.php
[12-Mar-2026 11:28:33 Africa/Lagos] === ADD STUDENT PAGE START ===
[12-Mar-2026 11:28:33 Africa/Lagos] Request URI: /tenant/bitflux-wallet-1771434696/admin/add-new-student.php
[12-Mar-2026 11:28:33 Africa/Lagos] Script: /home/academixsuite/public_html/tenant/{school-slug}/admin/add-new-student.php
[12-Mar-2026 11:28:33 Africa/Lagos] Request Method: GET
[12-Mar-2026 11:28:33 Africa/Lagos] Session ID: e6537039b23d0cd6c8592a82d470eee8
[12-Mar-2026 11:28:33 Africa/Lagos] School Slug: bitflux-wallet-1771434696
[12-Mar-2026 11:28:33 Africa/Lagos] User Type: admin
[12-Mar-2026 11:28:33 Africa/Lagos] Current Page: add-new-student.php
[12-Mar-2026 11:28:33 Africa/Lagos] School ID: 6
[12-Mar-2026 11:28:33 Africa/Lagos] School Name: bitflux wallet
[12-Mar-2026 11:28:33 Africa/Lagos] Authenticated User ID: 1
[12-Mar-2026 11:28:33 Africa/Lagos] Authenticated User Type: admin
[12-Mar-2026 11:28:33 Africa/Lagos] Loading autoload from: /home/academixsuite/public_html/tenant/{school-slug}/admin/../../../includes/autoload.php
[12-Mar-2026 11:28:33 Africa/Lagos] Autoload loaded successfully
[12-Mar-2026 11:28:33 Africa/Lagos] Database class found
[12-Mar-2026 11:28:33 Africa/Lagos] Loading StudentManager from: /home/academixsuite/public_html/tenant/{school-slug}/admin/../../../includes/StudentManager.php
[12-Mar-2026 11:28:33 Africa/Lagos] StudentManager loaded successfully
[12-Mar-2026 11:28:33 Africa/Lagos] Attempting to connect to database: school_6
[12-Mar-2026 11:28:33 Africa/Lagos] School database connection successful for: school_6
[12-Mar-2026 11:28:33 Africa/Lagos] Database connection PDO object: PDO
[12-Mar-2026 11:28:33 Africa/Lagos] Initializing StudentManager with parameters:
[12-Mar-2026 11:28:33 Africa/Lagos] - School ID: 6
[12-Mar-2026 11:28:33 Africa/Lagos] - User ID: 1
[12-Mar-2026 11:28:33 Africa/Lagos] - User Type: admin
[12-Mar-2026 11:28:33 Africa/Lagos] StudentManager initialized for school ID: 6
[12-Mar-2026 11:28:33 Africa/Lagos] StudentManager initialized successfully
[12-Mar-2026 11:28:33 Africa/Lagos] Starting data fetch from database
[12-Mar-2026 11:28:33 Africa/Lagos] Loaded 21 settings records
[12-Mar-2026 11:28:33 Africa/Lagos] Loaded user data for ID: 1
[12-Mar-2026 11:28:33 Africa/Lagos] Loaded 1 academic years
[12-Mar-2026 11:28:33 Africa/Lagos] Loaded 16 classes
[12-Mar-2026 11:28:33 Africa/Lagos] === ADD STUDENT PAGE END ===
[12-Mar-2026 11:28:33 Africa/Lagos] Page loaded with 16 classes, 1 academic years
[12-Mar-2026 11:28:33 Africa/Lagos] ROUTER END: Successfully served /home/academixsuite/public_html/tenant/{school-slug}/admin/add-new-student.php
[12-Mar-2026 11:29:04 Africa/Lagos] === ADD STUDENT PAGE START ===
[12-Mar-2026 11:29:04 Africa/Lagos] Request URI: /tenant/bitflux-wallet-1771434696/admin/add-new-student.php?ajax=get_sections&class_id=4
[12-Mar-2026 11:29:04 Africa/Lagos] Script: /home/academixsuite/public_html/tenant/{school-slug}/admin/add-new-student.php
[12-Mar-2026 11:29:04 Africa/Lagos] Request Method: GET
[12-Mar-2026 11:29:04 Africa/Lagos] Session ID: e6537039b23d0cd6c8592a82d470eee8
[12-Mar-2026 11:29:04 Africa/Lagos] School Slug: bitflux-wallet-1771434696
[12-Mar-2026 11:29:04 Africa/Lagos] User Type: admin
[12-Mar-2026 11:29:04 Africa/Lagos] Current Page: add-new-student.php
[12-Mar-2026 11:29:04 Africa/Lagos] School ID: 6
[12-Mar-2026 11:29:04 Africa/Lagos] School Name: bitflux wallet
[12-Mar-2026 11:29:04 Africa/Lagos] Authenticated User ID: 1
[12-Mar-2026 11:29:04 Africa/Lagos] Authenticated User Type: admin
[12-Mar-2026 11:29:04 Africa/Lagos] Loading autoload from: /home/academixsuite/public_html/tenant/{school-slug}/admin/../../../includes/autoload.php
[12-Mar-2026 11:29:04 Africa/Lagos] Autoload loaded successfully
[12-Mar-2026 11:29:04 Africa/Lagos] Database class found
[12-Mar-2026 11:29:04 Africa/Lagos] Loading StudentManager from: /home/academixsuite/public_html/tenant/{school-slug}/admin/../../../includes/StudentManager.php
[12-Mar-2026 11:29:04 Africa/Lagos] StudentManager loaded successfully
[12-Mar-2026 11:29:04 Africa/Lagos] Attempting to connect to database: school_6
[12-Mar-2026 11:29:04 Africa/Lagos] School database connection successful for: school_6
[12-Mar-2026 11:29:04 Africa/Lagos] Database connection PDO object: PDO
[12-Mar-2026 11:29:04 Africa/Lagos] Initializing StudentManager with parameters:
[12-Mar-2026 11:29:04 Africa/Lagos] - School ID: 6
[12-Mar-2026 11:29:04 Africa/Lagos] - User ID: 1
[12-Mar-2026 11:29:04 Africa/Lagos] - User Type: admin
[12-Mar-2026 11:29:04 Africa/Lagos] StudentManager initialized for school ID: 6
[12-Mar-2026 11:29:04 Africa/Lagos] StudentManager initialized successfully
[12-Mar-2026 11:29:04 Africa/Lagos] Starting data fetch from database
[12-Mar-2026 11:29:04 Africa/Lagos] Loaded 21 settings records
[12-Mar-2026 11:29:04 Africa/Lagos] Loaded user data for ID: 1
[12-Mar-2026 11:29:04 Africa/Lagos] Loaded 1 academic years
[12-Mar-2026 11:29:04 Africa/Lagos] Loaded 16 classes
[12-Mar-2026 11:29:04 Africa/Lagos] Retrieved 1 sections for class ID: 4
[12-Mar-2026 11:29:04 Africa/Lagos] Loaded 1 sections for class 4
[12-Mar-2026 11:29:04 Africa/Lagos] Processing AJAX request: get_sections
[12-Mar-2026 11:29:04 Africa/Lagos] Retrieved 1 sections for class ID: 4
[12-Mar-2026 11:31:17 Africa/Lagos] === ADD STUDENT PAGE START ===
[12-Mar-2026 11:31:17 Africa/Lagos] Request URI: /tenant/bitflux-wallet-1771434696/admin/add-new-student.php?ajax=search_parents&term=una
[12-Mar-2026 11:31:17 Africa/Lagos] Script: /home/academixsuite/public_html/tenant/{school-slug}/admin/add-new-student.php
[12-Mar-2026 11:31:17 Africa/Lagos] Request Method: GET
[12-Mar-2026 11:31:17 Africa/Lagos] Session ID: e6537039b23d0cd6c8592a82d470eee8
[12-Mar-2026 11:31:17 Africa/Lagos] School Slug: bitflux-wallet-1771434696
[12-Mar-2026 11:31:17 Africa/Lagos] User Type: admin
[12-Mar-2026 11:31:17 Africa/Lagos] Current Page: add-new-student.php
[12-Mar-2026 11:31:17 Africa/Lagos] School ID: 6
[12-Mar-2026 11:31:17 Africa/Lagos] School Name: bitflux wallet
[12-Mar-2026 11:31:17 Africa/Lagos] Authenticated User ID: 1
[12-Mar-2026 11:31:17 Africa/Lagos] Authenticated User Type: admin
[12-Mar-2026 11:31:17 Africa/Lagos] Loading autoload from: /home/academixsuite/public_html/tenant/{school-slug}/admin/../../../includes/autoload.php
[12-Mar-2026 11:31:17 Africa/Lagos] Autoload loaded successfully
[12-Mar-2026 11:31:17 Africa/Lagos] Database class found
[12-Mar-2026 11:31:17 Africa/Lagos] Loading StudentManager from: /home/academixsuite/public_html/tenant/{school-slug}/admin/../../../includes/StudentManager.php
[12-Mar-2026 11:31:17 Africa/Lagos] StudentManager loaded successfully
[12-Mar-2026 11:31:17 Africa/Lagos] Attempting to connect to database: school_6
[12-Mar-2026 11:31:17 Africa/Lagos] School database connection successful for: school_6
[12-Mar-2026 11:31:17 Africa/Lagos] Database connection PDO object: PDO
[12-Mar-2026 11:31:17 Africa/Lagos] Initializing StudentManager with parameters:
[12-Mar-2026 11:31:17 Africa/Lagos] - School ID: 6
[12-Mar-2026 11:31:17 Africa/Lagos] - User ID: 1
[12-Mar-2026 11:31:17 Africa/Lagos] - User Type: admin
[12-Mar-2026 11:31:17 Africa/Lagos] StudentManager initialized for school ID: 6
[12-Mar-2026 11:31:17 Africa/Lagos] StudentManager initialized successfully
[12-Mar-2026 11:31:17 Africa/Lagos] Starting data fetch from database
[12-Mar-2026 11:31:17 Africa/Lagos] Loaded 21 settings records
[12-Mar-2026 11:31:17 Africa/Lagos] Loaded user data for ID: 1
[12-Mar-2026 11:31:17 Africa/Lagos] Loaded 1 academic years
[12-Mar-2026 11:31:17 Africa/Lagos] Loaded 16 classes
[12-Mar-2026 11:31:17 Africa/Lagos] Processing AJAX request: search_parents
[12-Mar-2026 11:31:17 Africa/Lagos] Searching parents with term: una
[12-Mar-2026 11:31:17 Africa/Lagos] Found 1 parents matching term
[12-Mar-2026 11:33:48 Africa/Lagos] === ADD STUDENT PAGE START ===
[12-Mar-2026 11:33:48 Africa/Lagos] Request URI: /tenant/bitflux-wallet-1771434696/admin/add-new-student.php
[12-Mar-2026 11:33:48 Africa/Lagos] Script: /home/academixsuite/public_html/tenant/{school-slug}/admin/add-new-student.php
[12-Mar-2026 11:33:48 Africa/Lagos] Request Method: POST
[12-Mar-2026 11:33:48 Africa/Lagos] Session ID: e6537039b23d0cd6c8592a82d470eee8
[12-Mar-2026 11:33:48 Africa/Lagos] School Slug: bitflux-wallet-1771434696
[12-Mar-2026 11:33:48 Africa/Lagos] User Type: admin
[12-Mar-2026 11:33:48 Africa/Lagos] Current Page: add-new-student.php
[12-Mar-2026 11:33:48 Africa/Lagos] School ID: 6
[12-Mar-2026 11:33:48 Africa/Lagos] School Name: bitflux wallet
[12-Mar-2026 11:33:48 Africa/Lagos] Authenticated User ID: 1
[12-Mar-2026 11:33:48 Africa/Lagos] Authenticated User Type: admin
[12-Mar-2026 11:33:48 Africa/Lagos] Loading autoload from: /home/academixsuite/public_html/tenant/{school-slug}/admin/../../../includes/autoload.php
[12-Mar-2026 11:33:48 Africa/Lagos] Autoload loaded successfully
[12-Mar-2026 11:33:48 Africa/Lagos] Database class found
[12-Mar-2026 11:33:48 Africa/Lagos] Loading StudentManager from: /home/academixsuite/public_html/tenant/{school-slug}/admin/../../../includes/StudentManager.php
[12-Mar-2026 11:33:48 Africa/Lagos] StudentManager loaded successfully
[12-Mar-2026 11:33:48 Africa/Lagos] Attempting to connect to database: school_6
[12-Mar-2026 11:33:48 Africa/Lagos] School database connection successful for: school_6
[12-Mar-2026 11:33:48 Africa/Lagos] Database connection PDO object: PDO
[12-Mar-2026 11:33:48 Africa/Lagos] Initializing StudentManager with parameters:
[12-Mar-2026 11:33:48 Africa/Lagos] - School ID: 6
[12-Mar-2026 11:33:48 Africa/Lagos] - User ID: 1
[12-Mar-2026 11:33:48 Africa/Lagos] - User Type: admin
[12-Mar-2026 11:33:48 Africa/Lagos] StudentManager initialized for school ID: 6
[12-Mar-2026 11:33:48 Africa/Lagos] StudentManager initialized successfully
[12-Mar-2026 11:33:48 Africa/Lagos] POST data received. Fields: csrf_token, academic_year, class, section, roll_number, admission_date, first_name, middle_name, last_name, gender, date_of_birth, student_phone, student_email, existing_parent_id, blood_group, allergies, medical_conditions, current_address, permanent_address, previous_school, previous_class, transfer_certificate_no
[12-Mar-2026 11:33:48 Africa/Lagos] Starting data fetch from database
[12-Mar-2026 11:33:48 Africa/Lagos] Loaded 21 settings records
[12-Mar-2026 11:33:48 Africa/Lagos] Loaded user data for ID: 1
[12-Mar-2026 11:33:48 Africa/Lagos] Loaded 1 academic years
[12-Mar-2026 11:33:48 Africa/Lagos] Loaded 16 classes
[12-Mar-2026 11:33:48 Africa/Lagos] === POST REQUEST DETECTED ===
[12-Mar-2026 11:33:48 Africa/Lagos] POST data keys: csrf_token, academic_year, class, section, roll_number, admission_date, first_name, middle_name, last_name, gender, date_of_birth, student_phone, student_email, existing_parent_id, blood_group, allergies, medical_conditions, current_address, permanent_address, previous_school, previous_class, transfer_certificate_no
[12-Mar-2026 11:33:48 Africa/Lagos] === PROCESSING FORM SUBMISSION ===
[12-Mar-2026 11:33:48 Africa/Lagos] Form submission detected via field presence
[12-Mar-2026 11:33:48 Africa/Lagos] CSRF validation PASSED
[12-Mar-2026 11:33:48 Africa/Lagos] Student data prepared for insertion:
[12-Mar-2026 11:33:48 Africa/Lagos] - Name: Unagbu Rita
[12-Mar-2026 11:33:48 Africa/Lagos] Validation PASSED - all required fields present
[12-Mar-2026 11:33:48 Africa/Lagos] Calling StudentManager->addStudent()
[12-Mar-2026 11:33:48 Africa/Lagos] === ADD STUDENT START ===
[12-Mar-2026 11:33:48 Africa/Lagos] School ID: 6
[12-Mar-2026 11:33:48 Africa/Lagos] User ID: 1
[12-Mar-2026 11:33:48 Africa/Lagos] Data received: ["academic_year_id","class_id","section_id","roll_number","admission_date","first_name","middle_name","last_name","gender","date_of_birth","student_email","student_phone","guardian_name","guardian_email","guardian_phone","guardian_relation","guardian_address","existing_parent_id","blood_group","allergies","medical_conditions","doctor_name","doctor_phone","current_address","permanent_address","previous_school","previous_class","transfer_certificate_no"]
[12-Mar-2026 11:33:48 Africa/Lagos] Transaction started
[12-Mar-2026 11:33:48 Africa/Lagos] Validation passed
[12-Mar-2026 11:33:48 Africa/Lagos] Generating admission number for academic year ID: 1
[12-Mar-2026 11:33:48 Africa/Lagos] Using academic year: 2025-2026 (Year: 2025)
[12-Mar-2026 11:33:48 Africa/Lagos] Generated admission number: BIT-2025-0008
[12-Mar-2026 11:33:48 Africa/Lagos] Generated admission number: BIT-2025-0008
[12-Mar-2026 11:33:48 Africa/Lagos] Generated random password of length: 8
[12-Mar-2026 11:33:48 Africa/Lagos] Student password generated (hashed)
[12-Mar-2026 11:33:48 Africa/Lagos] Creating student user account:
[12-Mar-2026 11:33:48 Africa/Lagos] - Full name: Unagbu Chioma Rita
[12-Mar-2026 11:33:48 Africa/Lagos] - Email: unagbusimon018@gmail.com
[12-Mar-2026 11:33:48 Africa/Lagos] - Username: unagbusimon018
[12-Mar-2026 11:33:48 Africa/Lagos] Student user created with ID: 66
[12-Mar-2026 11:33:48 Africa/Lagos] Student role assigned to user ID: 66
[12-Mar-2026 11:33:48 Africa/Lagos] Getting default campus ID for school: 6
[12-Mar-2026 11:33:48 Africa/Lagos] Error getting default campus: SQLSTATE[42S22]: Column not found: 1054 Unknown column 'is_default' in 'WHERE'
[12-Mar-2026 11:33:48 Africa/Lagos] Campus ID: null
[12-Mar-2026 11:33:48 Africa/Lagos] Inserting student record...
[12-Mar-2026 11:33:48 Africa/Lagos] Student insert params prepared: [6,null,"66","BIT-2025-0008","1",4,5,"2025-09-11","Unagbu","Chioma","Rita","2023-07-09"]...
[12-Mar-2026 11:33:48 Africa/Lagos] === STUDENT RECORD CREATED SUCCESSFULLY ===
[12-Mar-2026 11:33:48 Africa/Lagos] Student ID: 22
[12-Mar-2026 11:33:48 Africa/Lagos] Admission Number: BIT-2025-0008
[12-Mar-2026 11:33:48 Africa/Lagos] Using existing parent ID: 53
[12-Mar-2026 11:33:48 Africa/Lagos] Creating guardian relationship - Parent: 53, Student: 22, Relationship: guardian
[12-Mar-2026 11:33:48 Africa/Lagos] Guardian relationship created successfully
[12-Mar-2026 11:33:48 Africa/Lagos] Stored temporary password for student ID: 66
[12-Mar-2026 11:33:48 Africa/Lagos] Creating audit log entry
[12-Mar-2026 11:33:48 Africa/Lagos] Audit log created successfully
[12-Mar-2026 11:33:48 Africa/Lagos] Transaction committed successfully
[12-Mar-2026 11:33:48 Africa/Lagos] Attempting to send login emails
[12-Mar-2026 11:33:48 Africa/Lagos] === SENDING LOGIN EMAILS ===
[12-Mar-2026 11:33:48 Africa/Lagos] Sending email to student: unagbusimon018@gmail.com
[12-Mar-2026 11:33:48 Africa/Lagos] Attempting to send email to: unagbusimon018@gmail.com
[12-Mar-2026 11:33:48 Africa/Lagos] Email sent successfully via mail() function
[12-Mar-2026 11:33:48 Africa/Lagos] Student email sent successfully
[12-Mar-2026 11:33:48 Africa/Lagos] No parent to email or parent ID not provided
[12-Mar-2026 11:33:48 Africa/Lagos] Email sending completed with 0 errors
[12-Mar-2026 11:33:48 Africa/Lagos] === ADD STUDENT COMPLETED SUCCESSFULLY ===
[12-Mar-2026 11:33:48 Africa/Lagos] Return message: Student added successfully! Admission Number: BIT-2025-0008
[12-Mar-2026 11:33:48 Africa/Lagos] StudentManager->addStudent() completed in 290.97ms
[12-Mar-2026 11:33:48 Africa/Lagos] === STUDENT ADDED SUCCESSFULLY ===
[12-Mar-2026 11:33:48 Africa/Lagos] Student ID: 22
[12-Mar-2026 11:33:48 Africa/Lagos] Message: Student added successfully! Admission Number: BIT-2025-0008
[12-Mar-2026 11:33:48 Africa/Lagos] Redirecting to student list: student-list.php
[12-Mar-2026 11:33:57 Africa/Lagos] === ADD STUDENT PAGE START ===
[12-Mar-2026 11:33:57 Africa/Lagos] Request URI: /tenant/bitflux-wallet-1771434696/admin/add-new-student.php
[12-Mar-2026 11:33:57 Africa/Lagos] Script: /home/academixsuite/public_html/tenant/{school-slug}/admin/add-new-student.php
[12-Mar-2026 11:33:57 Africa/Lagos] Request Method: GET
[12-Mar-2026 11:33:57 Africa/Lagos] Session ID: e6537039b23d0cd6c8592a82d470eee8
[12-Mar-2026 11:33:57 Africa/Lagos] School Slug: bitflux-wallet-1771434696
[12-Mar-2026 11:33:57 Africa/Lagos] User Type: admin
[12-Mar-2026 11:33:57 Africa/Lagos] Current Page: add-new-student.php
[12-Mar-2026 11:33:57 Africa/Lagos] School ID: 6
[12-Mar-2026 11:33:57 Africa/Lagos] School Name: bitflux wallet
[12-Mar-2026 11:33:57 Africa/Lagos] Authenticated User ID: 1
[12-Mar-2026 11:33:57 Africa/Lagos] Authenticated User Type: admin
[12-Mar-2026 11:33:57 Africa/Lagos] Loading autoload from: /home/academixsuite/public_html/tenant/{school-slug}/admin/../../../includes/autoload.php
[12-Mar-2026 11:33:57 Africa/Lagos] Autoload loaded successfully
[12-Mar-2026 11:33:57 Africa/Lagos] Database class found
[12-Mar-2026 11:33:57 Africa/Lagos] Loading StudentManager from: /home/academixsuite/public_html/tenant/{school-slug}/admin/../../../includes/StudentManager.php
[12-Mar-2026 11:33:57 Africa/Lagos] StudentManager loaded successfully
[12-Mar-2026 11:33:57 Africa/Lagos] Attempting to connect to database: school_6
[12-Mar-2026 11:33:57 Africa/Lagos] School database connection successful for: school_6
[12-Mar-2026 11:33:57 Africa/Lagos] Database connection PDO object: PDO
[12-Mar-2026 11:33:57 Africa/Lagos] Initializing StudentManager with parameters:
[12-Mar-2026 11:33:57 Africa/Lagos] - School ID: 6
[12-Mar-2026 11:33:57 Africa/Lagos] - User ID: 1
[12-Mar-2026 11:33:57 Africa/Lagos] - User Type: admin
[12-Mar-2026 11:33:57 Africa/Lagos] StudentManager initialized for school ID: 6
[12-Mar-2026 11:33:57 Africa/Lagos] StudentManager initialized successfully
[12-Mar-2026 11:33:57 Africa/Lagos] Starting data fetch from database
[12-Mar-2026 11:33:57 Africa/Lagos] Loaded 21 settings records
[12-Mar-2026 11:33:57 Africa/Lagos] Loaded user data for ID: 1
[12-Mar-2026 11:33:57 Africa/Lagos] Loaded 1 academic years
[12-Mar-2026 11:33:57 Africa/Lagos] Loaded 16 classes
[12-Mar-2026 11:33:57 Africa/Lagos] === ADD STUDENT PAGE END ===
[12-Mar-2026 11:33:57 Africa/Lagos] Page loaded with 16 classes, 1 academic years
[12-Mar-2026 11:33:57 Africa/Lagos] ROUTER END: Successfully served /home/academixsuite/public_html/tenant/{school-slug}/admin/add-new-student.php
[12-Mar-2026 11:34:05 Africa/Lagos] === ADD STUDENT PAGE START ===
[12-Mar-2026 11:34:05 Africa/Lagos] Request URI: /tenant/bitflux-wallet-1771434696/admin/add-new-student.php?ajax=get_sections&class_id=4
[12-Mar-2026 11:34:05 Africa/Lagos] Script: /home/academixsuite/public_html/tenant/{school-slug}/admin/add-new-student.php
[12-Mar-2026 11:34:05 Africa/Lagos] Request Method: GET
[12-Mar-2026 11:34:05 Africa/Lagos] Session ID: e6537039b23d0cd6c8592a82d470eee8
[12-Mar-2026 11:34:05 Africa/Lagos] School Slug: bitflux-wallet-1771434696
[12-Mar-2026 11:34:05 Africa/Lagos] User Type: admin
[12-Mar-2026 11:34:05 Africa/Lagos] Current Page: add-new-student.php
[12-Mar-2026 11:34:05 Africa/Lagos] School ID: 6
[12-Mar-2026 11:34:05 Africa/Lagos] School Name: bitflux wallet
[12-Mar-2026 11:34:05 Africa/Lagos] Authenticated User ID: 1
[12-Mar-2026 11:34:05 Africa/Lagos] Authenticated User Type: admin
[12-Mar-2026 11:34:05 Africa/Lagos] Loading autoload from: /home/academixsuite/public_html/tenant/{school-slug}/admin/../../../includes/autoload.php
[12-Mar-2026 11:34:05 Africa/Lagos] Autoload loaded successfully
[12-Mar-2026 11:34:05 Africa/Lagos] Database class found
[12-Mar-2026 11:34:05 Africa/Lagos] Loading StudentManager from: /home/academixsuite/public_html/tenant/{school-slug}/admin/../../../includes/StudentManager.php
[12-Mar-2026 11:34:05 Africa/Lagos] StudentManager loaded successfully
[12-Mar-2026 11:34:05 Africa/Lagos] Attempting to connect to database: school_6
[12-Mar-2026 11:34:05 Africa/Lagos] School database connection successful for: school_6
[12-Mar-2026 11:34:05 Africa/Lagos] Database connection PDO object: PDO
[12-Mar-2026 11:34:05 Africa/Lagos] Initializing StudentManager with parameters:
[12-Mar-2026 11:34:05 Africa/Lagos] - School ID: 6
[12-Mar-2026 11:34:05 Africa/Lagos] - User ID: 1
[12-Mar-2026 11:34:05 Africa/Lagos] - User Type: admin
[12-Mar-2026 11:34:05 Africa/Lagos] StudentManager initialized for school ID: 6
[12-Mar-2026 11:34:05 Africa/Lagos] StudentManager initialized successfully
[12-Mar-2026 11:34:05 Africa/Lagos] Starting data fetch from database
[12-Mar-2026 11:34:05 Africa/Lagos] Loaded 21 settings records
[12-Mar-2026 11:34:05 Africa/Lagos] Loaded user data for ID: 1
[12-Mar-2026 11:34:05 Africa/Lagos] Loaded 1 academic years
[12-Mar-2026 11:34:05 Africa/Lagos] Loaded 16 classes
[12-Mar-2026 11:34:05 Africa/Lagos] Retrieved 1 sections for class ID: 4
[12-Mar-2026 11:34:05 Africa/Lagos] Loaded 1 sections for class 4
[12-Mar-2026 11:34:05 Africa/Lagos] Processing AJAX request: get_sections
[12-Mar-2026 11:34:05 Africa/Lagos] Retrieved 1 sections for class ID: 4
[12-Mar-2026 11:36:01 Africa/Lagos] === ADD STUDENT PAGE START ===
[12-Mar-2026 11:36:01 Africa/Lagos] Request URI: /tenant/bitflux-wallet-1771434696/admin/add-new-student.php?ajax=search_parents&term=oko
[12-Mar-2026 11:36:01 Africa/Lagos] Script: /home/academixsuite/public_html/tenant/{school-slug}/admin/add-new-student.php
[12-Mar-2026 11:36:01 Africa/Lagos] Request Method: GET
[12-Mar-2026 11:36:01 Africa/Lagos] Session ID: e6537039b23d0cd6c8592a82d470eee8
[12-Mar-2026 11:36:01 Africa/Lagos] School Slug: bitflux-wallet-1771434696
[12-Mar-2026 11:36:01 Africa/Lagos] User Type: admin
[12-Mar-2026 11:36:01 Africa/Lagos] Current Page: add-new-student.php
[12-Mar-2026 11:36:01 Africa/Lagos] School ID: 6
[12-Mar-2026 11:36:01 Africa/Lagos] School Name: bitflux wallet
[12-Mar-2026 11:36:01 Africa/Lagos] Authenticated User ID: 1
[12-Mar-2026 11:36:01 Africa/Lagos] Authenticated User Type: admin
[12-Mar-2026 11:36:01 Africa/Lagos] Loading autoload from: /home/academixsuite/public_html/tenant/{school-slug}/admin/../../../includes/autoload.php
[12-Mar-2026 11:36:01 Africa/Lagos] Autoload loaded successfully
[12-Mar-2026 11:36:01 Africa/Lagos] Database class found
[12-Mar-2026 11:36:01 Africa/Lagos] Loading StudentManager from: /home/academixsuite/public_html/tenant/{school-slug}/admin/../../../includes/StudentManager.php
[12-Mar-2026 11:36:01 Africa/Lagos] StudentManager loaded successfully
[12-Mar-2026 11:36:01 Africa/Lagos] Attempting to connect to database: school_6
[12-Mar-2026 11:36:01 Africa/Lagos] School database connection successful for: school_6
[12-Mar-2026 11:36:01 Africa/Lagos] Database connection PDO object: PDO
[12-Mar-2026 11:36:01 Africa/Lagos] Initializing StudentManager with parameters:
[12-Mar-2026 11:36:01 Africa/Lagos] - School ID: 6
[12-Mar-2026 11:36:01 Africa/Lagos] - User ID: 1
[12-Mar-2026 11:36:01 Africa/Lagos] - User Type: admin
[12-Mar-2026 11:36:01 Africa/Lagos] StudentManager initialized for school ID: 6
[12-Mar-2026 11:36:01 Africa/Lagos] StudentManager initialized successfully
[12-Mar-2026 11:36:01 Africa/Lagos] Starting data fetch from database
[12-Mar-2026 11:36:01 Africa/Lagos] Loaded 21 settings records
[12-Mar-2026 11:36:01 Africa/Lagos] Loaded user data for ID: 1
[12-Mar-2026 11:36:01 Africa/Lagos] Loaded 1 academic years
[12-Mar-2026 11:36:01 Africa/Lagos] Loaded 16 classes
[12-Mar-2026 11:36:01 Africa/Lagos] Processing AJAX request: search_parents
[12-Mar-2026 11:36:01 Africa/Lagos] Searching parents with term: oko
[12-Mar-2026 11:36:01 Africa/Lagos] Found 2 parents matching term
[12-Mar-2026 11:36:22 Africa/Lagos] === ADD STUDENT PAGE START ===
[12-Mar-2026 11:36:22 Africa/Lagos] Request URI: /tenant/bitflux-wallet-1771434696/admin/add-new-student.php?ajax=search_parents&term=Okoye%20Ifunnanya%20Jennife
[12-Mar-2026 11:36:22 Africa/Lagos] Script: /home/academixsuite/public_html/tenant/{school-slug}/admin/add-new-student.php
[12-Mar-2026 11:36:22 Africa/Lagos] Request Method: GET
[12-Mar-2026 11:36:22 Africa/Lagos] Session ID: e6537039b23d0cd6c8592a82d470eee8
[12-Mar-2026 11:36:22 Africa/Lagos] School Slug: bitflux-wallet-1771434696
[12-Mar-2026 11:36:22 Africa/Lagos] User Type: admin
[12-Mar-2026 11:36:22 Africa/Lagos] Current Page: add-new-student.php
[12-Mar-2026 11:36:22 Africa/Lagos] School ID: 6
[12-Mar-2026 11:36:22 Africa/Lagos] School Name: bitflux wallet
[12-Mar-2026 11:36:22 Africa/Lagos] Authenticated User ID: 1
[12-Mar-2026 11:36:22 Africa/Lagos] Authenticated User Type: admin
[12-Mar-2026 11:36:22 Africa/Lagos] Loading autoload from: /home/academixsuite/public_html/tenant/{school-slug}/admin/../../../includes/autoload.php
[12-Mar-2026 11:36:22 Africa/Lagos] Autoload loaded successfully
[12-Mar-2026 11:36:22 Africa/Lagos] Database class found
[12-Mar-2026 11:36:22 Africa/Lagos] Loading StudentManager from: /home/academixsuite/public_html/tenant/{school-slug}/admin/../../../includes/StudentManager.php
[12-Mar-2026 11:36:22 Africa/Lagos] StudentManager loaded successfully
[12-Mar-2026 11:36:22 Africa/Lagos] Attempting to connect to database: school_6
[12-Mar-2026 11:36:22 Africa/Lagos] School database connection successful for: school_6
[12-Mar-2026 11:36:22 Africa/Lagos] Database connection PDO object: PDO
[12-Mar-2026 11:36:22 Africa/Lagos] Initializing StudentManager with parameters:
[12-Mar-2026 11:36:22 Africa/Lagos] - School ID: 6
[12-Mar-2026 11:36:22 Africa/Lagos] - User ID: 1
[12-Mar-2026 11:36:22 Africa/Lagos] - User Type: admin
[12-Mar-2026 11:36:22 Africa/Lagos] StudentManager initialized for school ID: 6
[12-Mar-2026 11:36:22 Africa/Lagos] StudentManager initialized successfully
[12-Mar-2026 11:36:22 Africa/Lagos] Starting data fetch from database
[12-Mar-2026 11:36:22 Africa/Lagos] Loaded 21 settings records
[12-Mar-2026 11:36:22 Africa/Lagos] Loaded user data for ID: 1
[12-Mar-2026 11:36:22 Africa/Lagos] Loaded 1 academic years
[12-Mar-2026 11:36:22 Africa/Lagos] Loaded 16 classes
[12-Mar-2026 11:36:22 Africa/Lagos] Processing AJAX request: search_parents
[12-Mar-2026 11:36:22 Africa/Lagos] Searching parents with term: Okoye Ifunnanya Jennife
[12-Mar-2026 11:36:22 Africa/Lagos] Found 1 parents matching term
[12-Mar-2026 11:36:25 Africa/Lagos] === ADD STUDENT PAGE START ===
[12-Mar-2026 11:36:25 Africa/Lagos] Request URI: /tenant/bitflux-wallet-1771434696/admin/add-new-student.php?ajax=search_parents&term=oko
[12-Mar-2026 11:36:25 Africa/Lagos] Script: /home/academixsuite/public_html/tenant/{school-slug}/admin/add-new-student.php
[12-Mar-2026 11:36:25 Africa/Lagos] Request Method: GET
[12-Mar-2026 11:36:25 Africa/Lagos] Session ID: e6537039b23d0cd6c8592a82d470eee8
[12-Mar-2026 11:36:25 Africa/Lagos] School Slug: bitflux-wallet-1771434696
[12-Mar-2026 11:36:25 Africa/Lagos] User Type: admin
[12-Mar-2026 11:36:25 Africa/Lagos] Current Page: add-new-student.php
[12-Mar-2026 11:36:25 Africa/Lagos] School ID: 6
[12-Mar-2026 11:36:25 Africa/Lagos] School Name: bitflux wallet
[12-Mar-2026 11:36:25 Africa/Lagos] Authenticated User ID: 1
[12-Mar-2026 11:36:25 Africa/Lagos] Authenticated User Type: admin
[12-Mar-2026 11:36:25 Africa/Lagos] Loading autoload from: /home/academixsuite/public_html/tenant/{school-slug}/admin/../../../includes/autoload.php
[12-Mar-2026 11:36:25 Africa/Lagos] Autoload loaded successfully
[12-Mar-2026 11:36:25 Africa/Lagos] Database class found
[12-Mar-2026 11:36:25 Africa/Lagos] Loading StudentManager from: /home/academixsuite/public_html/tenant/{school-slug}/admin/../../../includes/StudentManager.php
[12-Mar-2026 11:36:25 Africa/Lagos] StudentManager loaded successfully
[12-Mar-2026 11:36:25 Africa/Lagos] Attempting to connect to database: school_6
[12-Mar-2026 11:36:25 Africa/Lagos] School database connection successful for: school_6
[12-Mar-2026 11:36:25 Africa/Lagos] Database connection PDO object: PDO
[12-Mar-2026 11:36:25 Africa/Lagos] Initializing StudentManager with parameters:
[12-Mar-2026 11:36:25 Africa/Lagos] - School ID: 6
[12-Mar-2026 11:36:25 Africa/Lagos] - User ID: 1
[12-Mar-2026 11:36:25 Africa/Lagos] - User Type: admin
[12-Mar-2026 11:36:25 Africa/Lagos] StudentManager initialized for school ID: 6
[12-Mar-2026 11:36:25 Africa/Lagos] StudentManager initialized successfully
[12-Mar-2026 11:36:25 Africa/Lagos] Starting data fetch from database
[12-Mar-2026 11:36:25 Africa/Lagos] Loaded 21 settings records
[12-Mar-2026 11:36:25 Africa/Lagos] Loaded user data for ID: 1
[12-Mar-2026 11:36:25 Africa/Lagos] Loaded 1 academic years
[12-Mar-2026 11:36:25 Africa/Lagos] Loaded 16 classes
[12-Mar-2026 11:36:25 Africa/Lagos] Processing AJAX request: search_parents
[12-Mar-2026 11:36:25 Africa/Lagos] Searching parents with term: oko
[12-Mar-2026 11:36:25 Africa/Lagos] Found 2 parents matching term
[12-Mar-2026 11:37:56 Africa/Lagos] === ADD STUDENT PAGE START ===
[12-Mar-2026 11:37:56 Africa/Lagos] Request URI: /tenant/bitflux-wallet-1771434696/admin/add-new-student.php
[12-Mar-2026 11:37:56 Africa/Lagos] Script: /home/academixsuite/public_html/tenant/{school-slug}/admin/add-new-student.php
[12-Mar-2026 11:37:56 Africa/Lagos] Request Method: POST
[12-Mar-2026 11:37:56 Africa/Lagos] Session ID: e6537039b23d0cd6c8592a82d470eee8
[12-Mar-2026 11:37:56 Africa/Lagos] School Slug: bitflux-wallet-1771434696
[12-Mar-2026 11:37:56 Africa/Lagos] User Type: admin
[12-Mar-2026 11:37:56 Africa/Lagos] Current Page: add-new-student.php
[12-Mar-2026 11:37:56 Africa/Lagos] School ID: 6
[12-Mar-2026 11:37:56 Africa/Lagos] School Name: bitflux wallet
[12-Mar-2026 11:37:56 Africa/Lagos] Authenticated User ID: 1
[12-Mar-2026 11:37:56 Africa/Lagos] Authenticated User Type: admin
[12-Mar-2026 11:37:56 Africa/Lagos] Loading autoload from: /home/academixsuite/public_html/tenant/{school-slug}/admin/../../../includes/autoload.php
[12-Mar-2026 11:37:56 Africa/Lagos] Autoload loaded successfully
[12-Mar-2026 11:37:56 Africa/Lagos] Database class found
[12-Mar-2026 11:37:56 Africa/Lagos] Loading StudentManager from: /home/academixsuite/public_html/tenant/{school-slug}/admin/../../../includes/StudentManager.php
[12-Mar-2026 11:37:56 Africa/Lagos] StudentManager loaded successfully
[12-Mar-2026 11:37:56 Africa/Lagos] Attempting to connect to database: school_6
[12-Mar-2026 11:37:56 Africa/Lagos] School database connection successful for: school_6
[12-Mar-2026 11:37:56 Africa/Lagos] Database connection PDO object: PDO
[12-Mar-2026 11:37:56 Africa/Lagos] Initializing StudentManager with parameters:
[12-Mar-2026 11:37:56 Africa/Lagos] - School ID: 6
[12-Mar-2026 11:37:56 Africa/Lagos] - User ID: 1
[12-Mar-2026 11:37:56 Africa/Lagos] - User Type: admin
[12-Mar-2026 11:37:56 Africa/Lagos] StudentManager initialized for school ID: 6
[12-Mar-2026 11:37:56 Africa/Lagos] StudentManager initialized successfully
[12-Mar-2026 11:37:56 Africa/Lagos] POST data received. Fields: csrf_token, academic_year, class, section, roll_number, admission_date, first_name, middle_name, last_name, gender, date_of_birth, student_phone, student_email, existing_parent_id, blood_group, allergies, medical_conditions, current_address, permanent_address, previous_school, previous_class, transfer_certificate_no
[12-Mar-2026 11:37:56 Africa/Lagos] Starting data fetch from database
[12-Mar-2026 11:37:56 Africa/Lagos] Loaded 21 settings records
[12-Mar-2026 11:37:56 Africa/Lagos] Loaded user data for ID: 1
[12-Mar-2026 11:37:56 Africa/Lagos] Loaded 1 academic years
[12-Mar-2026 11:37:56 Africa/Lagos] Loaded 16 classes
[12-Mar-2026 11:37:56 Africa/Lagos] === POST REQUEST DETECTED ===
[12-Mar-2026 11:37:56 Africa/Lagos] POST data keys: csrf_token, academic_year, class, section, roll_number, admission_date, first_name, middle_name, last_name, gender, date_of_birth, student_phone, student_email, existing_parent_id, blood_group, allergies, medical_conditions, current_address, permanent_address, previous_school, previous_class, transfer_certificate_no
[12-Mar-2026 11:37:56 Africa/Lagos] === PROCESSING FORM SUBMISSION ===
[12-Mar-2026 11:37:56 Africa/Lagos] Form submission detected via field presence
[12-Mar-2026 11:37:56 Africa/Lagos] CSRF validation PASSED
[12-Mar-2026 11:37:56 Africa/Lagos] Student data prepared for insertion:
[12-Mar-2026 11:37:56 Africa/Lagos] - Name: Okoye Maryann
[12-Mar-2026 11:37:56 Africa/Lagos] Validation PASSED - all required fields present
[12-Mar-2026 11:37:56 Africa/Lagos] Calling StudentManager->addStudent()
[12-Mar-2026 11:37:56 Africa/Lagos] === ADD STUDENT START ===
[12-Mar-2026 11:37:56 Africa/Lagos] School ID: 6
[12-Mar-2026 11:37:56 Africa/Lagos] User ID: 1
[12-Mar-2026 11:37:56 Africa/Lagos] Data received: ["academic_year_id","class_id","section_id","roll_number","admission_date","first_name","middle_name","last_name","gender","date_of_birth","student_email","student_phone","guardian_name","guardian_email","guardian_phone","guardian_relation","guardian_address","existing_parent_id","blood_group","allergies","medical_conditions","doctor_name","doctor_phone","current_address","permanent_address","previous_school","previous_class","transfer_certificate_no"]
[12-Mar-2026 11:37:56 Africa/Lagos] Transaction started
[12-Mar-2026 11:37:56 Africa/Lagos] Validation passed
[12-Mar-2026 11:37:56 Africa/Lagos] Generating admission number for academic year ID: 1
[12-Mar-2026 11:37:56 Africa/Lagos] Using academic year: 2025-2026 (Year: 2025)
[12-Mar-2026 11:37:56 Africa/Lagos] Generated admission number: BIT-2025-0009
[12-Mar-2026 11:37:56 Africa/Lagos] Generated admission number: BIT-2025-0009
[12-Mar-2026 11:37:56 Africa/Lagos] Student email already exists, generating with timestamp
[12-Mar-2026 11:37:56 Africa/Lagos] Generating professional email for: Okoye Maryann (student)
[12-Mar-2026 11:37:56 Africa/Lagos] Base email generated: okoye.maryann@student.bitflux-wallet-1771434696
[12-Mar-2026 11:37:56 Africa/Lagos] Email is unique: okoye.maryann@student.bitflux-wallet-1771434696
[12-Mar-2026 11:37:56 Africa/Lagos] New student email: okoye.maryann@student.bitflux-wallet-1771434696.1773311876
[12-Mar-2026 11:37:56 Africa/Lagos] Generated random password of length: 8
[12-Mar-2026 11:37:57 Africa/Lagos] Student password generated (hashed)
[12-Mar-2026 11:37:57 Africa/Lagos] Creating student user account:
[12-Mar-2026 11:37:57 Africa/Lagos] - Full name: Okoye Nwabuogo Maryann
[12-Mar-2026 11:37:57 Africa/Lagos] - Email: okoye.maryann@student.bitflux-wallet-1771434696.1773311876
[12-Mar-2026 11:37:57 Africa/Lagos] - Username: okoye.maryann
[12-Mar-2026 11:37:57 Africa/Lagos] Transaction rolled back due to error
[12-Mar-2026 11:37:57 Africa/Lagos] === ADD STUDENT FAILED ===
[12-Mar-2026 11:37:57 Africa/Lagos] Error: SQLSTATE[23000]: Integrity constraint violation: 1062 Duplicate entry '6-08144162281' for key 'unique_phone_school'
[12-Mar-2026 11:37:57 Africa/Lagos] Stack trace: #0 /home/academixsuite/public_html/includes/StudentManager.php(470): PDOStatement->execute(Array)
#1 /home/academixsuite/public_html/tenant/{school-slug}/admin/add-new-student.php(470): StudentManager->addStudent(Array)
#2 /home/academixsuite/public_html/tenant/router.php(365): require_once('/home/academixs...')
#3 {main}
[12-Mar-2026 11:37:57 Africa/Lagos] PDO Error Info: ["23000",1062,"Duplicate entry '6-08144162281' for key 'unique_phone_school'"]
[12-Mar-2026 11:37:57 Africa/Lagos] StudentManager->addStudent() completed in 203.59ms
[12-Mar-2026 11:37:57 Africa/Lagos] === STUDENT ADDITION FAILED ===
[12-Mar-2026 11:37:57 Africa/Lagos] Error message: Error adding student: SQLSTATE[23000]: Integrity constraint violation: 1062 Duplicate entry '6-08144162281' for key 'unique_phone_school'
[12-Mar-2026 11:37:57 Africa/Lagos] Redirecting back to add form: add-new-student.php
[12-Mar-2026 11:37:57 Africa/Lagos] === ADD STUDENT PAGE START ===
[12-Mar-2026 11:37:57 Africa/Lagos] Request URI: /tenant/bitflux-wallet-1771434696/admin/add-new-student.php
[12-Mar-2026 11:37:57 Africa/Lagos] Script: /home/academixsuite/public_html/tenant/{school-slug}/admin/add-new-student.php
[12-Mar-2026 11:37:57 Africa/Lagos] Request Method: GET
[12-Mar-2026 11:37:57 Africa/Lagos] Session ID: e6537039b23d0cd6c8592a82d470eee8
[12-Mar-2026 11:37:57 Africa/Lagos] School Slug: bitflux-wallet-1771434696
[12-Mar-2026 11:37:57 Africa/Lagos] User Type: admin
[12-Mar-2026 11:37:57 Africa/Lagos] Current Page: add-new-student.php
[12-Mar-2026 11:37:57 Africa/Lagos] School ID: 6
[12-Mar-2026 11:37:57 Africa/Lagos] School Name: bitflux wallet
[12-Mar-2026 11:37:57 Africa/Lagos] Authenticated User ID: 1
[12-Mar-2026 11:37:57 Africa/Lagos] Authenticated User Type: admin
[12-Mar-2026 11:37:57 Africa/Lagos] Loading autoload from: /home/academixsuite/public_html/tenant/{school-slug}/admin/../../../includes/autoload.php
[12-Mar-2026 11:37:57 Africa/Lagos] Autoload loaded successfully
[12-Mar-2026 11:37:57 Africa/Lagos] Database class found
[12-Mar-2026 11:37:57 Africa/Lagos] Loading StudentManager from: /home/academixsuite/public_html/tenant/{school-slug}/admin/../../../includes/StudentManager.php
[12-Mar-2026 11:37:57 Africa/Lagos] StudentManager loaded successfully
[12-Mar-2026 11:37:57 Africa/Lagos] Attempting to connect to database: school_6
[12-Mar-2026 11:37:57 Africa/Lagos] School database connection successful for: school_6
[12-Mar-2026 11:37:57 Africa/Lagos] Database connection PDO object: PDO
[12-Mar-2026 11:37:57 Africa/Lagos] Initializing StudentManager with parameters:
[12-Mar-2026 11:37:57 Africa/Lagos] - School ID: 6
[12-Mar-2026 11:37:57 Africa/Lagos] - User ID: 1
[12-Mar-2026 11:37:57 Africa/Lagos] - User Type: admin
[12-Mar-2026 11:37:57 Africa/Lagos] StudentManager initialized for school ID: 6
[12-Mar-2026 11:37:57 Africa/Lagos] StudentManager initialized successfully
[12-Mar-2026 11:37:57 Africa/Lagos] Starting data fetch from database
[12-Mar-2026 11:37:57 Africa/Lagos] Loaded 21 settings records
[12-Mar-2026 11:37:57 Africa/Lagos] Loaded user data for ID: 1
[12-Mar-2026 11:37:57 Africa/Lagos] Loaded 1 academic years
[12-Mar-2026 11:37:57 Africa/Lagos] Loaded 16 classes
[12-Mar-2026 11:37:57 Africa/Lagos] Restoring form data from session for repopulation
[12-Mar-2026 11:37:57 Africa/Lagos] === ADD STUDENT PAGE END ===
[12-Mar-2026 11:37:57 Africa/Lagos] Page loaded with 16 classes, 1 academic years
[12-Mar-2026 11:37:57 Africa/Lagos] ROUTER END: Successfully served /home/academixsuite/public_html/tenant/{school-slug}/admin/add-new-student.php
[12-Mar-2026 11:38:12 Africa/Lagos] === ADD STUDENT PAGE START ===
[12-Mar-2026 11:38:12 Africa/Lagos] Request URI: /tenant/bitflux-wallet-1771434696/admin/add-new-student.php
[12-Mar-2026 11:38:12 Africa/Lagos] Script: /home/academixsuite/public_html/tenant/{school-slug}/admin/add-new-student.php
[12-Mar-2026 11:38:12 Africa/Lagos] Request Method: POST
[12-Mar-2026 11:38:12 Africa/Lagos] Session ID: e6537039b23d0cd6c8592a82d470eee8
[12-Mar-2026 11:38:12 Africa/Lagos] School Slug: bitflux-wallet-1771434696
[12-Mar-2026 11:38:12 Africa/Lagos] User Type: admin
[12-Mar-2026 11:38:12 Africa/Lagos] Current Page: add-new-student.php
[12-Mar-2026 11:38:12 Africa/Lagos] School ID: 6
[12-Mar-2026 11:38:12 Africa/Lagos] School Name: bitflux wallet
[12-Mar-2026 11:38:12 Africa/Lagos] Authenticated User ID: 1
[12-Mar-2026 11:38:12 Africa/Lagos] Authenticated User Type: admin
[12-Mar-2026 11:38:12 Africa/Lagos] Loading autoload from: /home/academixsuite/public_html/tenant/{school-slug}/admin/../../../includes/autoload.php
[12-Mar-2026 11:38:12 Africa/Lagos] Autoload loaded successfully
[12-Mar-2026 11:38:12 Africa/Lagos] Database class found
[12-Mar-2026 11:38:12 Africa/Lagos] Loading StudentManager from: /home/academixsuite/public_html/tenant/{school-slug}/admin/../../../includes/StudentManager.php
[12-Mar-2026 11:38:12 Africa/Lagos] StudentManager loaded successfully
[12-Mar-2026 11:38:12 Africa/Lagos] Attempting to connect to database: school_6
[12-Mar-2026 11:38:12 Africa/Lagos] School database connection successful for: school_6
[12-Mar-2026 11:38:12 Africa/Lagos] Database connection PDO object: PDO
[12-Mar-2026 11:38:12 Africa/Lagos] Initializing StudentManager with parameters:
[12-Mar-2026 11:38:12 Africa/Lagos] - School ID: 6
[12-Mar-2026 11:38:12 Africa/Lagos] - User ID: 1
[12-Mar-2026 11:38:12 Africa/Lagos] - User Type: admin
[12-Mar-2026 11:38:12 Africa/Lagos] StudentManager initialized for school ID: 6
[12-Mar-2026 11:38:12 Africa/Lagos] StudentManager initialized successfully
[12-Mar-2026 11:38:12 Africa/Lagos] POST data received. Fields: csrf_token, academic_year, class, section, roll_number, admission_date, first_name, middle_name, last_name, gender, date_of_birth, student_phone, student_email, existing_parent_id, guardian_name, guardian_relation, guardian_phone, guardian_email, guardian_address, blood_group, allergies, medical_conditions, current_address, permanent_address, previous_school, previous_class, transfer_certificate_no
[12-Mar-2026 11:38:12 Africa/Lagos] Starting data fetch from database
[12-Mar-2026 11:38:12 Africa/Lagos] Loaded 21 settings records
[12-Mar-2026 11:38:12 Africa/Lagos] Loaded user data for ID: 1
[12-Mar-2026 11:38:12 Africa/Lagos] Loaded 1 academic years
[12-Mar-2026 11:38:12 Africa/Lagos] Loaded 16 classes
[12-Mar-2026 11:38:12 Africa/Lagos] === POST REQUEST DETECTED ===
[12-Mar-2026 11:38:12 Africa/Lagos] POST data keys: csrf_token, academic_year, class, section, roll_number, admission_date, first_name, middle_name, last_name, gender, date_of_birth, student_phone, student_email, existing_parent_id, guardian_name, guardian_relation, guardian_phone, guardian_email, guardian_address, blood_group, allergies, medical_conditions, current_address, permanent_address, previous_school, previous_class, transfer_certificate_no
[12-Mar-2026 11:38:12 Africa/Lagos] === PROCESSING FORM SUBMISSION ===
[12-Mar-2026 11:38:12 Africa/Lagos] Form submission detected via field presence
[12-Mar-2026 11:38:12 Africa/Lagos] CSRF validation PASSED
[12-Mar-2026 11:38:12 Africa/Lagos] Student data prepared for insertion:
[12-Mar-2026 11:38:12 Africa/Lagos] - Name: Okoye Maryann
[12-Mar-2026 11:38:12 Africa/Lagos] Validation PASSED - all required fields present
[12-Mar-2026 11:38:12 Africa/Lagos] Calling StudentManager->addStudent()
[12-Mar-2026 11:38:12 Africa/Lagos] === ADD STUDENT START ===
[12-Mar-2026 11:38:12 Africa/Lagos] School ID: 6
[12-Mar-2026 11:38:12 Africa/Lagos] User ID: 1
[12-Mar-2026 11:38:12 Africa/Lagos] Data received: ["academic_year_id","class_id","section_id","roll_number","admission_date","first_name","middle_name","last_name","gender","date_of_birth","student_email","student_phone","guardian_name","guardian_email","guardian_phone","guardian_relation","guardian_address","existing_parent_id","blood_group","allergies","medical_conditions","doctor_name","doctor_phone","current_address","permanent_address","previous_school","previous_class","transfer_certificate_no"]
[12-Mar-2026 11:38:12 Africa/Lagos] Transaction started
[12-Mar-2026 11:38:12 Africa/Lagos] Validation passed
[12-Mar-2026 11:38:12 Africa/Lagos] Generating admission number for academic year ID: 1
[12-Mar-2026 11:38:12 Africa/Lagos] Using academic year: 2025-2026 (Year: 2025)
[12-Mar-2026 11:38:12 Africa/Lagos] Generated admission number: BIT-2025-0009
[12-Mar-2026 11:38:12 Africa/Lagos] Generated admission number: BIT-2025-0009
[12-Mar-2026 11:38:12 Africa/Lagos] Student email already exists, generating with timestamp
[12-Mar-2026 11:38:12 Africa/Lagos] Generating professional email for: Okoye Maryann (student)
[12-Mar-2026 11:38:12 Africa/Lagos] Base email generated: okoye.maryann@student.bitflux-wallet-1771434696
[12-Mar-2026 11:38:12 Africa/Lagos] Email is unique: okoye.maryann@student.bitflux-wallet-1771434696
[12-Mar-2026 11:38:12 Africa/Lagos] New student email: okoye.maryann@student.bitflux-wallet-1771434696.1773311892
[12-Mar-2026 11:38:12 Africa/Lagos] Generated random password of length: 8
[12-Mar-2026 11:38:13 Africa/Lagos] Student password generated (hashed)
[12-Mar-2026 11:38:13 Africa/Lagos] Creating student user account:
[12-Mar-2026 11:38:13 Africa/Lagos] - Full name: Okoye Nwabuogo Maryann
[12-Mar-2026 11:38:13 Africa/Lagos] - Email: okoye.maryann@student.bitflux-wallet-1771434696.1773311892
[12-Mar-2026 11:38:13 Africa/Lagos] - Username: okoye.maryann
[12-Mar-2026 11:38:13 Africa/Lagos] Student user created with ID: 68
[12-Mar-2026 11:38:13 Africa/Lagos] Student role assigned to user ID: 68
[12-Mar-2026 11:38:13 Africa/Lagos] Getting default campus ID for school: 6
[12-Mar-2026 11:38:13 Africa/Lagos] Error getting default campus: SQLSTATE[42S22]: Column not found: 1054 Unknown column 'is_default' in 'WHERE'
[12-Mar-2026 11:38:13 Africa/Lagos] Campus ID: null
[12-Mar-2026 11:38:13 Africa/Lagos] Inserting student record...
[12-Mar-2026 11:38:13 Africa/Lagos] Student insert params prepared: [6,null,"68","BIT-2025-0009","1",4,null,"2025-09-11","Okoye","Nwabuogo","Maryann","2023-04-08"]...
[12-Mar-2026 11:38:13 Africa/Lagos] === STUDENT RECORD CREATED SUCCESSFULLY ===
[12-Mar-2026 11:38:13 Africa/Lagos] Student ID: 23
[12-Mar-2026 11:38:13 Africa/Lagos] Admission Number: BIT-2025-0009
[12-Mar-2026 11:38:13 Africa/Lagos] Using existing parent ID: 54
[12-Mar-2026 11:38:13 Africa/Lagos] Creating guardian relationship - Parent: 54, Student: 23, Relationship: guardian
[12-Mar-2026 11:38:13 Africa/Lagos] Guardian relationship created successfully
[12-Mar-2026 11:38:13 Africa/Lagos] Stored temporary password for student ID: 68
[12-Mar-2026 11:38:13 Africa/Lagos] Creating audit log entry
[12-Mar-2026 11:38:13 Africa/Lagos] Audit log created successfully
[12-Mar-2026 11:38:13 Africa/Lagos] Transaction committed successfully
[12-Mar-2026 11:38:13 Africa/Lagos] Attempting to send login emails
[12-Mar-2026 11:38:13 Africa/Lagos] === SENDING LOGIN EMAILS ===
[12-Mar-2026 11:38:13 Africa/Lagos] Sending email to student: okoye.maryann@student.bitflux-wallet-1771434696.1773311892
[12-Mar-2026 11:38:13 Africa/Lagos] Attempting to send email to: okoye.maryann@student.bitflux-wallet-1771434696.1773311892
[12-Mar-2026 11:38:13 Africa/Lagos] Email sent successfully via mail() function
[12-Mar-2026 11:38:13 Africa/Lagos] Student email sent successfully
[12-Mar-2026 11:38:13 Africa/Lagos] No parent to email or parent ID not provided
[12-Mar-2026 11:38:13 Africa/Lagos] Email sending completed with 0 errors
[12-Mar-2026 11:38:13 Africa/Lagos] === ADD STUDENT COMPLETED SUCCESSFULLY ===
[12-Mar-2026 11:38:13 Africa/Lagos] Return message: Student added successfully! Admission Number: BIT-2025-0009
[12-Mar-2026 11:38:13 Africa/Lagos] StudentManager->addStudent() completed in 294.47ms
[12-Mar-2026 11:38:13 Africa/Lagos] === STUDENT ADDED SUCCESSFULLY ===
[12-Mar-2026 11:38:13 Africa/Lagos] Student ID: 23
[12-Mar-2026 11:38:13 Africa/Lagos] Message: Student added successfully! Admission Number: BIT-2025-0009
[12-Mar-2026 11:38:13 Africa/Lagos] Redirecting to student list: student-list.php
[12-Mar-2026 11:39:42 Africa/Lagos] === ADD STUDENT PAGE START ===
[12-Mar-2026 11:39:42 Africa/Lagos] Request URI: /tenant/bitflux-wallet-1771434696/admin/add-new-student.php
[12-Mar-2026 11:39:42 Africa/Lagos] Script: /home/academixsuite/public_html/tenant/{school-slug}/admin/add-new-student.php
[12-Mar-2026 11:39:42 Africa/Lagos] Request Method: GET
[12-Mar-2026 11:39:42 Africa/Lagos] Session ID: e6537039b23d0cd6c8592a82d470eee8
[12-Mar-2026 11:39:42 Africa/Lagos] School Slug: bitflux-wallet-1771434696
[12-Mar-2026 11:39:42 Africa/Lagos] User Type: admin
[12-Mar-2026 11:39:42 Africa/Lagos] Current Page: add-new-student.php
[12-Mar-2026 11:39:42 Africa/Lagos] School ID: 6
[12-Mar-2026 11:39:42 Africa/Lagos] School Name: bitflux wallet
[12-Mar-2026 11:39:42 Africa/Lagos] Authenticated User ID: 1
[12-Mar-2026 11:39:42 Africa/Lagos] Authenticated User Type: admin
[12-Mar-2026 11:39:42 Africa/Lagos] Loading autoload from: /home/academixsuite/public_html/tenant/{school-slug}/admin/../../../includes/autoload.php
[12-Mar-2026 11:39:42 Africa/Lagos] Autoload loaded successfully
[12-Mar-2026 11:39:42 Africa/Lagos] Database class found
[12-Mar-2026 11:39:42 Africa/Lagos] Loading StudentManager from: /home/academixsuite/public_html/tenant/{school-slug}/admin/../../../includes/StudentManager.php
[12-Mar-2026 11:39:42 Africa/Lagos] StudentManager loaded successfully
[12-Mar-2026 11:39:42 Africa/Lagos] Attempting to connect to database: school_6
[12-Mar-2026 11:39:42 Africa/Lagos] School database connection successful for: school_6
[12-Mar-2026 11:39:42 Africa/Lagos] Database connection PDO object: PDO
[12-Mar-2026 11:39:42 Africa/Lagos] Initializing StudentManager with parameters:
[12-Mar-2026 11:39:42 Africa/Lagos] - School ID: 6
[12-Mar-2026 11:39:42 Africa/Lagos] - User ID: 1
[12-Mar-2026 11:39:42 Africa/Lagos] - User Type: admin
[12-Mar-2026 11:39:42 Africa/Lagos] StudentManager initialized for school ID: 6
[12-Mar-2026 11:39:42 Africa/Lagos] StudentManager initialized successfully
[12-Mar-2026 11:39:42 Africa/Lagos] Starting data fetch from database
[12-Mar-2026 11:39:42 Africa/Lagos] Loaded 21 settings records
[12-Mar-2026 11:39:42 Africa/Lagos] Loaded user data for ID: 1
[12-Mar-2026 11:39:42 Africa/Lagos] Loaded 1 academic years
[12-Mar-2026 11:39:42 Africa/Lagos] Loaded 16 classes
[12-Mar-2026 11:39:42 Africa/Lagos] === ADD STUDENT PAGE END ===
[12-Mar-2026 11:39:42 Africa/Lagos] Page loaded with 16 classes, 1 academic years
[12-Mar-2026 11:39:42 Africa/Lagos] ROUTER END: Successfully served /home/academixsuite/public_html/tenant/{school-slug}/admin/add-new-student.php
[12-Mar-2026 11:39:57 Africa/Lagos] === ADD STUDENT PAGE START ===
[12-Mar-2026 11:39:57 Africa/Lagos] Request URI: /tenant/bitflux-wallet-1771434696/admin/add-new-student.php?ajax=get_sections&class_id=5
[12-Mar-2026 11:39:57 Africa/Lagos] Script: /home/academixsuite/public_html/tenant/{school-slug}/admin/add-new-student.php
[12-Mar-2026 11:39:57 Africa/Lagos] Request Method: GET
[12-Mar-2026 11:39:57 Africa/Lagos] Session ID: e6537039b23d0cd6c8592a82d470eee8
[12-Mar-2026 11:39:57 Africa/Lagos] School Slug: bitflux-wallet-1771434696
[12-Mar-2026 11:39:57 Africa/Lagos] User Type: admin
[12-Mar-2026 11:39:57 Africa/Lagos] Current Page: add-new-student.php
[12-Mar-2026 11:39:57 Africa/Lagos] School ID: 6
[12-Mar-2026 11:39:57 Africa/Lagos] School Name: bitflux wallet
[12-Mar-2026 11:39:57 Africa/Lagos] Authenticated User ID: 1
[12-Mar-2026 11:39:57 Africa/Lagos] Authenticated User Type: admin
[12-Mar-2026 11:39:57 Africa/Lagos] Loading autoload from: /home/academixsuite/public_html/tenant/{school-slug}/admin/../../../includes/autoload.php
[12-Mar-2026 11:39:57 Africa/Lagos] Autoload loaded successfully
[12-Mar-2026 11:39:57 Africa/Lagos] Database class found
[12-Mar-2026 11:39:57 Africa/Lagos] Loading StudentManager from: /home/academixsuite/public_html/tenant/{school-slug}/admin/../../../includes/StudentManager.php
[12-Mar-2026 11:39:57 Africa/Lagos] StudentManager loaded successfully
[12-Mar-2026 11:39:57 Africa/Lagos] Attempting to connect to database: school_6
[12-Mar-2026 11:39:57 Africa/Lagos] School database connection successful for: school_6
[12-Mar-2026 11:39:57 Africa/Lagos] Database connection PDO object: PDO
[12-Mar-2026 11:39:57 Africa/Lagos] Initializing StudentManager with parameters:
[12-Mar-2026 11:39:57 Africa/Lagos] - School ID: 6
[12-Mar-2026 11:39:57 Africa/Lagos] - User ID: 1
[12-Mar-2026 11:39:57 Africa/Lagos] - User Type: admin
[12-Mar-2026 11:39:57 Africa/Lagos] StudentManager initialized for school ID: 6
[12-Mar-2026 11:39:57 Africa/Lagos] StudentManager initialized successfully
[12-Mar-2026 11:39:57 Africa/Lagos] Starting data fetch from database
[12-Mar-2026 11:39:57 Africa/Lagos] Loaded 21 settings records
[12-Mar-2026 11:39:57 Africa/Lagos] Loaded user data for ID: 1
[12-Mar-2026 11:39:57 Africa/Lagos] Loaded 1 academic years
[12-Mar-2026 11:39:57 Africa/Lagos] Loaded 16 classes
[12-Mar-2026 11:39:57 Africa/Lagos] Retrieved 0 sections for class ID: 5
[12-Mar-2026 11:39:57 Africa/Lagos] Loaded 0 sections for class 5
[12-Mar-2026 11:39:57 Africa/Lagos] Processing AJAX request: get_sections
[12-Mar-2026 11:39:57 Africa/Lagos] Retrieved 0 sections for class ID: 5
[12-Mar-2026 11:39:59 Africa/Lagos] === ADD STUDENT PAGE START ===
[12-Mar-2026 11:39:59 Africa/Lagos] Request URI: /tenant/bitflux-wallet-1771434696/admin/add-new-student.php?ajax=get_sections&class_id=4
[12-Mar-2026 11:39:59 Africa/Lagos] Script: /home/academixsuite/public_html/tenant/{school-slug}/admin/add-new-student.php
[12-Mar-2026 11:39:59 Africa/Lagos] Request Method: GET
[12-Mar-2026 11:39:59 Africa/Lagos] Session ID: e6537039b23d0cd6c8592a82d470eee8
[12-Mar-2026 11:39:59 Africa/Lagos] School Slug: bitflux-wallet-1771434696
[12-Mar-2026 11:39:59 Africa/Lagos] User Type: admin
[12-Mar-2026 11:39:59 Africa/Lagos] Current Page: add-new-student.php
[12-Mar-2026 11:39:59 Africa/Lagos] School ID: 6
[12-Mar-2026 11:39:59 Africa/Lagos] School Name: bitflux wallet
[12-Mar-2026 11:39:59 Africa/Lagos] Authenticated User ID: 1
[12-Mar-2026 11:39:59 Africa/Lagos] Authenticated User Type: admin
[12-Mar-2026 11:39:59 Africa/Lagos] Loading autoload from: /home/academixsuite/public_html/tenant/{school-slug}/admin/../../../includes/autoload.php
[12-Mar-2026 11:39:59 Africa/Lagos] Autoload loaded successfully
[12-Mar-2026 11:39:59 Africa/Lagos] Database class found
[12-Mar-2026 11:39:59 Africa/Lagos] Loading StudentManager from: /home/academixsuite/public_html/tenant/{school-slug}/admin/../../../includes/StudentManager.php
[12-Mar-2026 11:39:59 Africa/Lagos] StudentManager loaded successfully
[12-Mar-2026 11:39:59 Africa/Lagos] Attempting to connect to database: school_6
[12-Mar-2026 11:39:59 Africa/Lagos] School database connection successful for: school_6
[12-Mar-2026 11:39:59 Africa/Lagos] Database connection PDO object: PDO
[12-Mar-2026 11:39:59 Africa/Lagos] Initializing StudentManager with parameters:
[12-Mar-2026 11:39:59 Africa/Lagos] - School ID: 6
[12-Mar-2026 11:39:59 Africa/Lagos] - User ID: 1
[12-Mar-2026 11:39:59 Africa/Lagos] - User Type: admin
[12-Mar-2026 11:39:59 Africa/Lagos] StudentManager initialized for school ID: 6
[12-Mar-2026 11:39:59 Africa/Lagos] StudentManager initialized successfully
[12-Mar-2026 11:39:59 Africa/Lagos] Starting data fetch from database
[12-Mar-2026 11:39:59 Africa/Lagos] Loaded 21 settings records
[12-Mar-2026 11:39:59 Africa/Lagos] Loaded user data for ID: 1
[12-Mar-2026 11:39:59 Africa/Lagos] Loaded 1 academic years
[12-Mar-2026 11:39:59 Africa/Lagos] Loaded 16 classes
[12-Mar-2026 11:39:59 Africa/Lagos] Retrieved 1 sections for class ID: 4
[12-Mar-2026 11:39:59 Africa/Lagos] Loaded 1 sections for class 4
[12-Mar-2026 11:39:59 Africa/Lagos] Processing AJAX request: get_sections
[12-Mar-2026 11:39:59 Africa/Lagos] Retrieved 1 sections for class ID: 4
[12-Mar-2026 11:40:29 Africa/Lagos] === ADD STUDENT PAGE START ===
[12-Mar-2026 11:40:29 Africa/Lagos] Request URI: /tenant/bitflux-wallet-1771434696/admin/add-new-student.php
[12-Mar-2026 11:40:29 Africa/Lagos] Script: /home/academixsuite/public_html/tenant/{school-slug}/admin/add-new-student.php
[12-Mar-2026 11:40:29 Africa/Lagos] Request Method: GET
[12-Mar-2026 11:40:29 Africa/Lagos] Session ID: e6537039b23d0cd6c8592a82d470eee8
[12-Mar-2026 11:40:29 Africa/Lagos] School Slug: bitflux-wallet-1771434696
[12-Mar-2026 11:40:29 Africa/Lagos] User Type: admin
[12-Mar-2026 11:40:29 Africa/Lagos] Current Page: add-new-student.php
[12-Mar-2026 11:40:29 Africa/Lagos] School ID: 6
[12-Mar-2026 11:40:29 Africa/Lagos] School Name: bitflux wallet
[12-Mar-2026 11:40:29 Africa/Lagos] Authenticated User ID: 1
[12-Mar-2026 11:40:29 Africa/Lagos] Authenticated User Type: admin
[12-Mar-2026 11:40:29 Africa/Lagos] Loading autoload from: /home/academixsuite/public_html/tenant/{school-slug}/admin/../../../includes/autoload.php
[12-Mar-2026 11:40:29 Africa/Lagos] Autoload loaded successfully
[12-Mar-2026 11:40:29 Africa/Lagos] Database class found
[12-Mar-2026 11:40:29 Africa/Lagos] Loading StudentManager from: /home/academixsuite/public_html/tenant/{school-slug}/admin/../../../includes/StudentManager.php
[12-Mar-2026 11:40:29 Africa/Lagos] StudentManager loaded successfully
[12-Mar-2026 11:40:29 Africa/Lagos] Attempting to connect to database: school_6
[12-Mar-2026 11:40:29 Africa/Lagos] School database connection successful for: school_6
[12-Mar-2026 11:40:29 Africa/Lagos] Database connection PDO object: PDO
[12-Mar-2026 11:40:29 Africa/Lagos] Initializing StudentManager with parameters:
[12-Mar-2026 11:40:29 Africa/Lagos] - School ID: 6
[12-Mar-2026 11:40:29 Africa/Lagos] - User ID: 1
[12-Mar-2026 11:40:29 Africa/Lagos] - User Type: admin
[12-Mar-2026 11:40:29 Africa/Lagos] StudentManager initialized for school ID: 6
[12-Mar-2026 11:40:29 Africa/Lagos] StudentManager initialized successfully
[12-Mar-2026 11:40:29 Africa/Lagos] Starting data fetch from database
[12-Mar-2026 11:40:29 Africa/Lagos] Loaded 21 settings records
[12-Mar-2026 11:40:29 Africa/Lagos] Loaded user data for ID: 1
[12-Mar-2026 11:40:29 Africa/Lagos] Loaded 1 academic years
[12-Mar-2026 11:40:29 Africa/Lagos] Loaded 16 classes
[12-Mar-2026 11:40:29 Africa/Lagos] === ADD STUDENT PAGE END ===
[12-Mar-2026 11:40:29 Africa/Lagos] Page loaded with 16 classes, 1 academic years
[12-Mar-2026 11:40:29 Africa/Lagos] ROUTER END: Successfully served /home/academixsuite/public_html/tenant/{school-slug}/admin/add-new-student.php
[12-Mar-2026 11:40:41 Africa/Lagos] === ADD STUDENT PAGE START ===
[12-Mar-2026 11:40:41 Africa/Lagos] Request URI: /tenant/bitflux-wallet-1771434696/admin/add-new-student.php?ajax=get_sections&class_id=4
[12-Mar-2026 11:40:41 Africa/Lagos] Script: /home/academixsuite/public_html/tenant/{school-slug}/admin/add-new-student.php
[12-Mar-2026 11:40:41 Africa/Lagos] Request Method: GET
[12-Mar-2026 11:40:41 Africa/Lagos] Session ID: e6537039b23d0cd6c8592a82d470eee8
[12-Mar-2026 11:40:41 Africa/Lagos] School Slug: bitflux-wallet-1771434696
[12-Mar-2026 11:40:41 Africa/Lagos] User Type: admin
[12-Mar-2026 11:40:41 Africa/Lagos] Current Page: add-new-student.php
[12-Mar-2026 11:40:41 Africa/Lagos] School ID: 6
[12-Mar-2026 11:40:41 Africa/Lagos] School Name: bitflux wallet
[12-Mar-2026 11:40:41 Africa/Lagos] Authenticated User ID: 1
[12-Mar-2026 11:40:41 Africa/Lagos] Authenticated User Type: admin
[12-Mar-2026 11:40:41 Africa/Lagos] Loading autoload from: /home/academixsuite/public_html/tenant/{school-slug}/admin/../../../includes/autoload.php
[12-Mar-2026 11:40:41 Africa/Lagos] Autoload loaded successfully
[12-Mar-2026 11:40:41 Africa/Lagos] Database class found
[12-Mar-2026 11:40:41 Africa/Lagos] Loading StudentManager from: /home/academixsuite/public_html/tenant/{school-slug}/admin/../../../includes/StudentManager.php
[12-Mar-2026 11:40:41 Africa/Lagos] StudentManager loaded successfully
[12-Mar-2026 11:40:41 Africa/Lagos] Attempting to connect to database: school_6
[12-Mar-2026 11:40:41 Africa/Lagos] School database connection successful for: school_6
[12-Mar-2026 11:40:41 Africa/Lagos] Database connection PDO object: PDO
[12-Mar-2026 11:40:41 Africa/Lagos] Initializing StudentManager with parameters:
[12-Mar-2026 11:40:41 Africa/Lagos] - School ID: 6
[12-Mar-2026 11:40:41 Africa/Lagos] - User ID: 1
[12-Mar-2026 11:40:41 Africa/Lagos] - User Type: admin
[12-Mar-2026 11:40:41 Africa/Lagos] StudentManager initialized for school ID: 6
[12-Mar-2026 11:40:41 Africa/Lagos] StudentManager initialized successfully
[12-Mar-2026 11:40:41 Africa/Lagos] Starting data fetch from database
[12-Mar-2026 11:40:41 Africa/Lagos] Loaded 21 settings records
[12-Mar-2026 11:40:41 Africa/Lagos] Loaded user data for ID: 1
[12-Mar-2026 11:40:41 Africa/Lagos] Loaded 1 academic years
[12-Mar-2026 11:40:41 Africa/Lagos] Loaded 16 classes
[12-Mar-2026 11:40:41 Africa/Lagos] Retrieved 1 sections for class ID: 4
[12-Mar-2026 11:40:41 Africa/Lagos] Loaded 1 sections for class 4
[12-Mar-2026 11:40:41 Africa/Lagos] Processing AJAX request: get_sections
[12-Mar-2026 11:40:41 Africa/Lagos] Retrieved 1 sections for class ID: 4
[12-Mar-2026 11:41:53 Africa/Lagos] === ADD STUDENT PAGE START ===
[12-Mar-2026 11:41:53 Africa/Lagos] Request URI: /tenant/bitflux-wallet-1771434696/admin/add-new-student.php?ajax=search_parents&term=ade
[12-Mar-2026 11:41:53 Africa/Lagos] Script: /home/academixsuite/public_html/tenant/{school-slug}/admin/add-new-student.php
[12-Mar-2026 11:41:53 Africa/Lagos] Request Method: GET
[12-Mar-2026 11:41:53 Africa/Lagos] Session ID: e6537039b23d0cd6c8592a82d470eee8
[12-Mar-2026 11:41:53 Africa/Lagos] School Slug: bitflux-wallet-1771434696
[12-Mar-2026 11:41:53 Africa/Lagos] User Type: admin
[12-Mar-2026 11:41:53 Africa/Lagos] Current Page: add-new-student.php
[12-Mar-2026 11:41:53 Africa/Lagos] School ID: 6
[12-Mar-2026 11:41:53 Africa/Lagos] School Name: bitflux wallet
[12-Mar-2026 11:41:53 Africa/Lagos] Authenticated User ID: 1
[12-Mar-2026 11:41:53 Africa/Lagos] Authenticated User Type: admin
[12-Mar-2026 11:41:53 Africa/Lagos] Loading autoload from: /home/academixsuite/public_html/tenant/{school-slug}/admin/../../../includes/autoload.php
[12-Mar-2026 11:41:53 Africa/Lagos] Autoload loaded successfully
[12-Mar-2026 11:41:53 Africa/Lagos] Database class found
[12-Mar-2026 11:41:53 Africa/Lagos] Loading StudentManager from: /home/academixsuite/public_html/tenant/{school-slug}/admin/../../../includes/StudentManager.php
[12-Mar-2026 11:41:53 Africa/Lagos] StudentManager loaded successfully
[12-Mar-2026 11:41:53 Africa/Lagos] Attempting to connect to database: school_6
[12-Mar-2026 11:41:53 Africa/Lagos] School database connection successful for: school_6
[12-Mar-2026 11:41:53 Africa/Lagos] Database connection PDO object: PDO
[12-Mar-2026 11:41:53 Africa/Lagos] Initializing StudentManager with parameters:
[12-Mar-2026 11:41:53 Africa/Lagos] - School ID: 6
[12-Mar-2026 11:41:53 Africa/Lagos] - User ID: 1
[12-Mar-2026 11:41:53 Africa/Lagos] - User Type: admin
[12-Mar-2026 11:41:53 Africa/Lagos] StudentManager initialized for school ID: 6
[12-Mar-2026 11:41:53 Africa/Lagos] StudentManager initialized successfully
[12-Mar-2026 11:41:53 Africa/Lagos] Starting data fetch from database
[12-Mar-2026 11:41:53 Africa/Lagos] Loaded 21 settings records
[12-Mar-2026 11:41:53 Africa/Lagos] Loaded user data for ID: 1
[12-Mar-2026 11:41:53 Africa/Lagos] Loaded 1 academic years
[12-Mar-2026 11:41:53 Africa/Lagos] Loaded 16 classes
[12-Mar-2026 11:41:53 Africa/Lagos] Processing AJAX request: search_parents
[12-Mar-2026 11:41:53 Africa/Lagos] Searching parents with term: ade
[12-Mar-2026 11:41:53 Africa/Lagos] Found 2 parents matching term
[12-Mar-2026 11:43:02 Africa/Lagos] === ADD STUDENT PAGE START ===
[12-Mar-2026 11:43:02 Africa/Lagos] Request URI: /tenant/bitflux-wallet-1771434696/admin/add-new-student.php
[12-Mar-2026 11:43:02 Africa/Lagos] Script: /home/academixsuite/public_html/tenant/{school-slug}/admin/add-new-student.php
[12-Mar-2026 11:43:02 Africa/Lagos] Request Method: POST
[12-Mar-2026 11:43:02 Africa/Lagos] Session ID: e6537039b23d0cd6c8592a82d470eee8
[12-Mar-2026 11:43:02 Africa/Lagos] School Slug: bitflux-wallet-1771434696
[12-Mar-2026 11:43:02 Africa/Lagos] User Type: admin
[12-Mar-2026 11:43:02 Africa/Lagos] Current Page: add-new-student.php
[12-Mar-2026 11:43:02 Africa/Lagos] School ID: 6
[12-Mar-2026 11:43:02 Africa/Lagos] School Name: bitflux wallet
[12-Mar-2026 11:43:02 Africa/Lagos] Authenticated User ID: 1
[12-Mar-2026 11:43:02 Africa/Lagos] Authenticated User Type: admin
[12-Mar-2026 11:43:02 Africa/Lagos] Loading autoload from: /home/academixsuite/public_html/tenant/{school-slug}/admin/../../../includes/autoload.php
[12-Mar-2026 11:43:02 Africa/Lagos] Autoload loaded successfully
[12-Mar-2026 11:43:02 Africa/Lagos] Database class found
[12-Mar-2026 11:43:02 Africa/Lagos] Loading StudentManager from: /home/academixsuite/public_html/tenant/{school-slug}/admin/../../../includes/StudentManager.php
[12-Mar-2026 11:43:02 Africa/Lagos] StudentManager loaded successfully
[12-Mar-2026 11:43:02 Africa/Lagos] Attempting to connect to database: school_6
[12-Mar-2026 11:43:02 Africa/Lagos] School database connection successful for: school_6
[12-Mar-2026 11:43:02 Africa/Lagos] Database connection PDO object: PDO
[12-Mar-2026 11:43:02 Africa/Lagos] Initializing StudentManager with parameters:
[12-Mar-2026 11:43:02 Africa/Lagos] - School ID: 6
[12-Mar-2026 11:43:02 Africa/Lagos] - User ID: 1
[12-Mar-2026 11:43:02 Africa/Lagos] - User Type: admin
[12-Mar-2026 11:43:02 Africa/Lagos] StudentManager initialized for school ID: 6
[12-Mar-2026 11:43:02 Africa/Lagos] StudentManager initialized successfully
[12-Mar-2026 11:43:02 Africa/Lagos] POST data received. Fields: csrf_token, academic_year, class, section, roll_number, admission_date, first_name, middle_name, last_name, gender, date_of_birth, student_phone, student_email, existing_parent_id, blood_group, allergies, medical_conditions, current_address, permanent_address, previous_school, previous_class, transfer_certificate_no
[12-Mar-2026 11:43:02 Africa/Lagos] Starting data fetch from database
[12-Mar-2026 11:43:02 Africa/Lagos] Loaded 21 settings records
[12-Mar-2026 11:43:02 Africa/Lagos] Loaded user data for ID: 1
[12-Mar-2026 11:43:02 Africa/Lagos] Loaded 1 academic years
[12-Mar-2026 11:43:02 Africa/Lagos] Loaded 16 classes
[12-Mar-2026 11:43:02 Africa/Lagos] === POST REQUEST DETECTED ===
[12-Mar-2026 11:43:02 Africa/Lagos] POST data keys: csrf_token, academic_year, class, section, roll_number, admission_date, first_name, middle_name, last_name, gender, date_of_birth, student_phone, student_email, existing_parent_id, blood_group, allergies, medical_conditions, current_address, permanent_address, previous_school, previous_class, transfer_certificate_no
[12-Mar-2026 11:43:02 Africa/Lagos] === PROCESSING FORM SUBMISSION ===
[12-Mar-2026 11:43:02 Africa/Lagos] Form submission detected via field presence
[12-Mar-2026 11:43:02 Africa/Lagos] CSRF validation PASSED
[12-Mar-2026 11:43:02 Africa/Lagos] Student data prepared for insertion:
[12-Mar-2026 11:43:02 Africa/Lagos] - Name: Adeyemi Hephzibah
[12-Mar-2026 11:43:02 Africa/Lagos] Validation PASSED - all required fields present
[12-Mar-2026 11:43:02 Africa/Lagos] Calling StudentManager->addStudent()
[12-Mar-2026 11:43:02 Africa/Lagos] === ADD STUDENT START ===
[12-Mar-2026 11:43:02 Africa/Lagos] School ID: 6
[12-Mar-2026 11:43:02 Africa/Lagos] User ID: 1
[12-Mar-2026 11:43:02 Africa/Lagos] Data received: ["academic_year_id","class_id","section_id","roll_number","admission_date","first_name","middle_name","last_name","gender","date_of_birth","student_email","student_phone","guardian_name","guardian_email","guardian_phone","guardian_relation","guardian_address","existing_parent_id","blood_group","allergies","medical_conditions","doctor_name","doctor_phone","current_address","permanent_address","previous_school","previous_class","transfer_certificate_no"]
[12-Mar-2026 11:43:02 Africa/Lagos] Transaction started
[12-Mar-2026 11:43:02 Africa/Lagos] Validation passed
[12-Mar-2026 11:43:02 Africa/Lagos] Generating admission number for academic year ID: 1
[12-Mar-2026 11:43:02 Africa/Lagos] Using academic year: 2025-2026 (Year: 2025)
[12-Mar-2026 11:43:02 Africa/Lagos] Generated admission number: BIT-2025-0010
[12-Mar-2026 11:43:02 Africa/Lagos] Generated admission number: BIT-2025-0010
[12-Mar-2026 11:43:02 Africa/Lagos] Generating professional email for: Adeyemi Hephzibah (student)
[12-Mar-2026 11:43:02 Africa/Lagos] Base email generated: adeyemi.hephzibah@student.bitflux-wallet-1771434696
[12-Mar-2026 11:43:02 Africa/Lagos] Email is unique: adeyemi.hephzibah@student.bitflux-wallet-1771434696
[12-Mar-2026 11:43:02 Africa/Lagos] Generated student email: adeyemi.hephzibah@student.bitflux-wallet-1771434696
[12-Mar-2026 11:43:02 Africa/Lagos] Generated random password of length: 8
[12-Mar-2026 11:43:02 Africa/Lagos] Student password generated (hashed)
[12-Mar-2026 11:43:02 Africa/Lagos] Creating student user account:
[12-Mar-2026 11:43:02 Africa/Lagos] - Full name: Adeyemi Toluwani Hephzibah
[12-Mar-2026 11:43:02 Africa/Lagos] - Email: adeyemi.hephzibah@student.bitflux-wallet-1771434696
[12-Mar-2026 11:43:02 Africa/Lagos] - Username: adeyemi.hephzibah
[12-Mar-2026 11:43:02 Africa/Lagos] Student user created with ID: 69
[12-Mar-2026 11:43:02 Africa/Lagos] Student role assigned to user ID: 69
[12-Mar-2026 11:43:02 Africa/Lagos] Getting default campus ID for school: 6
[12-Mar-2026 11:43:02 Africa/Lagos] Error getting default campus: SQLSTATE[42S22]: Column not found: 1054 Unknown column 'is_default' in 'WHERE'
[12-Mar-2026 11:43:02 Africa/Lagos] Campus ID: null
[12-Mar-2026 11:43:02 Africa/Lagos] Inserting student record...
[12-Mar-2026 11:43:02 Africa/Lagos] Student insert params prepared: [6,null,"69","BIT-2025-0010","1",4,5,"2025-09-11","Adeyemi","Toluwani","Hephzibah","2023-08-19"]...
[12-Mar-2026 11:43:02 Africa/Lagos] === STUDENT RECORD CREATED SUCCESSFULLY ===
[12-Mar-2026 11:43:02 Africa/Lagos] Student ID: 24
[12-Mar-2026 11:43:02 Africa/Lagos] Admission Number: BIT-2025-0010
[12-Mar-2026 11:43:02 Africa/Lagos] Using existing parent ID: 55
[12-Mar-2026 11:43:02 Africa/Lagos] Creating guardian relationship - Parent: 55, Student: 24, Relationship: guardian
[12-Mar-2026 11:43:02 Africa/Lagos] Guardian relationship created successfully
[12-Mar-2026 11:43:02 Africa/Lagos] Stored temporary password for student ID: 69
[12-Mar-2026 11:43:02 Africa/Lagos] Creating audit log entry
[12-Mar-2026 11:43:02 Africa/Lagos] Audit log created successfully
[12-Mar-2026 11:43:02 Africa/Lagos] Transaction committed successfully
[12-Mar-2026 11:43:02 Africa/Lagos] Attempting to send login emails
[12-Mar-2026 11:43:02 Africa/Lagos] === SENDING LOGIN EMAILS ===
[12-Mar-2026 11:43:02 Africa/Lagos] Sending email to student: adeyemi.hephzibah@student.bitflux-wallet-1771434696
[12-Mar-2026 11:43:02 Africa/Lagos] Attempting to send email to: adeyemi.hephzibah@student.bitflux-wallet-1771434696
[12-Mar-2026 11:43:02 Africa/Lagos] Email sent successfully via mail() function
[12-Mar-2026 11:43:02 Africa/Lagos] Student email sent successfully
[12-Mar-2026 11:43:02 Africa/Lagos] No parent to email or parent ID not provided
[12-Mar-2026 11:43:02 Africa/Lagos] Email sending completed with 0 errors
[12-Mar-2026 11:43:02 Africa/Lagos] === ADD STUDENT COMPLETED SUCCESSFULLY ===
[12-Mar-2026 11:43:02 Africa/Lagos] Return message: Student added successfully! Admission Number: BIT-2025-0010
[12-Mar-2026 11:43:02 Africa/Lagos] StudentManager->addStudent() completed in 295.19ms
[12-Mar-2026 11:43:02 Africa/Lagos] === STUDENT ADDED SUCCESSFULLY ===
[12-Mar-2026 11:43:02 Africa/Lagos] Student ID: 24
[12-Mar-2026 11:43:02 Africa/Lagos] Message: Student added successfully! Admission Number: BIT-2025-0010
[12-Mar-2026 11:43:02 Africa/Lagos] Redirecting to student list: student-list.php
[12-Mar-2026 11:44:02 Africa/Lagos] === ADD STUDENT PAGE START ===
[12-Mar-2026 11:44:02 Africa/Lagos] Request URI: /tenant/bitflux-wallet-1771434696/admin/add-new-student.php
[12-Mar-2026 11:44:02 Africa/Lagos] Script: /home/academixsuite/public_html/tenant/{school-slug}/admin/add-new-student.php
[12-Mar-2026 11:44:02 Africa/Lagos] Request Method: GET
[12-Mar-2026 11:44:02 Africa/Lagos] Session ID: e6537039b23d0cd6c8592a82d470eee8
[12-Mar-2026 11:44:02 Africa/Lagos] School Slug: bitflux-wallet-1771434696
[12-Mar-2026 11:44:02 Africa/Lagos] User Type: admin
[12-Mar-2026 11:44:02 Africa/Lagos] Current Page: add-new-student.php
[12-Mar-2026 11:44:02 Africa/Lagos] School ID: 6
[12-Mar-2026 11:44:02 Africa/Lagos] School Name: bitflux wallet
[12-Mar-2026 11:44:02 Africa/Lagos] Authenticated User ID: 1
[12-Mar-2026 11:44:02 Africa/Lagos] Authenticated User Type: admin
[12-Mar-2026 11:44:02 Africa/Lagos] Loading autoload from: /home/academixsuite/public_html/tenant/{school-slug}/admin/../../../includes/autoload.php
[12-Mar-2026 11:44:02 Africa/Lagos] Autoload loaded successfully
[12-Mar-2026 11:44:02 Africa/Lagos] Database class found
[12-Mar-2026 11:44:02 Africa/Lagos] Loading StudentManager from: /home/academixsuite/public_html/tenant/{school-slug}/admin/../../../includes/StudentManager.php
[12-Mar-2026 11:44:02 Africa/Lagos] StudentManager loaded successfully
[12-Mar-2026 11:44:02 Africa/Lagos] Attempting to connect to database: school_6
[12-Mar-2026 11:44:02 Africa/Lagos] School database connection successful for: school_6
[12-Mar-2026 11:44:02 Africa/Lagos] Database connection PDO object: PDO
[12-Mar-2026 11:44:02 Africa/Lagos] Initializing StudentManager with parameters:
[12-Mar-2026 11:44:02 Africa/Lagos] - School ID: 6
[12-Mar-2026 11:44:02 Africa/Lagos] - User ID: 1
[12-Mar-2026 11:44:02 Africa/Lagos] - User Type: admin
[12-Mar-2026 11:44:02 Africa/Lagos] StudentManager initialized for school ID: 6
[12-Mar-2026 11:44:02 Africa/Lagos] StudentManager initialized successfully
[12-Mar-2026 11:44:02 Africa/Lagos] Starting data fetch from database
[12-Mar-2026 11:44:02 Africa/Lagos] Loaded 21 settings records
[12-Mar-2026 11:44:02 Africa/Lagos] Loaded user data for ID: 1
[12-Mar-2026 11:44:02 Africa/Lagos] Loaded 1 academic years
[12-Mar-2026 11:44:02 Africa/Lagos] Loaded 16 classes
[12-Mar-2026 11:44:02 Africa/Lagos] === ADD STUDENT PAGE END ===
[12-Mar-2026 11:44:02 Africa/Lagos] Page loaded with 16 classes, 1 academic years
[12-Mar-2026 11:44:02 Africa/Lagos] ROUTER END: Successfully served /home/academixsuite/public_html/tenant/{school-slug}/admin/add-new-student.php
[12-Mar-2026 11:45:24 Africa/Lagos] === ADD STUDENT PAGE START ===
[12-Mar-2026 11:45:24 Africa/Lagos] Request URI: /tenant/bitflux-wallet-1771434696/admin/add-new-student.php
[12-Mar-2026 11:45:24 Africa/Lagos] Script: /home/academixsuite/public_html/tenant/{school-slug}/admin/add-new-student.php
[12-Mar-2026 11:45:24 Africa/Lagos] Request Method: GET
[12-Mar-2026 11:45:24 Africa/Lagos] Session ID: e6537039b23d0cd6c8592a82d470eee8
[12-Mar-2026 11:45:24 Africa/Lagos] School Slug: bitflux-wallet-1771434696
[12-Mar-2026 11:45:24 Africa/Lagos] User Type: admin
[12-Mar-2026 11:45:24 Africa/Lagos] Current Page: add-new-student.php
[12-Mar-2026 11:45:24 Africa/Lagos] School ID: 6
[12-Mar-2026 11:45:24 Africa/Lagos] School Name: bitflux wallet
[12-Mar-2026 11:45:24 Africa/Lagos] Authenticated User ID: 1
[12-Mar-2026 11:45:24 Africa/Lagos] Authenticated User Type: admin
[12-Mar-2026 11:45:24 Africa/Lagos] Loading autoload from: /home/academixsuite/public_html/tenant/{school-slug}/admin/../../../includes/autoload.php
[12-Mar-2026 11:45:24 Africa/Lagos] Autoload loaded successfully
[12-Mar-2026 11:45:24 Africa/Lagos] Database class found
[12-Mar-2026 11:45:24 Africa/Lagos] Loading StudentManager from: /home/academixsuite/public_html/tenant/{school-slug}/admin/../../../includes/StudentManager.php
[12-Mar-2026 11:45:24 Africa/Lagos] StudentManager loaded successfully
[12-Mar-2026 11:45:24 Africa/Lagos] Attempting to connect to database: school_6
[12-Mar-2026 11:45:24 Africa/Lagos] School database connection successful for: school_6
[12-Mar-2026 11:45:24 Africa/Lagos] Database connection PDO object: PDO
[12-Mar-2026 11:45:24 Africa/Lagos] Initializing StudentManager with parameters:
[12-Mar-2026 11:45:24 Africa/Lagos] - School ID: 6
[12-Mar-2026 11:45:24 Africa/Lagos] - User ID: 1
[12-Mar-2026 11:45:24 Africa/Lagos] - User Type: admin
[12-Mar-2026 11:45:24 Africa/Lagos] StudentManager initialized for school ID: 6
[12-Mar-2026 11:45:24 Africa/Lagos] StudentManager initialized successfully
[12-Mar-2026 11:45:24 Africa/Lagos] Starting data fetch from database
[12-Mar-2026 11:45:24 Africa/Lagos] Loaded 21 settings records
[12-Mar-2026 11:45:24 Africa/Lagos] Loaded user data for ID: 1
[12-Mar-2026 11:45:24 Africa/Lagos] Loaded 1 academic years
[12-Mar-2026 11:45:24 Africa/Lagos] Loaded 16 classes
[12-Mar-2026 11:45:24 Africa/Lagos] === ADD STUDENT PAGE END ===
[12-Mar-2026 11:45:24 Africa/Lagos] Page loaded with 16 classes, 1 academic years
[12-Mar-2026 11:45:24 Africa/Lagos] ROUTER END: Successfully served /home/academixsuite/public_html/tenant/{school-slug}/admin/add-new-student.php
[12-Mar-2026 11:45:47 Africa/Lagos] === ADD STUDENT PAGE START ===
[12-Mar-2026 11:45:47 Africa/Lagos] Request URI: /tenant/bitflux-wallet-1771434696/admin/add-new-student.php?ajax=get_sections&class_id=4
[12-Mar-2026 11:45:47 Africa/Lagos] Script: /home/academixsuite/public_html/tenant/{school-slug}/admin/add-new-student.php
[12-Mar-2026 11:45:47 Africa/Lagos] Request Method: GET
[12-Mar-2026 11:45:47 Africa/Lagos] Session ID: e6537039b23d0cd6c8592a82d470eee8
[12-Mar-2026 11:45:47 Africa/Lagos] School Slug: bitflux-wallet-1771434696
[12-Mar-2026 11:45:47 Africa/Lagos] User Type: admin
[12-Mar-2026 11:45:47 Africa/Lagos] Current Page: add-new-student.php
[12-Mar-2026 11:45:47 Africa/Lagos] School ID: 6
[12-Mar-2026 11:45:47 Africa/Lagos] School Name: bitflux wallet
[12-Mar-2026 11:45:47 Africa/Lagos] Authenticated User ID: 1
[12-Mar-2026 11:45:47 Africa/Lagos] Authenticated User Type: admin
[12-Mar-2026 11:45:47 Africa/Lagos] Loading autoload from: /home/academixsuite/public_html/tenant/{school-slug}/admin/../../../includes/autoload.php
[12-Mar-2026 11:45:47 Africa/Lagos] Autoload loaded successfully
[12-Mar-2026 11:45:47 Africa/Lagos] Database class found
[12-Mar-2026 11:45:47 Africa/Lagos] Loading StudentManager from: /home/academixsuite/public_html/tenant/{school-slug}/admin/../../../includes/StudentManager.php
[12-Mar-2026 11:45:47 Africa/Lagos] StudentManager loaded successfully
[12-Mar-2026 11:45:47 Africa/Lagos] Attempting to connect to database: school_6
[12-Mar-2026 11:45:47 Africa/Lagos] School database connection successful for: school_6
[12-Mar-2026 11:45:47 Africa/Lagos] Database connection PDO object: PDO
[12-Mar-2026 11:45:47 Africa/Lagos] Initializing StudentManager with parameters:
[12-Mar-2026 11:45:47 Africa/Lagos] - School ID: 6
[12-Mar-2026 11:45:47 Africa/Lagos] - User ID: 1
[12-Mar-2026 11:45:47 Africa/Lagos] - User Type: admin
[12-Mar-2026 11:45:47 Africa/Lagos] StudentManager initialized for school ID: 6
[12-Mar-2026 11:45:47 Africa/Lagos] StudentManager initialized successfully
[12-Mar-2026 11:45:47 Africa/Lagos] Starting data fetch from database
[12-Mar-2026 11:45:47 Africa/Lagos] Loaded 21 settings records
[12-Mar-2026 11:45:47 Africa/Lagos] Loaded user data for ID: 1
[12-Mar-2026 11:45:47 Africa/Lagos] Loaded 1 academic years
[12-Mar-2026 11:45:47 Africa/Lagos] Loaded 16 classes
[12-Mar-2026 11:45:47 Africa/Lagos] Retrieved 1 sections for class ID: 4
[12-Mar-2026 11:45:47 Africa/Lagos] Loaded 1 sections for class 4
[12-Mar-2026 11:45:47 Africa/Lagos] Processing AJAX request: get_sections
[12-Mar-2026 11:45:47 Africa/Lagos] Retrieved 1 sections for class ID: 4
[12-Mar-2026 11:48:45 Africa/Lagos] === ADD STUDENT PAGE START ===
[12-Mar-2026 11:48:45 Africa/Lagos] Request URI: /tenant/bitflux-wallet-1771434696/admin/add-new-student.php?ajax=search_parents&term=ade
[12-Mar-2026 11:48:45 Africa/Lagos] Script: /home/academixsuite/public_html/tenant/{school-slug}/admin/add-new-student.php
[12-Mar-2026 11:48:45 Africa/Lagos] Request Method: GET
[12-Mar-2026 11:48:45 Africa/Lagos] Session ID: e6537039b23d0cd6c8592a82d470eee8
[12-Mar-2026 11:48:45 Africa/Lagos] School Slug: bitflux-wallet-1771434696
[12-Mar-2026 11:48:45 Africa/Lagos] User Type: admin
[12-Mar-2026 11:48:45 Africa/Lagos] Current Page: add-new-student.php
[12-Mar-2026 11:48:45 Africa/Lagos] School ID: 6
[12-Mar-2026 11:48:45 Africa/Lagos] School Name: bitflux wallet
[12-Mar-2026 11:48:45 Africa/Lagos] Authenticated User ID: 1
[12-Mar-2026 11:48:45 Africa/Lagos] Authenticated User Type: admin
[12-Mar-2026 11:48:45 Africa/Lagos] Loading autoload from: /home/academixsuite/public_html/tenant/{school-slug}/admin/../../../includes/autoload.php
[12-Mar-2026 11:48:45 Africa/Lagos] Autoload loaded successfully
[12-Mar-2026 11:48:45 Africa/Lagos] Database class found
[12-Mar-2026 11:48:45 Africa/Lagos] Loading StudentManager from: /home/academixsuite/public_html/tenant/{school-slug}/admin/../../../includes/StudentManager.php
[12-Mar-2026 11:48:45 Africa/Lagos] StudentManager loaded successfully
[12-Mar-2026 11:48:45 Africa/Lagos] Attempting to connect to database: school_6
[12-Mar-2026 11:48:45 Africa/Lagos] School database connection successful for: school_6
[12-Mar-2026 11:48:45 Africa/Lagos] Database connection PDO object: PDO
[12-Mar-2026 11:48:45 Africa/Lagos] Initializing StudentManager with parameters:
[12-Mar-2026 11:48:45 Africa/Lagos] - School ID: 6
[12-Mar-2026 11:48:45 Africa/Lagos] - User ID: 1
[12-Mar-2026 11:48:45 Africa/Lagos] - User Type: admin
[12-Mar-2026 11:48:45 Africa/Lagos] StudentManager initialized for school ID: 6
[12-Mar-2026 11:48:45 Africa/Lagos] StudentManager initialized successfully
[12-Mar-2026 11:48:45 Africa/Lagos] Starting data fetch from database
[12-Mar-2026 11:48:45 Africa/Lagos] Loaded 21 settings records
[12-Mar-2026 11:48:45 Africa/Lagos] Loaded user data for ID: 1
[12-Mar-2026 11:48:45 Africa/Lagos] Loaded 1 academic years
[12-Mar-2026 11:48:45 Africa/Lagos] Loaded 16 classes
[12-Mar-2026 11:48:45 Africa/Lagos] Processing AJAX request: search_parents
[12-Mar-2026 11:48:45 Africa/Lagos] Searching parents with term: ade
[12-Mar-2026 11:48:45 Africa/Lagos] Found 2 parents matching term
[12-Mar-2026 11:50:43 Africa/Lagos] === ADD STUDENT PAGE START ===
[12-Mar-2026 11:50:43 Africa/Lagos] Request URI: /tenant/bitflux-wallet-1771434696/admin/add-new-student.php
[12-Mar-2026 11:50:43 Africa/Lagos] Script: /home/academixsuite/public_html/tenant/{school-slug}/admin/add-new-student.php
[12-Mar-2026 11:50:43 Africa/Lagos] Request Method: POST
[12-Mar-2026 11:50:43 Africa/Lagos] Session ID: e6537039b23d0cd6c8592a82d470eee8
[12-Mar-2026 11:50:43 Africa/Lagos] School Slug: bitflux-wallet-1771434696
[12-Mar-2026 11:50:43 Africa/Lagos] User Type: admin
[12-Mar-2026 11:50:43 Africa/Lagos] Current Page: add-new-student.php
[12-Mar-2026 11:50:43 Africa/Lagos] School ID: 6
[12-Mar-2026 11:50:43 Africa/Lagos] School Name: bitflux wallet
[12-Mar-2026 11:50:43 Africa/Lagos] Authenticated User ID: 1
[12-Mar-2026 11:50:43 Africa/Lagos] Authenticated User Type: admin
[12-Mar-2026 11:50:43 Africa/Lagos] Loading autoload from: /home/academixsuite/public_html/tenant/{school-slug}/admin/../../../includes/autoload.php
[12-Mar-2026 11:50:43 Africa/Lagos] Autoload loaded successfully
[12-Mar-2026 11:50:43 Africa/Lagos] Database class found
[12-Mar-2026 11:50:43 Africa/Lagos] Loading StudentManager from: /home/academixsuite/public_html/tenant/{school-slug}/admin/../../../includes/StudentManager.php
[12-Mar-2026 11:50:43 Africa/Lagos] StudentManager loaded successfully
[12-Mar-2026 11:50:43 Africa/Lagos] Attempting to connect to database: school_6
[12-Mar-2026 11:50:43 Africa/Lagos] School database connection successful for: school_6
[12-Mar-2026 11:50:43 Africa/Lagos] Database connection PDO object: PDO
[12-Mar-2026 11:50:43 Africa/Lagos] Initializing StudentManager with parameters:
[12-Mar-2026 11:50:43 Africa/Lagos] - School ID: 6
[12-Mar-2026 11:50:43 Africa/Lagos] - User ID: 1
[12-Mar-2026 11:50:43 Africa/Lagos] - User Type: admin
[12-Mar-2026 11:50:43 Africa/Lagos] StudentManager initialized for school ID: 6
[12-Mar-2026 11:50:43 Africa/Lagos] StudentManager initialized successfully
[12-Mar-2026 11:50:43 Africa/Lagos] POST data received. Fields: csrf_token, academic_year, class, section, roll_number, admission_date, first_name, middle_name, last_name, gender, date_of_birth, student_phone, student_email, existing_parent_id, blood_group, allergies, medical_conditions, current_address, permanent_address, previous_school, previous_class, transfer_certificate_no
[12-Mar-2026 11:50:43 Africa/Lagos] Starting data fetch from database
[12-Mar-2026 11:50:43 Africa/Lagos] Loaded 21 settings records
[12-Mar-2026 11:50:43 Africa/Lagos] Loaded user data for ID: 1
[12-Mar-2026 11:50:43 Africa/Lagos] Loaded 1 academic years
[12-Mar-2026 11:50:43 Africa/Lagos] Loaded 16 classes
[12-Mar-2026 11:50:43 Africa/Lagos] === POST REQUEST DETECTED ===
[12-Mar-2026 11:50:43 Africa/Lagos] POST data keys: csrf_token, academic_year, class, section, roll_number, admission_date, first_name, middle_name, last_name, gender, date_of_birth, student_phone, student_email, existing_parent_id, blood_group, allergies, medical_conditions, current_address, permanent_address, previous_school, previous_class, transfer_certificate_no
[12-Mar-2026 11:50:43 Africa/Lagos] === PROCESSING FORM SUBMISSION ===
[12-Mar-2026 11:50:43 Africa/Lagos] Form submission detected via field presence
[12-Mar-2026 11:50:43 Africa/Lagos] CSRF validation PASSED
[12-Mar-2026 11:50:43 Africa/Lagos] Student data prepared for insertion:
[12-Mar-2026 11:50:43 Africa/Lagos] - Name: Adetifa Israel
[12-Mar-2026 11:50:43 Africa/Lagos] Validation PASSED - all required fields present
[12-Mar-2026 11:50:43 Africa/Lagos] Calling StudentManager->addStudent()
[12-Mar-2026 11:50:43 Africa/Lagos] === ADD STUDENT START ===
[12-Mar-2026 11:50:43 Africa/Lagos] School ID: 6
[12-Mar-2026 11:50:43 Africa/Lagos] User ID: 1
[12-Mar-2026 11:50:43 Africa/Lagos] Data received: ["academic_year_id","class_id","section_id","roll_number","admission_date","first_name","middle_name","last_name","gender","date_of_birth","student_email","student_phone","guardian_name","guardian_email","guardian_phone","guardian_relation","guardian_address","existing_parent_id","blood_group","allergies","medical_conditions","doctor_name","doctor_phone","current_address","permanent_address","previous_school","previous_class","transfer_certificate_no"]
[12-Mar-2026 11:50:43 Africa/Lagos] Transaction started
[12-Mar-2026 11:50:43 Africa/Lagos] Validation passed
[12-Mar-2026 11:50:43 Africa/Lagos] Generating admission number for academic year ID: 1
[12-Mar-2026 11:50:43 Africa/Lagos] Using academic year: 2025-2026 (Year: 2025)
[12-Mar-2026 11:50:43 Africa/Lagos] Generated admission number: BIT-2025-0011
[12-Mar-2026 11:50:43 Africa/Lagos] Generated admission number: BIT-2025-0011
[12-Mar-2026 11:50:43 Africa/Lagos] Generating professional email for: Adetifa Israel (student)
[12-Mar-2026 11:50:43 Africa/Lagos] Base email generated: adetifa.israel@student.bitflux-wallet-1771434696
[12-Mar-2026 11:50:43 Africa/Lagos] Email is unique: adetifa.israel@student.bitflux-wallet-1771434696
[12-Mar-2026 11:50:43 Africa/Lagos] Generated student email: adetifa.israel@student.bitflux-wallet-1771434696
[12-Mar-2026 11:50:43 Africa/Lagos] Generated random password of length: 8
[12-Mar-2026 11:50:43 Africa/Lagos] Student password generated (hashed)
[12-Mar-2026 11:50:43 Africa/Lagos] Creating student user account:
[12-Mar-2026 11:50:43 Africa/Lagos] - Full name: Adetifa Mayorkun Israel
[12-Mar-2026 11:50:43 Africa/Lagos] - Email: adetifa.israel@student.bitflux-wallet-1771434696
[12-Mar-2026 11:50:43 Africa/Lagos] - Username: adetifa.israel
[12-Mar-2026 11:50:43 Africa/Lagos] Student user created with ID: 70
[12-Mar-2026 11:50:43 Africa/Lagos] Student role assigned to user ID: 70
[12-Mar-2026 11:50:43 Africa/Lagos] Getting default campus ID for school: 6
[12-Mar-2026 11:50:43 Africa/Lagos] Error getting default campus: SQLSTATE[42S22]: Column not found: 1054 Unknown column 'is_default' in 'WHERE'
[12-Mar-2026 11:50:43 Africa/Lagos] Campus ID: null
[12-Mar-2026 11:50:43 Africa/Lagos] Inserting student record...
[12-Mar-2026 11:50:43 Africa/Lagos] Student insert params prepared: [6,null,"70","BIT-2025-0011","2",4,5,"2025-09-11","Adetifa","Mayorkun","Israel","2023-10-01"]...
[12-Mar-2026 11:50:43 Africa/Lagos] === STUDENT RECORD CREATED SUCCESSFULLY ===
[12-Mar-2026 11:50:43 Africa/Lagos] Student ID: 25
[12-Mar-2026 11:50:43 Africa/Lagos] Admission Number: BIT-2025-0011
[12-Mar-2026 11:50:43 Africa/Lagos] Using existing parent ID: 56
[12-Mar-2026 11:50:43 Africa/Lagos] Creating guardian relationship - Parent: 56, Student: 25, Relationship: guardian
[12-Mar-2026 11:50:43 Africa/Lagos] Guardian relationship created successfully
[12-Mar-2026 11:50:43 Africa/Lagos] Stored temporary password for student ID: 70
[12-Mar-2026 11:50:43 Africa/Lagos] Creating audit log entry
[12-Mar-2026 11:50:43 Africa/Lagos] Audit log created successfully
[12-Mar-2026 11:50:43 Africa/Lagos] Transaction committed successfully
[12-Mar-2026 11:50:43 Africa/Lagos] Attempting to send login emails
[12-Mar-2026 11:50:43 Africa/Lagos] === SENDING LOGIN EMAILS ===
[12-Mar-2026 11:50:43 Africa/Lagos] Sending email to student: adetifa.israel@student.bitflux-wallet-1771434696
[12-Mar-2026 11:50:43 Africa/Lagos] Attempting to send email to: adetifa.israel@student.bitflux-wallet-1771434696
[12-Mar-2026 11:50:43 Africa/Lagos] Email sent successfully via mail() function
[12-Mar-2026 11:50:43 Africa/Lagos] Student email sent successfully
[12-Mar-2026 11:50:43 Africa/Lagos] No parent to email or parent ID not provided
[12-Mar-2026 11:50:43 Africa/Lagos] Email sending completed with 0 errors
[12-Mar-2026 11:50:43 Africa/Lagos] === ADD STUDENT COMPLETED SUCCESSFULLY ===
[12-Mar-2026 11:50:43 Africa/Lagos] Return message: Student added successfully! Admission Number: BIT-2025-0011
[12-Mar-2026 11:50:43 Africa/Lagos] StudentManager->addStudent() completed in 293.32ms
[12-Mar-2026 11:50:43 Africa/Lagos] === STUDENT ADDED SUCCESSFULLY ===
[12-Mar-2026 11:50:43 Africa/Lagos] Student ID: 25
[12-Mar-2026 11:50:43 Africa/Lagos] Message: Student added successfully! Admission Number: BIT-2025-0011
[12-Mar-2026 11:50:43 Africa/Lagos] Redirecting to student list: student-list.php
[12-Mar-2026 11:52:15 Africa/Lagos] === ADD STUDENT PAGE START ===
[12-Mar-2026 11:52:15 Africa/Lagos] Request URI: /tenant/bitflux-wallet-1771434696/admin/add-new-student.php
[12-Mar-2026 11:52:15 Africa/Lagos] Script: /home/academixsuite/public_html/tenant/{school-slug}/admin/add-new-student.php
[12-Mar-2026 11:52:15 Africa/Lagos] Request Method: GET
[12-Mar-2026 11:52:15 Africa/Lagos] Session ID: e6537039b23d0cd6c8592a82d470eee8
[12-Mar-2026 11:52:15 Africa/Lagos] School Slug: bitflux-wallet-1771434696
[12-Mar-2026 11:52:15 Africa/Lagos] User Type: admin
[12-Mar-2026 11:52:15 Africa/Lagos] Current Page: add-new-student.php
[12-Mar-2026 11:52:15 Africa/Lagos] School ID: 6
[12-Mar-2026 11:52:15 Africa/Lagos] School Name: bitflux wallet
[12-Mar-2026 11:52:15 Africa/Lagos] Authenticated User ID: 1
[12-Mar-2026 11:52:15 Africa/Lagos] Authenticated User Type: admin
[12-Mar-2026 11:52:15 Africa/Lagos] Loading autoload from: /home/academixsuite/public_html/tenant/{school-slug}/admin/../../../includes/autoload.php
[12-Mar-2026 11:52:15 Africa/Lagos] Autoload loaded successfully
[12-Mar-2026 11:52:15 Africa/Lagos] Database class found
[12-Mar-2026 11:52:15 Africa/Lagos] Loading StudentManager from: /home/academixsuite/public_html/tenant/{school-slug}/admin/../../../includes/StudentManager.php
[12-Mar-2026 11:52:15 Africa/Lagos] StudentManager loaded successfully
[12-Mar-2026 11:52:15 Africa/Lagos] Attempting to connect to database: school_6
[12-Mar-2026 11:52:15 Africa/Lagos] School database connection successful for: school_6
[12-Mar-2026 11:52:15 Africa/Lagos] Database connection PDO object: PDO
[12-Mar-2026 11:52:15 Africa/Lagos] Initializing StudentManager with parameters:
[12-Mar-2026 11:52:15 Africa/Lagos] - School ID: 6
[12-Mar-2026 11:52:15 Africa/Lagos] - User ID: 1
[12-Mar-2026 11:52:15 Africa/Lagos] - User Type: admin
[12-Mar-2026 11:52:15 Africa/Lagos] StudentManager initialized for school ID: 6
[12-Mar-2026 11:52:15 Africa/Lagos] StudentManager initialized successfully
[12-Mar-2026 11:52:15 Africa/Lagos] Starting data fetch from database
[12-Mar-2026 11:52:15 Africa/Lagos] Loaded 21 settings records
[12-Mar-2026 11:52:15 Africa/Lagos] Loaded user data for ID: 1
[12-Mar-2026 11:52:15 Africa/Lagos] Loaded 1 academic years
[12-Mar-2026 11:52:15 Africa/Lagos] Loaded 16 classes
[12-Mar-2026 11:52:15 Africa/Lagos] === ADD STUDENT PAGE END ===
[12-Mar-2026 11:52:15 Africa/Lagos] Page loaded with 16 classes, 1 academic years
[12-Mar-2026 11:52:15 Africa/Lagos] ROUTER END: Successfully served /home/academixsuite/public_html/tenant/{school-slug}/admin/add-new-student.php
[12-Mar-2026 11:52:25 Africa/Lagos] === ADD STUDENT PAGE START ===
[12-Mar-2026 11:52:25 Africa/Lagos] Request URI: /tenant/bitflux-wallet-1771434696/admin/add-new-student.php?ajax=get_sections&class_id=4
[12-Mar-2026 11:52:25 Africa/Lagos] Script: /home/academixsuite/public_html/tenant/{school-slug}/admin/add-new-student.php
[12-Mar-2026 11:52:25 Africa/Lagos] Request Method: GET
[12-Mar-2026 11:52:25 Africa/Lagos] Session ID: e6537039b23d0cd6c8592a82d470eee8
[12-Mar-2026 11:52:25 Africa/Lagos] School Slug: bitflux-wallet-1771434696
[12-Mar-2026 11:52:25 Africa/Lagos] User Type: admin
[12-Mar-2026 11:52:25 Africa/Lagos] Current Page: add-new-student.php
[12-Mar-2026 11:52:25 Africa/Lagos] School ID: 6
[12-Mar-2026 11:52:25 Africa/Lagos] School Name: bitflux wallet
[12-Mar-2026 11:52:25 Africa/Lagos] Authenticated User ID: 1
[12-Mar-2026 11:52:25 Africa/Lagos] Authenticated User Type: admin
[12-Mar-2026 11:52:25 Africa/Lagos] Loading autoload from: /home/academixsuite/public_html/tenant/{school-slug}/admin/../../../includes/autoload.php
[12-Mar-2026 11:52:25 Africa/Lagos] Autoload loaded successfully
[12-Mar-2026 11:52:25 Africa/Lagos] Database class found
[12-Mar-2026 11:52:25 Africa/Lagos] Loading StudentManager from: /home/academixsuite/public_html/tenant/{school-slug}/admin/../../../includes/StudentManager.php
[12-Mar-2026 11:52:25 Africa/Lagos] StudentManager loaded successfully
[12-Mar-2026 11:52:25 Africa/Lagos] Attempting to connect to database: school_6
[12-Mar-2026 11:52:25 Africa/Lagos] School database connection successful for: school_6
[12-Mar-2026 11:52:25 Africa/Lagos] Database connection PDO object: PDO
[12-Mar-2026 11:52:25 Africa/Lagos] Initializing StudentManager with parameters:
[12-Mar-2026 11:52:25 Africa/Lagos] - School ID: 6
[12-Mar-2026 11:52:25 Africa/Lagos] - User ID: 1
[12-Mar-2026 11:52:25 Africa/Lagos] - User Type: admin
[12-Mar-2026 11:52:25 Africa/Lagos] StudentManager initialized for school ID: 6
[12-Mar-2026 11:52:25 Africa/Lagos] StudentManager initialized successfully
[12-Mar-2026 11:52:25 Africa/Lagos] Starting data fetch from database
[12-Mar-2026 11:52:25 Africa/Lagos] Loaded 21 settings records
[12-Mar-2026 11:52:25 Africa/Lagos] Loaded user data for ID: 1
[12-Mar-2026 11:52:25 Africa/Lagos] Loaded 1 academic years
[12-Mar-2026 11:52:25 Africa/Lagos] Loaded 16 classes
[12-Mar-2026 11:52:25 Africa/Lagos] Retrieved 1 sections for class ID: 4
[12-Mar-2026 11:52:25 Africa/Lagos] Loaded 1 sections for class 4
[12-Mar-2026 11:52:25 Africa/Lagos] Processing AJAX request: get_sections
[12-Mar-2026 11:52:25 Africa/Lagos] Retrieved 1 sections for class ID: 4
[12-Mar-2026 11:56:29 Africa/Lagos] === ADD STUDENT PAGE START ===
[12-Mar-2026 11:56:29 Africa/Lagos] Request URI: /tenant/bitflux-wallet-1771434696/admin/add-new-student.php?ajax=search_parents&term=ovi
[12-Mar-2026 11:56:29 Africa/Lagos] Script: /home/academixsuite/public_html/tenant/{school-slug}/admin/add-new-student.php
[12-Mar-2026 11:56:29 Africa/Lagos] Request Method: GET
[12-Mar-2026 11:56:29 Africa/Lagos] Session ID: e6537039b23d0cd6c8592a82d470eee8
[12-Mar-2026 11:56:29 Africa/Lagos] School Slug: bitflux-wallet-1771434696
[12-Mar-2026 11:56:29 Africa/Lagos] User Type: admin
[12-Mar-2026 11:56:29 Africa/Lagos] Current Page: add-new-student.php
[12-Mar-2026 11:56:29 Africa/Lagos] School ID: 6
[12-Mar-2026 11:56:29 Africa/Lagos] School Name: bitflux wallet
[12-Mar-2026 11:56:29 Africa/Lagos] Authenticated User ID: 1
[12-Mar-2026 11:56:29 Africa/Lagos] Authenticated User Type: admin
[12-Mar-2026 11:56:29 Africa/Lagos] Loading autoload from: /home/academixsuite/public_html/tenant/{school-slug}/admin/../../../includes/autoload.php
[12-Mar-2026 11:56:29 Africa/Lagos] Autoload loaded successfully
[12-Mar-2026 11:56:29 Africa/Lagos] Database class found
[12-Mar-2026 11:56:29 Africa/Lagos] Loading StudentManager from: /home/academixsuite/public_html/tenant/{school-slug}/admin/../../../includes/StudentManager.php
[12-Mar-2026 11:56:29 Africa/Lagos] StudentManager loaded successfully
[12-Mar-2026 11:56:29 Africa/Lagos] Attempting to connect to database: school_6
[12-Mar-2026 11:56:29 Africa/Lagos] School database connection successful for: school_6
[12-Mar-2026 11:56:29 Africa/Lagos] Database connection PDO object: PDO
[12-Mar-2026 11:56:29 Africa/Lagos] Initializing StudentManager with parameters:
[12-Mar-2026 11:56:29 Africa/Lagos] - School ID: 6
[12-Mar-2026 11:56:29 Africa/Lagos] - User ID: 1
[12-Mar-2026 11:56:29 Africa/Lagos] - User Type: admin
[12-Mar-2026 11:56:29 Africa/Lagos] StudentManager initialized for school ID: 6
[12-Mar-2026 11:56:29 Africa/Lagos] StudentManager initialized successfully
[12-Mar-2026 11:56:29 Africa/Lagos] Starting data fetch from database
[12-Mar-2026 11:56:29 Africa/Lagos] Loaded 21 settings records
[12-Mar-2026 11:56:29 Africa/Lagos] Loaded user data for ID: 1
[12-Mar-2026 11:56:29 Africa/Lagos] Loaded 1 academic years
[12-Mar-2026 11:56:29 Africa/Lagos] Loaded 16 classes
[12-Mar-2026 11:56:29 Africa/Lagos] Processing AJAX request: search_parents
[12-Mar-2026 11:56:29 Africa/Lagos] Searching parents with term: ovi
[12-Mar-2026 11:56:29 Africa/Lagos] Found 1 parents matching term
[12-Mar-2026 11:57:28 Africa/Lagos] === ADD STUDENT PAGE START ===
[12-Mar-2026 11:57:28 Africa/Lagos] Request URI: /tenant/bitflux-wallet-1771434696/admin/add-new-student.php
[12-Mar-2026 11:57:28 Africa/Lagos] Script: /home/academixsuite/public_html/tenant/{school-slug}/admin/add-new-student.php
[12-Mar-2026 11:57:28 Africa/Lagos] Request Method: POST
[12-Mar-2026 11:57:28 Africa/Lagos] Session ID: e6537039b23d0cd6c8592a82d470eee8
[12-Mar-2026 11:57:28 Africa/Lagos] School Slug: bitflux-wallet-1771434696
[12-Mar-2026 11:57:28 Africa/Lagos] User Type: admin
[12-Mar-2026 11:57:28 Africa/Lagos] Current Page: add-new-student.php
[12-Mar-2026 11:57:28 Africa/Lagos] School ID: 6
[12-Mar-2026 11:57:28 Africa/Lagos] School Name: bitflux wallet
[12-Mar-2026 11:57:28 Africa/Lagos] Authenticated User ID: 1
[12-Mar-2026 11:57:28 Africa/Lagos] Authenticated User Type: admin
[12-Mar-2026 11:57:28 Africa/Lagos] Loading autoload from: /home/academixsuite/public_html/tenant/{school-slug}/admin/../../../includes/autoload.php
[12-Mar-2026 11:57:28 Africa/Lagos] Autoload loaded successfully
[12-Mar-2026 11:57:28 Africa/Lagos] Database class found
[12-Mar-2026 11:57:28 Africa/Lagos] Loading StudentManager from: /home/academixsuite/public_html/tenant/{school-slug}/admin/../../../includes/StudentManager.php
[12-Mar-2026 11:57:28 Africa/Lagos] StudentManager loaded successfully
[12-Mar-2026 11:57:28 Africa/Lagos] Attempting to connect to database: school_6
[12-Mar-2026 11:57:28 Africa/Lagos] School database connection successful for: school_6
[12-Mar-2026 11:57:28 Africa/Lagos] Database connection PDO object: PDO
[12-Mar-2026 11:57:28 Africa/Lagos] Initializing StudentManager with parameters:
[12-Mar-2026 11:57:28 Africa/Lagos] - School ID: 6
[12-Mar-2026 11:57:28 Africa/Lagos] - User ID: 1
[12-Mar-2026 11:57:28 Africa/Lagos] - User Type: admin
[12-Mar-2026 11:57:28 Africa/Lagos] StudentManager initialized for school ID: 6
[12-Mar-2026 11:57:28 Africa/Lagos] StudentManager initialized successfully
[12-Mar-2026 11:57:28 Africa/Lagos] POST data received. Fields: csrf_token, academic_year, class, section, roll_number, admission_date, first_name, middle_name, last_name, gender, date_of_birth, student_phone, student_email, existing_parent_id, blood_group, allergies, medical_conditions, current_address, permanent_address, previous_school, previous_class, transfer_certificate_no
[12-Mar-2026 11:57:28 Africa/Lagos] Starting data fetch from database
[12-Mar-2026 11:57:28 Africa/Lagos] Loaded 21 settings records
[12-Mar-2026 11:57:28 Africa/Lagos] Loaded user data for ID: 1
[12-Mar-2026 11:57:28 Africa/Lagos] Loaded 1 academic years
[12-Mar-2026 11:57:28 Africa/Lagos] Loaded 16 classes
[12-Mar-2026 11:57:28 Africa/Lagos] === POST REQUEST DETECTED ===
[12-Mar-2026 11:57:28 Africa/Lagos] POST data keys: csrf_token, academic_year, class, section, roll_number, admission_date, first_name, middle_name, last_name, gender, date_of_birth, student_phone, student_email, existing_parent_id, blood_group, allergies, medical_conditions, current_address, permanent_address, previous_school, previous_class, transfer_certificate_no
[12-Mar-2026 11:57:28 Africa/Lagos] === PROCESSING FORM SUBMISSION ===
[12-Mar-2026 11:57:28 Africa/Lagos] Form submission detected via field presence
[12-Mar-2026 11:57:28 Africa/Lagos] CSRF validation PASSED
[12-Mar-2026 11:57:28 Africa/Lagos] Student data prepared for insertion:
[12-Mar-2026 11:57:28 Africa/Lagos] - Name: Ovieva Favour
[12-Mar-2026 11:57:28 Africa/Lagos] Validation PASSED - all required fields present
[12-Mar-2026 11:57:28 Africa/Lagos] Calling StudentManager->addStudent()
[12-Mar-2026 11:57:28 Africa/Lagos] === ADD STUDENT START ===
[12-Mar-2026 11:57:28 Africa/Lagos] School ID: 6
[12-Mar-2026 11:57:28 Africa/Lagos] User ID: 1
[12-Mar-2026 11:57:28 Africa/Lagos] Data received: ["academic_year_id","class_id","section_id","roll_number","admission_date","first_name","middle_name","last_name","gender","date_of_birth","student_email","student_phone","guardian_name","guardian_email","guardian_phone","guardian_relation","guardian_address","existing_parent_id","blood_group","allergies","medical_conditions","doctor_name","doctor_phone","current_address","permanent_address","previous_school","previous_class","transfer_certificate_no"]
[12-Mar-2026 11:57:28 Africa/Lagos] Transaction started
[12-Mar-2026 11:57:28 Africa/Lagos] Validation passed
[12-Mar-2026 11:57:28 Africa/Lagos] Generating admission number for academic year ID: 1
[12-Mar-2026 11:57:28 Africa/Lagos] Using academic year: 2025-2026 (Year: 2025)
[12-Mar-2026 11:57:28 Africa/Lagos] Generated admission number: BIT-2025-0012
[12-Mar-2026 11:57:28 Africa/Lagos] Generated admission number: BIT-2025-0012
[12-Mar-2026 11:57:28 Africa/Lagos] Generating professional email for: Ovieva Favour (student)
[12-Mar-2026 11:57:28 Africa/Lagos] Base email generated: ovieva.favour@student.bitflux-wallet-1771434696
[12-Mar-2026 11:57:28 Africa/Lagos] Email is unique: ovieva.favour@student.bitflux-wallet-1771434696
[12-Mar-2026 11:57:28 Africa/Lagos] Generated student email: ovieva.favour@student.bitflux-wallet-1771434696
[12-Mar-2026 11:57:28 Africa/Lagos] Generated random password of length: 8
[12-Mar-2026 11:57:28 Africa/Lagos] Student password generated (hashed)
[12-Mar-2026 11:57:28 Africa/Lagos] Creating student user account:
[12-Mar-2026 11:57:28 Africa/Lagos] - Full name: Ovieva Oghenetega Favour
[12-Mar-2026 11:57:28 Africa/Lagos] - Email: ovieva.favour@student.bitflux-wallet-1771434696
[12-Mar-2026 11:57:28 Africa/Lagos] - Username: ovieva.favour
[12-Mar-2026 11:57:28 Africa/Lagos] Student user created with ID: 71
[12-Mar-2026 11:57:28 Africa/Lagos] Student role assigned to user ID: 71
[12-Mar-2026 11:57:28 Africa/Lagos] Getting default campus ID for school: 6
[12-Mar-2026 11:57:28 Africa/Lagos] Error getting default campus: SQLSTATE[42S22]: Column not found: 1054 Unknown column 'is_default' in 'WHERE'
[12-Mar-2026 11:57:28 Africa/Lagos] Campus ID: null
[12-Mar-2026 11:57:28 Africa/Lagos] Inserting student record...
[12-Mar-2026 11:57:28 Africa/Lagos] Student insert params prepared: [6,null,"71","BIT-2025-0012","2",4,5,"2025-09-11","Ovieva","Oghenetega","Favour","2023-10-04"]...
[12-Mar-2026 11:57:28 Africa/Lagos] === STUDENT RECORD CREATED SUCCESSFULLY ===
[12-Mar-2026 11:57:28 Africa/Lagos] Student ID: 26
[12-Mar-2026 11:57:28 Africa/Lagos] Admission Number: BIT-2025-0012
[12-Mar-2026 11:57:28 Africa/Lagos] Using existing parent ID: 57
[12-Mar-2026 11:57:28 Africa/Lagos] Creating guardian relationship - Parent: 57, Student: 26, Relationship: guardian
[12-Mar-2026 11:57:28 Africa/Lagos] Guardian relationship created successfully
[12-Mar-2026 11:57:28 Africa/Lagos] Stored temporary password for student ID: 71
[12-Mar-2026 11:57:28 Africa/Lagos] Creating audit log entry
[12-Mar-2026 11:57:28 Africa/Lagos] Audit log created successfully
[12-Mar-2026 11:57:28 Africa/Lagos] Transaction committed successfully
[12-Mar-2026 11:57:28 Africa/Lagos] Attempting to send login emails
[12-Mar-2026 11:57:28 Africa/Lagos] === SENDING LOGIN EMAILS ===
[12-Mar-2026 11:57:28 Africa/Lagos] Sending email to student: ovieva.favour@student.bitflux-wallet-1771434696
[12-Mar-2026 11:57:28 Africa/Lagos] Attempting to send email to: ovieva.favour@student.bitflux-wallet-1771434696
[12-Mar-2026 11:57:28 Africa/Lagos] Email sent successfully via mail() function
[12-Mar-2026 11:57:28 Africa/Lagos] Student email sent successfully
[12-Mar-2026 11:57:28 Africa/Lagos] No parent to email or parent ID not provided
[12-Mar-2026 11:57:28 Africa/Lagos] Email sending completed with 0 errors
[12-Mar-2026 11:57:28 Africa/Lagos] === ADD STUDENT COMPLETED SUCCESSFULLY ===
[12-Mar-2026 11:57:28 Africa/Lagos] Return message: Student added successfully! Admission Number: BIT-2025-0012
[12-Mar-2026 11:57:28 Africa/Lagos] StudentManager->addStudent() completed in 292.85ms
[12-Mar-2026 11:57:28 Africa/Lagos] === STUDENT ADDED SUCCESSFULLY ===
[12-Mar-2026 11:57:28 Africa/Lagos] Student ID: 26
[12-Mar-2026 11:57:28 Africa/Lagos] Message: Student added successfully! Admission Number: BIT-2025-0012
[12-Mar-2026 11:57:28 Africa/Lagos] Redirecting to student list: student-list.php
[12-Mar-2026 11:57:38 Africa/Lagos] === ADD STUDENT PAGE START ===
[12-Mar-2026 11:57:38 Africa/Lagos] Request URI: /tenant/bitflux-wallet-1771434696/admin/add-new-student.php
[12-Mar-2026 11:57:38 Africa/Lagos] Script: /home/academixsuite/public_html/tenant/{school-slug}/admin/add-new-student.php
[12-Mar-2026 11:57:38 Africa/Lagos] Request Method: GET
[12-Mar-2026 11:57:38 Africa/Lagos] Session ID: e6537039b23d0cd6c8592a82d470eee8
[12-Mar-2026 11:57:38 Africa/Lagos] School Slug: bitflux-wallet-1771434696
[12-Mar-2026 11:57:38 Africa/Lagos] User Type: admin
[12-Mar-2026 11:57:38 Africa/Lagos] Current Page: add-new-student.php
[12-Mar-2026 11:57:38 Africa/Lagos] School ID: 6
[12-Mar-2026 11:57:38 Africa/Lagos] School Name: bitflux wallet
[12-Mar-2026 11:57:38 Africa/Lagos] Authenticated User ID: 1
[12-Mar-2026 11:57:38 Africa/Lagos] Authenticated User Type: admin
[12-Mar-2026 11:57:38 Africa/Lagos] Loading autoload from: /home/academixsuite/public_html/tenant/{school-slug}/admin/../../../includes/autoload.php
[12-Mar-2026 11:57:38 Africa/Lagos] Autoload loaded successfully
[12-Mar-2026 11:57:38 Africa/Lagos] Database class found
[12-Mar-2026 11:57:38 Africa/Lagos] Loading StudentManager from: /home/academixsuite/public_html/tenant/{school-slug}/admin/../../../includes/StudentManager.php
[12-Mar-2026 11:57:38 Africa/Lagos] StudentManager loaded successfully
[12-Mar-2026 11:57:38 Africa/Lagos] Attempting to connect to database: school_6
[12-Mar-2026 11:57:38 Africa/Lagos] School database connection successful for: school_6
[12-Mar-2026 11:57:38 Africa/Lagos] Database connection PDO object: PDO
[12-Mar-2026 11:57:38 Africa/Lagos] Initializing StudentManager with parameters:
[12-Mar-2026 11:57:38 Africa/Lagos] - School ID: 6
[12-Mar-2026 11:57:38 Africa/Lagos] - User ID: 1
[12-Mar-2026 11:57:38 Africa/Lagos] - User Type: admin
[12-Mar-2026 11:57:38 Africa/Lagos] StudentManager initialized for school ID: 6
[12-Mar-2026 11:57:38 Africa/Lagos] StudentManager initialized successfully
[12-Mar-2026 11:57:38 Africa/Lagos] Starting data fetch from database
[12-Mar-2026 11:57:38 Africa/Lagos] Loaded 21 settings records
[12-Mar-2026 11:57:38 Africa/Lagos] Loaded user data for ID: 1
[12-Mar-2026 11:57:38 Africa/Lagos] Loaded 1 academic years
[12-Mar-2026 11:57:38 Africa/Lagos] Loaded 16 classes
[12-Mar-2026 11:57:38 Africa/Lagos] === ADD STUDENT PAGE END ===
[12-Mar-2026 11:57:38 Africa/Lagos] Page loaded with 16 classes, 1 academic years
[12-Mar-2026 11:57:38 Africa/Lagos] ROUTER END: Successfully served /home/academixsuite/public_html/tenant/{school-slug}/admin/add-new-student.php
[12-Mar-2026 11:57:43 Africa/Lagos] === ADD STUDENT PAGE START ===
[12-Mar-2026 11:57:43 Africa/Lagos] Request URI: /tenant/bitflux-wallet-1771434696/admin/add-new-student.php?ajax=get_sections&class_id=4
[12-Mar-2026 11:57:43 Africa/Lagos] Script: /home/academixsuite/public_html/tenant/{school-slug}/admin/add-new-student.php
[12-Mar-2026 11:57:43 Africa/Lagos] Request Method: GET
[12-Mar-2026 11:57:43 Africa/Lagos] Session ID: e6537039b23d0cd6c8592a82d470eee8
[12-Mar-2026 11:57:43 Africa/Lagos] School Slug: bitflux-wallet-1771434696
[12-Mar-2026 11:57:43 Africa/Lagos] User Type: admin
[12-Mar-2026 11:57:43 Africa/Lagos] Current Page: add-new-student.php
[12-Mar-2026 11:57:43 Africa/Lagos] School ID: 6
[12-Mar-2026 11:57:43 Africa/Lagos] School Name: bitflux wallet
[12-Mar-2026 11:57:43 Africa/Lagos] Authenticated User ID: 1
[12-Mar-2026 11:57:43 Africa/Lagos] Authenticated User Type: admin
[12-Mar-2026 11:57:43 Africa/Lagos] Loading autoload from: /home/academixsuite/public_html/tenant/{school-slug}/admin/../../../includes/autoload.php
[12-Mar-2026 11:57:43 Africa/Lagos] Autoload loaded successfully
[12-Mar-2026 11:57:43 Africa/Lagos] Database class found
[12-Mar-2026 11:57:43 Africa/Lagos] Loading StudentManager from: /home/academixsuite/public_html/tenant/{school-slug}/admin/../../../includes/StudentManager.php
[12-Mar-2026 11:57:43 Africa/Lagos] StudentManager loaded successfully
[12-Mar-2026 11:57:43 Africa/Lagos] Attempting to connect to database: school_6
[12-Mar-2026 11:57:43 Africa/Lagos] School database connection successful for: school_6
[12-Mar-2026 11:57:43 Africa/Lagos] Database connection PDO object: PDO
[12-Mar-2026 11:57:43 Africa/Lagos] Initializing StudentManager with parameters:
[12-Mar-2026 11:57:43 Africa/Lagos] - School ID: 6
[12-Mar-2026 11:57:43 Africa/Lagos] - User ID: 1
[12-Mar-2026 11:57:43 Africa/Lagos] - User Type: admin
[12-Mar-2026 11:57:43 Africa/Lagos] StudentManager initialized for school ID: 6
[12-Mar-2026 11:57:43 Africa/Lagos] StudentManager initialized successfully
[12-Mar-2026 11:57:43 Africa/Lagos] Starting data fetch from database
[12-Mar-2026 11:57:43 Africa/Lagos] Loaded 21 settings records
[12-Mar-2026 11:57:43 Africa/Lagos] Loaded user data for ID: 1
[12-Mar-2026 11:57:43 Africa/Lagos] Loaded 1 academic years
[12-Mar-2026 11:57:43 Africa/Lagos] Loaded 16 classes
[12-Mar-2026 11:57:43 Africa/Lagos] Retrieved 1 sections for class ID: 4
[12-Mar-2026 11:57:43 Africa/Lagos] Loaded 1 sections for class 4
[12-Mar-2026 11:57:43 Africa/Lagos] Processing AJAX request: get_sections
[12-Mar-2026 11:57:43 Africa/Lagos] Retrieved 1 sections for class ID: 4
[12-Mar-2026 11:58:55 Africa/Lagos] === ADD STUDENT PAGE START ===
[12-Mar-2026 11:58:55 Africa/Lagos] Request URI: /tenant/bitflux-wallet-1771434696/admin/add-new-student.php?ajax=search_parents&term=tam
[12-Mar-2026 11:58:55 Africa/Lagos] Script: /home/academixsuite/public_html/tenant/{school-slug}/admin/add-new-student.php
[12-Mar-2026 11:58:55 Africa/Lagos] Request Method: GET
[12-Mar-2026 11:58:55 Africa/Lagos] Session ID: e6537039b23d0cd6c8592a82d470eee8
[12-Mar-2026 11:58:55 Africa/Lagos] School Slug: bitflux-wallet-1771434696
[12-Mar-2026 11:58:55 Africa/Lagos] User Type: admin
[12-Mar-2026 11:58:55 Africa/Lagos] Current Page: add-new-student.php
[12-Mar-2026 11:58:55 Africa/Lagos] School ID: 6
[12-Mar-2026 11:58:55 Africa/Lagos] School Name: bitflux wallet
[12-Mar-2026 11:58:55 Africa/Lagos] Authenticated User ID: 1
[12-Mar-2026 11:58:55 Africa/Lagos] Authenticated User Type: admin
[12-Mar-2026 11:58:55 Africa/Lagos] Loading autoload from: /home/academixsuite/public_html/tenant/{school-slug}/admin/../../../includes/autoload.php
[12-Mar-2026 11:58:55 Africa/Lagos] Autoload loaded successfully
[12-Mar-2026 11:58:55 Africa/Lagos] Database class found
[12-Mar-2026 11:58:55 Africa/Lagos] Loading StudentManager from: /home/academixsuite/public_html/tenant/{school-slug}/admin/../../../includes/StudentManager.php
[12-Mar-2026 11:58:55 Africa/Lagos] StudentManager loaded successfully
[12-Mar-2026 11:58:55 Africa/Lagos] Attempting to connect to database: school_6
[12-Mar-2026 11:58:55 Africa/Lagos] School database connection successful for: school_6
[12-Mar-2026 11:58:55 Africa/Lagos] Database connection PDO object: PDO
[12-Mar-2026 11:58:55 Africa/Lagos] Initializing StudentManager with parameters:
[12-Mar-2026 11:58:55 Africa/Lagos] - School ID: 6
[12-Mar-2026 11:58:55 Africa/Lagos] - User ID: 1
[12-Mar-2026 11:58:55 Africa/Lagos] - User Type: admin
[12-Mar-2026 11:58:55 Africa/Lagos] StudentManager initialized for school ID: 6
[12-Mar-2026 11:58:55 Africa/Lagos] StudentManager initialized successfully
[12-Mar-2026 11:58:55 Africa/Lagos] Starting data fetch from database
[12-Mar-2026 11:58:55 Africa/Lagos] Loaded 21 settings records
[12-Mar-2026 11:58:55 Africa/Lagos] Loaded user data for ID: 1
[12-Mar-2026 11:58:55 Africa/Lagos] Loaded 1 academic years
[12-Mar-2026 11:58:55 Africa/Lagos] Loaded 16 classes
[12-Mar-2026 11:58:55 Africa/Lagos] Processing AJAX request: search_parents
[12-Mar-2026 11:58:55 Africa/Lagos] Searching parents with term: tam
[12-Mar-2026 11:58:55 Africa/Lagos] Found 0 parents matching term
[12-Mar-2026 11:59:09 Africa/Lagos] === ADD STUDENT PAGE START ===
[12-Mar-2026 11:59:09 Africa/Lagos] Request URI: /tenant/bitflux-wallet-1771434696/admin/add-new-student.php?ajax=search_parents&term=per
[12-Mar-2026 11:59:09 Africa/Lagos] Script: /home/academixsuite/public_html/tenant/{school-slug}/admin/add-new-student.php
[12-Mar-2026 11:59:09 Africa/Lagos] Request Method: GET
[12-Mar-2026 11:59:09 Africa/Lagos] Session ID: e6537039b23d0cd6c8592a82d470eee8
[12-Mar-2026 11:59:09 Africa/Lagos] School Slug: bitflux-wallet-1771434696
[12-Mar-2026 11:59:09 Africa/Lagos] User Type: admin
[12-Mar-2026 11:59:09 Africa/Lagos] Current Page: add-new-student.php
[12-Mar-2026 11:59:09 Africa/Lagos] School ID: 6
[12-Mar-2026 11:59:09 Africa/Lagos] School Name: bitflux wallet
[12-Mar-2026 11:59:09 Africa/Lagos] Authenticated User ID: 1
[12-Mar-2026 11:59:09 Africa/Lagos] Authenticated User Type: admin
[12-Mar-2026 11:59:09 Africa/Lagos] Loading autoload from: /home/academixsuite/public_html/tenant/{school-slug}/admin/../../../includes/autoload.php
[12-Mar-2026 11:59:09 Africa/Lagos] Autoload loaded successfully
[12-Mar-2026 11:59:09 Africa/Lagos] Database class found
[12-Mar-2026 11:59:09 Africa/Lagos] Loading StudentManager from: /home/academixsuite/public_html/tenant/{school-slug}/admin/../../../includes/StudentManager.php
[12-Mar-2026 11:59:09 Africa/Lagos] StudentManager loaded successfully
[12-Mar-2026 11:59:09 Africa/Lagos] Attempting to connect to database: school_6
[12-Mar-2026 11:59:09 Africa/Lagos] School database connection successful for: school_6
[12-Mar-2026 11:59:09 Africa/Lagos] Database connection PDO object: PDO
[12-Mar-2026 11:59:09 Africa/Lagos] Initializing StudentManager with parameters:
[12-Mar-2026 11:59:09 Africa/Lagos] - School ID: 6
[12-Mar-2026 11:59:09 Africa/Lagos] - User ID: 1
[12-Mar-2026 11:59:09 Africa/Lagos] - User Type: admin
[12-Mar-2026 11:59:09 Africa/Lagos] StudentManager initialized for school ID: 6
[12-Mar-2026 11:59:09 Africa/Lagos] StudentManager initialized successfully
[12-Mar-2026 11:59:09 Africa/Lagos] Starting data fetch from database
[12-Mar-2026 11:59:09 Africa/Lagos] Loaded 21 settings records
[12-Mar-2026 11:59:09 Africa/Lagos] Loaded user data for ID: 1
[12-Mar-2026 11:59:09 Africa/Lagos] Loaded 1 academic years
[12-Mar-2026 11:59:09 Africa/Lagos] Loaded 16 classes
[12-Mar-2026 11:59:09 Africa/Lagos] Processing AJAX request: search_parents
[12-Mar-2026 11:59:09 Africa/Lagos] Searching parents with term: per
[12-Mar-2026 11:59:09 Africa/Lagos] Found 1 parents matching term
[12-Mar-2026 12:00:16 Africa/Lagos] === ADD STUDENT PAGE START ===
[12-Mar-2026 12:00:16 Africa/Lagos] Request URI: /tenant/bitflux-wallet-1771434696/admin/add-new-student.php
[12-Mar-2026 12:00:16 Africa/Lagos] Script: /home/academixsuite/public_html/tenant/{school-slug}/admin/add-new-student.php
[12-Mar-2026 12:00:16 Africa/Lagos] Request Method: POST
[12-Mar-2026 12:00:16 Africa/Lagos] Session ID: e6537039b23d0cd6c8592a82d470eee8
[12-Mar-2026 12:00:16 Africa/Lagos] School Slug: bitflux-wallet-1771434696
[12-Mar-2026 12:00:16 Africa/Lagos] User Type: admin
[12-Mar-2026 12:00:16 Africa/Lagos] Current Page: add-new-student.php
[12-Mar-2026 12:00:16 Africa/Lagos] School ID: 6
[12-Mar-2026 12:00:16 Africa/Lagos] School Name: bitflux wallet
[12-Mar-2026 12:00:16 Africa/Lagos] Authenticated User ID: 1
[12-Mar-2026 12:00:16 Africa/Lagos] Authenticated User Type: admin
[12-Mar-2026 12:00:16 Africa/Lagos] Loading autoload from: /home/academixsuite/public_html/tenant/{school-slug}/admin/../../../includes/autoload.php
[12-Mar-2026 12:00:16 Africa/Lagos] Autoload loaded successfully
[12-Mar-2026 12:00:16 Africa/Lagos] Database class found
[12-Mar-2026 12:00:16 Africa/Lagos] Loading StudentManager from: /home/academixsuite/public_html/tenant/{school-slug}/admin/../../../includes/StudentManager.php
[12-Mar-2026 12:00:16 Africa/Lagos] StudentManager loaded successfully
[12-Mar-2026 12:00:16 Africa/Lagos] Attempting to connect to database: school_6
[12-Mar-2026 12:00:16 Africa/Lagos] School database connection successful for: school_6
[12-Mar-2026 12:00:16 Africa/Lagos] Database connection PDO object: PDO
[12-Mar-2026 12:00:16 Africa/Lagos] Initializing StudentManager with parameters:
[12-Mar-2026 12:00:16 Africa/Lagos] - School ID: 6
[12-Mar-2026 12:00:16 Africa/Lagos] - User ID: 1
[12-Mar-2026 12:00:16 Africa/Lagos] - User Type: admin
[12-Mar-2026 12:00:16 Africa/Lagos] StudentManager initialized for school ID: 6
[12-Mar-2026 12:00:16 Africa/Lagos] StudentManager initialized successfully
[12-Mar-2026 12:00:16 Africa/Lagos] POST data received. Fields: csrf_token, academic_year, class, section, roll_number, admission_date, first_name, middle_name, last_name, gender, date_of_birth, student_phone, student_email, existing_parent_id, blood_group, allergies, medical_conditions, current_address, permanent_address, previous_school, previous_class, transfer_certificate_no
[12-Mar-2026 12:00:16 Africa/Lagos] Starting data fetch from database
[12-Mar-2026 12:00:16 Africa/Lagos] Loaded 21 settings records
[12-Mar-2026 12:00:16 Africa/Lagos] Loaded user data for ID: 1
[12-Mar-2026 12:00:16 Africa/Lagos] Loaded 1 academic years
[12-Mar-2026 12:00:16 Africa/Lagos] Loaded 16 classes
[12-Mar-2026 12:00:16 Africa/Lagos] === POST REQUEST DETECTED ===
[12-Mar-2026 12:00:16 Africa/Lagos] POST data keys: csrf_token, academic_year, class, section, roll_number, admission_date, first_name, middle_name, last_name, gender, date_of_birth, student_phone, student_email, existing_parent_id, blood_group, allergies, medical_conditions, current_address, permanent_address, previous_school, previous_class, transfer_certificate_no
[12-Mar-2026 12:00:16 Africa/Lagos] === PROCESSING FORM SUBMISSION ===
[12-Mar-2026 12:00:16 Africa/Lagos] Form submission detected via field presence
[12-Mar-2026 12:00:16 Africa/Lagos] CSRF validation PASSED
[12-Mar-2026 12:00:16 Africa/Lagos] Student data prepared for insertion:
[12-Mar-2026 12:00:16 Africa/Lagos] - Name: Tamuno Rejoice
[12-Mar-2026 12:00:16 Africa/Lagos] Validation PASSED - all required fields present
[12-Mar-2026 12:00:16 Africa/Lagos] Calling StudentManager->addStudent()
[12-Mar-2026 12:00:16 Africa/Lagos] === ADD STUDENT START ===
[12-Mar-2026 12:00:16 Africa/Lagos] School ID: 6
[12-Mar-2026 12:00:16 Africa/Lagos] User ID: 1
[12-Mar-2026 12:00:16 Africa/Lagos] Data received: ["academic_year_id","class_id","section_id","roll_number","admission_date","first_name","middle_name","last_name","gender","date_of_birth","student_email","student_phone","guardian_name","guardian_email","guardian_phone","guardian_relation","guardian_address","existing_parent_id","blood_group","allergies","medical_conditions","doctor_name","doctor_phone","current_address","permanent_address","previous_school","previous_class","transfer_certificate_no"]
[12-Mar-2026 12:00:16 Africa/Lagos] Transaction started
[12-Mar-2026 12:00:16 Africa/Lagos] Validation passed
[12-Mar-2026 12:00:16 Africa/Lagos] Generating admission number for academic year ID: 1
[12-Mar-2026 12:00:16 Africa/Lagos] Using academic year: 2025-2026 (Year: 2025)
[12-Mar-2026 12:00:16 Africa/Lagos] Generated admission number: BIT-2025-0013
[12-Mar-2026 12:00:16 Africa/Lagos] Generated admission number: BIT-2025-0013
[12-Mar-2026 12:00:16 Africa/Lagos] Generating professional email for: Tamuno Rejoice (student)
[12-Mar-2026 12:00:16 Africa/Lagos] Base email generated: tamuno.rejoice@student.bitflux-wallet-1771434696
[12-Mar-2026 12:00:16 Africa/Lagos] Email is unique: tamuno.rejoice@student.bitflux-wallet-1771434696
[12-Mar-2026 12:00:16 Africa/Lagos] Generated student email: tamuno.rejoice@student.bitflux-wallet-1771434696
[12-Mar-2026 12:00:16 Africa/Lagos] Generated random password of length: 8
[12-Mar-2026 12:00:17 Africa/Lagos] Student password generated (hashed)
[12-Mar-2026 12:00:17 Africa/Lagos] Creating student user account:
[12-Mar-2026 12:00:17 Africa/Lagos] - Full name: Tamuno Biebele Rejoice
[12-Mar-2026 12:00:17 Africa/Lagos] - Email: tamuno.rejoice@student.bitflux-wallet-1771434696
[12-Mar-2026 12:00:17 Africa/Lagos] - Username: tamuno.rejoice
[12-Mar-2026 12:00:17 Africa/Lagos] Student user created with ID: 72
[12-Mar-2026 12:00:17 Africa/Lagos] Student role assigned to user ID: 72
[12-Mar-2026 12:00:17 Africa/Lagos] Getting default campus ID for school: 6
[12-Mar-2026 12:00:17 Africa/Lagos] Error getting default campus: SQLSTATE[42S22]: Column not found: 1054 Unknown column 'is_default' in 'WHERE'
[12-Mar-2026 12:00:17 Africa/Lagos] Campus ID: null
[12-Mar-2026 12:00:17 Africa/Lagos] Inserting student record...
[12-Mar-2026 12:00:17 Africa/Lagos] Student insert params prepared: [6,null,"72","BIT-2025-0013","2",4,5,"2025-09-11","Tamuno","Biebele","Rejoice","2023-02-07"]...
[12-Mar-2026 12:00:17 Africa/Lagos] === STUDENT RECORD CREATED SUCCESSFULLY ===
[12-Mar-2026 12:00:17 Africa/Lagos] Student ID: 27
[12-Mar-2026 12:00:17 Africa/Lagos] Admission Number: BIT-2025-0013
[12-Mar-2026 12:00:17 Africa/Lagos] Using existing parent ID: 58
[12-Mar-2026 12:00:17 Africa/Lagos] Creating guardian relationship - Parent: 58, Student: 27, Relationship: guardian
[12-Mar-2026 12:00:17 Africa/Lagos] Guardian relationship created successfully
[12-Mar-2026 12:00:17 Africa/Lagos] Stored temporary password for student ID: 72
[12-Mar-2026 12:00:17 Africa/Lagos] Creating audit log entry
[12-Mar-2026 12:00:17 Africa/Lagos] Audit log created successfully
[12-Mar-2026 12:00:17 Africa/Lagos] Transaction committed successfully
[12-Mar-2026 12:00:17 Africa/Lagos] Attempting to send login emails
[12-Mar-2026 12:00:17 Africa/Lagos] === SENDING LOGIN EMAILS ===
[12-Mar-2026 12:00:17 Africa/Lagos] Sending email to student: tamuno.rejoice@student.bitflux-wallet-1771434696
[12-Mar-2026 12:00:17 Africa/Lagos] Attempting to send email to: tamuno.rejoice@student.bitflux-wallet-1771434696
[12-Mar-2026 12:00:17 Africa/Lagos] Email sent successfully via mail() function
[12-Mar-2026 12:00:17 Africa/Lagos] Student email sent successfully
[12-Mar-2026 12:00:17 Africa/Lagos] No parent to email or parent ID not provided
[12-Mar-2026 12:00:17 Africa/Lagos] Email sending completed with 0 errors
[12-Mar-2026 12:00:17 Africa/Lagos] === ADD STUDENT COMPLETED SUCCESSFULLY ===
[12-Mar-2026 12:00:17 Africa/Lagos] Return message: Student added successfully! Admission Number: BIT-2025-0013
[12-Mar-2026 12:00:17 Africa/Lagos] StudentManager->addStudent() completed in 288.93ms
[12-Mar-2026 12:00:17 Africa/Lagos] === STUDENT ADDED SUCCESSFULLY ===
[12-Mar-2026 12:00:17 Africa/Lagos] Student ID: 27
[12-Mar-2026 12:00:17 Africa/Lagos] Message: Student added successfully! Admission Number: BIT-2025-0013
[12-Mar-2026 12:00:17 Africa/Lagos] Redirecting to student list: student-list.php
[12-Mar-2026 12:00:28 Africa/Lagos] === ADD STUDENT PAGE START ===
[12-Mar-2026 12:00:28 Africa/Lagos] Request URI: /tenant/bitflux-wallet-1771434696/admin/add-new-student.php
[12-Mar-2026 12:00:28 Africa/Lagos] Script: /home/academixsuite/public_html/tenant/{school-slug}/admin/add-new-student.php
[12-Mar-2026 12:00:28 Africa/Lagos] Request Method: GET
[12-Mar-2026 12:00:28 Africa/Lagos] Session ID: e6537039b23d0cd6c8592a82d470eee8
[12-Mar-2026 12:00:28 Africa/Lagos] School Slug: bitflux-wallet-1771434696
[12-Mar-2026 12:00:28 Africa/Lagos] User Type: admin
[12-Mar-2026 12:00:28 Africa/Lagos] Current Page: add-new-student.php
[12-Mar-2026 12:00:28 Africa/Lagos] School ID: 6
[12-Mar-2026 12:00:28 Africa/Lagos] School Name: bitflux wallet
[12-Mar-2026 12:00:28 Africa/Lagos] Authenticated User ID: 1
[12-Mar-2026 12:00:28 Africa/Lagos] Authenticated User Type: admin
[12-Mar-2026 12:00:28 Africa/Lagos] Loading autoload from: /home/academixsuite/public_html/tenant/{school-slug}/admin/../../../includes/autoload.php
[12-Mar-2026 12:00:28 Africa/Lagos] Autoload loaded successfully
[12-Mar-2026 12:00:28 Africa/Lagos] Database class found
[12-Mar-2026 12:00:28 Africa/Lagos] Loading StudentManager from: /home/academixsuite/public_html/tenant/{school-slug}/admin/../../../includes/StudentManager.php
[12-Mar-2026 12:00:28 Africa/Lagos] StudentManager loaded successfully
[12-Mar-2026 12:00:28 Africa/Lagos] Attempting to connect to database: school_6
[12-Mar-2026 12:00:28 Africa/Lagos] School database connection successful for: school_6
[12-Mar-2026 12:00:28 Africa/Lagos] Database connection PDO object: PDO
[12-Mar-2026 12:00:28 Africa/Lagos] Initializing StudentManager with parameters:
[12-Mar-2026 12:00:28 Africa/Lagos] - School ID: 6
[12-Mar-2026 12:00:28 Africa/Lagos] - User ID: 1
[12-Mar-2026 12:00:28 Africa/Lagos] - User Type: admin
[12-Mar-2026 12:00:28 Africa/Lagos] StudentManager initialized for school ID: 6
[12-Mar-2026 12:00:28 Africa/Lagos] StudentManager initialized successfully
[12-Mar-2026 12:00:28 Africa/Lagos] Starting data fetch from database
[12-Mar-2026 12:00:28 Africa/Lagos] Loaded 21 settings records
[12-Mar-2026 12:00:28 Africa/Lagos] Loaded user data for ID: 1
[12-Mar-2026 12:00:28 Africa/Lagos] Loaded 1 academic years
[12-Mar-2026 12:00:28 Africa/Lagos] Loaded 16 classes
[12-Mar-2026 12:00:28 Africa/Lagos] === ADD STUDENT PAGE END ===
[12-Mar-2026 12:00:28 Africa/Lagos] Page loaded with 16 classes, 1 academic years
[12-Mar-2026 12:00:28 Africa/Lagos] ROUTER END: Successfully served /home/academixsuite/public_html/tenant/{school-slug}/admin/add-new-student.php
[12-Mar-2026 12:00:33 Africa/Lagos] === ADD STUDENT PAGE START ===
[12-Mar-2026 12:00:33 Africa/Lagos] Request URI: /tenant/bitflux-wallet-1771434696/admin/add-new-student.php?ajax=get_sections&class_id=4
[12-Mar-2026 12:00:33 Africa/Lagos] Script: /home/academixsuite/public_html/tenant/{school-slug}/admin/add-new-student.php
[12-Mar-2026 12:00:33 Africa/Lagos] Request Method: GET
[12-Mar-2026 12:00:33 Africa/Lagos] Session ID: e6537039b23d0cd6c8592a82d470eee8
[12-Mar-2026 12:00:33 Africa/Lagos] School Slug: bitflux-wallet-1771434696
[12-Mar-2026 12:00:33 Africa/Lagos] User Type: admin
[12-Mar-2026 12:00:33 Africa/Lagos] Current Page: add-new-student.php
[12-Mar-2026 12:00:33 Africa/Lagos] School ID: 6
[12-Mar-2026 12:00:33 Africa/Lagos] School Name: bitflux wallet
[12-Mar-2026 12:00:33 Africa/Lagos] Authenticated User ID: 1
[12-Mar-2026 12:00:33 Africa/Lagos] Authenticated User Type: admin
[12-Mar-2026 12:00:33 Africa/Lagos] Loading autoload from: /home/academixsuite/public_html/tenant/{school-slug}/admin/../../../includes/autoload.php
[12-Mar-2026 12:00:33 Africa/Lagos] Autoload loaded successfully
[12-Mar-2026 12:00:33 Africa/Lagos] Database class found
[12-Mar-2026 12:00:33 Africa/Lagos] Loading StudentManager from: /home/academixsuite/public_html/tenant/{school-slug}/admin/../../../includes/StudentManager.php
[12-Mar-2026 12:00:33 Africa/Lagos] StudentManager loaded successfully
[12-Mar-2026 12:00:33 Africa/Lagos] Attempting to connect to database: school_6
[12-Mar-2026 12:00:33 Africa/Lagos] School database connection successful for: school_6
[12-Mar-2026 12:00:33 Africa/Lagos] Database connection PDO object: PDO
[12-Mar-2026 12:00:33 Africa/Lagos] Initializing StudentManager with parameters:
[12-Mar-2026 12:00:33 Africa/Lagos] - School ID: 6
[12-Mar-2026 12:00:33 Africa/Lagos] - User ID: 1
[12-Mar-2026 12:00:33 Africa/Lagos] - User Type: admin
[12-Mar-2026 12:00:33 Africa/Lagos] StudentManager initialized for school ID: 6
[12-Mar-2026 12:00:33 Africa/Lagos] StudentManager initialized successfully
[12-Mar-2026 12:00:33 Africa/Lagos] Starting data fetch from database
[12-Mar-2026 12:00:33 Africa/Lagos] Loaded 21 settings records
[12-Mar-2026 12:00:33 Africa/Lagos] Loaded user data for ID: 1
[12-Mar-2026 12:00:33 Africa/Lagos] Loaded 1 academic years
[12-Mar-2026 12:00:33 Africa/Lagos] Loaded 16 classes
[12-Mar-2026 12:00:33 Africa/Lagos] Retrieved 1 sections for class ID: 4
[12-Mar-2026 12:00:33 Africa/Lagos] Loaded 1 sections for class 4
[12-Mar-2026 12:00:33 Africa/Lagos] Processing AJAX request: get_sections
[12-Mar-2026 12:00:33 Africa/Lagos] Retrieved 1 sections for class ID: 4
[12-Mar-2026 12:03:49 Africa/Lagos] === ADD STUDENT PAGE START ===
[12-Mar-2026 12:03:49 Africa/Lagos] Request URI: /tenant/bitflux-wallet-1771434696/admin/add-new-student.php
[12-Mar-2026 12:03:49 Africa/Lagos] Script: /home/academixsuite/public_html/tenant/{school-slug}/admin/add-new-student.php
[12-Mar-2026 12:03:49 Africa/Lagos] Request Method: GET
[12-Mar-2026 12:03:49 Africa/Lagos] Session ID: 8b16a9aa5c7aaaba14f44fd2b1bbad4e
[12-Mar-2026 12:03:49 Africa/Lagos] School Slug: bitflux-wallet-1771434696
[12-Mar-2026 12:03:49 Africa/Lagos] User Type: admin
[12-Mar-2026 12:03:49 Africa/Lagos] Current Page: add-new-student.php
[12-Mar-2026 12:03:49 Africa/Lagos] School ID: 6
[12-Mar-2026 12:03:49 Africa/Lagos] School Name: bitflux wallet
[12-Mar-2026 12:03:49 Africa/Lagos] Authenticated User ID: 1
[12-Mar-2026 12:03:49 Africa/Lagos] Authenticated User Type: admin
[12-Mar-2026 12:03:49 Africa/Lagos] Loading autoload from: /home/academixsuite/public_html/tenant/{school-slug}/admin/../../../includes/autoload.php
[12-Mar-2026 12:03:49 Africa/Lagos] Autoload loaded successfully
[12-Mar-2026 12:03:49 Africa/Lagos] Database class found
[12-Mar-2026 12:03:49 Africa/Lagos] Loading StudentManager from: /home/academixsuite/public_html/tenant/{school-slug}/admin/../../../includes/StudentManager.php
[12-Mar-2026 12:03:49 Africa/Lagos] StudentManager loaded successfully
[12-Mar-2026 12:03:49 Africa/Lagos] Attempting to connect to database: school_6
[12-Mar-2026 12:03:49 Africa/Lagos] School database connection successful for: school_6
[12-Mar-2026 12:03:49 Africa/Lagos] Database connection PDO object: PDO
[12-Mar-2026 12:03:49 Africa/Lagos] Initializing StudentManager with parameters:
[12-Mar-2026 12:03:49 Africa/Lagos] - School ID: 6
[12-Mar-2026 12:03:49 Africa/Lagos] - User ID: 1
[12-Mar-2026 12:03:49 Africa/Lagos] - User Type: admin
[12-Mar-2026 12:03:49 Africa/Lagos] StudentManager initialized for school ID: 6
[12-Mar-2026 12:03:49 Africa/Lagos] StudentManager initialized successfully
[12-Mar-2026 12:03:49 Africa/Lagos] Starting data fetch from database
[12-Mar-2026 12:03:49 Africa/Lagos] Loaded 21 settings records
[12-Mar-2026 12:03:49 Africa/Lagos] Loaded user data for ID: 1
[12-Mar-2026 12:03:49 Africa/Lagos] Loaded 1 academic years
[12-Mar-2026 12:03:49 Africa/Lagos] Loaded 16 classes
[12-Mar-2026 12:03:49 Africa/Lagos] === ADD STUDENT PAGE END ===
[12-Mar-2026 12:03:49 Africa/Lagos] Page loaded with 16 classes, 1 academic years
[12-Mar-2026 12:03:49 Africa/Lagos] ROUTER END: Successfully served /home/academixsuite/public_html/tenant/{school-slug}/admin/add-new-student.php
[12-Mar-2026 12:03:57 Africa/Lagos] === ADD STUDENT PAGE START ===
[12-Mar-2026 12:03:57 Africa/Lagos] Request URI: /tenant/bitflux-wallet-1771434696/admin/add-new-student.php?ajax=search_parents&term=hag
[12-Mar-2026 12:03:57 Africa/Lagos] Script: /home/academixsuite/public_html/tenant/{school-slug}/admin/add-new-student.php
[12-Mar-2026 12:03:57 Africa/Lagos] Request Method: GET
[12-Mar-2026 12:03:57 Africa/Lagos] Session ID: 8b16a9aa5c7aaaba14f44fd2b1bbad4e
[12-Mar-2026 12:03:57 Africa/Lagos] School Slug: bitflux-wallet-1771434696
[12-Mar-2026 12:03:57 Africa/Lagos] User Type: admin
[12-Mar-2026 12:03:57 Africa/Lagos] Current Page: add-new-student.php
[12-Mar-2026 12:03:57 Africa/Lagos] School ID: 6
[12-Mar-2026 12:03:57 Africa/Lagos] School Name: bitflux wallet
[12-Mar-2026 12:03:57 Africa/Lagos] Authenticated User ID: 1
[12-Mar-2026 12:03:57 Africa/Lagos] Authenticated User Type: admin
[12-Mar-2026 12:03:57 Africa/Lagos] Loading autoload from: /home/academixsuite/public_html/tenant/{school-slug}/admin/../../../includes/autoload.php
[12-Mar-2026 12:03:57 Africa/Lagos] Autoload loaded successfully
[12-Mar-2026 12:03:57 Africa/Lagos] Database class found
[12-Mar-2026 12:03:57 Africa/Lagos] Loading StudentManager from: /home/academixsuite/public_html/tenant/{school-slug}/admin/../../../includes/StudentManager.php
[12-Mar-2026 12:03:57 Africa/Lagos] StudentManager loaded successfully
[12-Mar-2026 12:03:57 Africa/Lagos] Attempting to connect to database: school_6
[12-Mar-2026 12:03:57 Africa/Lagos] School database connection successful for: school_6
[12-Mar-2026 12:03:57 Africa/Lagos] Database connection PDO object: PDO
[12-Mar-2026 12:03:57 Africa/Lagos] Initializing StudentManager with parameters:
[12-Mar-2026 12:03:57 Africa/Lagos] - School ID: 6
[12-Mar-2026 12:03:57 Africa/Lagos] - User ID: 1
[12-Mar-2026 12:03:57 Africa/Lagos] - User Type: admin
[12-Mar-2026 12:03:57 Africa/Lagos] StudentManager initialized for school ID: 6
[12-Mar-2026 12:03:57 Africa/Lagos] StudentManager initialized successfully
[12-Mar-2026 12:03:57 Africa/Lagos] Starting data fetch from database
[12-Mar-2026 12:03:57 Africa/Lagos] Loaded 21 settings records
[12-Mar-2026 12:03:57 Africa/Lagos] Loaded user data for ID: 1
[12-Mar-2026 12:03:57 Africa/Lagos] Loaded 1 academic years
[12-Mar-2026 12:03:57 Africa/Lagos] Loaded 16 classes
[12-Mar-2026 12:03:57 Africa/Lagos] Processing AJAX request: search_parents
[12-Mar-2026 12:03:57 Africa/Lagos] Searching parents with term: hag
[12-Mar-2026 12:03:57 Africa/Lagos] Found 0 parents matching term
[12-Mar-2026 12:04:02 Africa/Lagos] === ADD STUDENT PAGE START ===
[12-Mar-2026 12:04:02 Africa/Lagos] Request URI: /tenant/bitflux-wallet-1771434696/admin/add-new-student.php?ajax=search_parents&term=bag
[12-Mar-2026 12:04:02 Africa/Lagos] Script: /home/academixsuite/public_html/tenant/{school-slug}/admin/add-new-student.php
[12-Mar-2026 12:04:02 Africa/Lagos] Request Method: GET
[12-Mar-2026 12:04:02 Africa/Lagos] Session ID: 8b16a9aa5c7aaaba14f44fd2b1bbad4e
[12-Mar-2026 12:04:02 Africa/Lagos] School Slug: bitflux-wallet-1771434696
[12-Mar-2026 12:04:02 Africa/Lagos] User Type: admin
[12-Mar-2026 12:04:02 Africa/Lagos] Current Page: add-new-student.php
[12-Mar-2026 12:04:02 Africa/Lagos] School ID: 6
[12-Mar-2026 12:04:02 Africa/Lagos] School Name: bitflux wallet
[12-Mar-2026 12:04:02 Africa/Lagos] Authenticated User ID: 1
[12-Mar-2026 12:04:02 Africa/Lagos] Authenticated User Type: admin
[12-Mar-2026 12:04:02 Africa/Lagos] Loading autoload from: /home/academixsuite/public_html/tenant/{school-slug}/admin/../../../includes/autoload.php
[12-Mar-2026 12:04:02 Africa/Lagos] Autoload loaded successfully
[12-Mar-2026 12:04:02 Africa/Lagos] Database class found
[12-Mar-2026 12:04:02 Africa/Lagos] Loading StudentManager from: /home/academixsuite/public_html/tenant/{school-slug}/admin/../../../includes/StudentManager.php
[12-Mar-2026 12:04:02 Africa/Lagos] StudentManager loaded successfully
[12-Mar-2026 12:04:02 Africa/Lagos] Attempting to connect to database: school_6
[12-Mar-2026 12:04:02 Africa/Lagos] School database connection successful for: school_6
[12-Mar-2026 12:04:02 Africa/Lagos] Database connection PDO object: PDO
[12-Mar-2026 12:04:02 Africa/Lagos] Initializing StudentManager with parameters:
[12-Mar-2026 12:04:02 Africa/Lagos] - School ID: 6
[12-Mar-2026 12:04:02 Africa/Lagos] - User ID: 1
[12-Mar-2026 12:04:02 Africa/Lagos] - User Type: admin
[12-Mar-2026 12:04:02 Africa/Lagos] StudentManager initialized for school ID: 6
[12-Mar-2026 12:04:02 Africa/Lagos] StudentManager initialized successfully
[12-Mar-2026 12:04:02 Africa/Lagos] Starting data fetch from database
[12-Mar-2026 12:04:02 Africa/Lagos] Loaded 21 settings records
[12-Mar-2026 12:04:02 Africa/Lagos] Loaded user data for ID: 1
[12-Mar-2026 12:04:02 Africa/Lagos] Loaded 1 academic years
[12-Mar-2026 12:04:02 Africa/Lagos] Loaded 16 classes
[12-Mar-2026 12:04:02 Africa/Lagos] Processing AJAX request: search_parents
[12-Mar-2026 12:04:02 Africa/Lagos] Searching parents with term: bag
[12-Mar-2026 12:04:02 Africa/Lagos] Found 1 parents matching term
[12-Mar-2026 12:04:15 Africa/Lagos] === ADD STUDENT PAGE START ===
[12-Mar-2026 12:04:15 Africa/Lagos] Request URI: /tenant/bitflux-wallet-1771434696/admin/add-new-student.php?ajax=get_sections&class_id=4
[12-Mar-2026 12:04:15 Africa/Lagos] Script: /home/academixsuite/public_html/tenant/{school-slug}/admin/add-new-student.php
[12-Mar-2026 12:04:15 Africa/Lagos] Request Method: GET
[12-Mar-2026 12:04:15 Africa/Lagos] Session ID: 8b16a9aa5c7aaaba14f44fd2b1bbad4e
[12-Mar-2026 12:04:15 Africa/Lagos] School Slug: bitflux-wallet-1771434696
[12-Mar-2026 12:04:15 Africa/Lagos] User Type: admin
[12-Mar-2026 12:04:15 Africa/Lagos] Current Page: add-new-student.php
[12-Mar-2026 12:04:15 Africa/Lagos] School ID: 6
[12-Mar-2026 12:04:15 Africa/Lagos] School Name: bitflux wallet
[12-Mar-2026 12:04:15 Africa/Lagos] Authenticated User ID: 1
[12-Mar-2026 12:04:15 Africa/Lagos] Authenticated User Type: admin
[12-Mar-2026 12:04:15 Africa/Lagos] Loading autoload from: /home/academixsuite/public_html/tenant/{school-slug}/admin/../../../includes/autoload.php
[12-Mar-2026 12:04:15 Africa/Lagos] Autoload loaded successfully
[12-Mar-2026 12:04:15 Africa/Lagos] Database class found
[12-Mar-2026 12:04:15 Africa/Lagos] Loading StudentManager from: /home/academixsuite/public_html/tenant/{school-slug}/admin/../../../includes/StudentManager.php
[12-Mar-2026 12:04:15 Africa/Lagos] StudentManager loaded successfully
[12-Mar-2026 12:04:15 Africa/Lagos] Attempting to connect to database: school_6
[12-Mar-2026 12:04:15 Africa/Lagos] School database connection successful for: school_6
[12-Mar-2026 12:04:15 Africa/Lagos] Database connection PDO object: PDO
[12-Mar-2026 12:04:15 Africa/Lagos] Initializing StudentManager with parameters:
[12-Mar-2026 12:04:15 Africa/Lagos] - School ID: 6
[12-Mar-2026 12:04:15 Africa/Lagos] - User ID: 1
[12-Mar-2026 12:04:15 Africa/Lagos] - User Type: admin
[12-Mar-2026 12:04:15 Africa/Lagos] StudentManager initialized for school ID: 6
[12-Mar-2026 12:04:15 Africa/Lagos] StudentManager initialized successfully
[12-Mar-2026 12:04:15 Africa/Lagos] Starting data fetch from database
[12-Mar-2026 12:04:15 Africa/Lagos] Loaded 21 settings records
[12-Mar-2026 12:04:15 Africa/Lagos] Loaded user data for ID: 1
[12-Mar-2026 12:04:15 Africa/Lagos] Loaded 1 academic years
[12-Mar-2026 12:04:15 Africa/Lagos] Loaded 16 classes
[12-Mar-2026 12:04:15 Africa/Lagos] Retrieved 1 sections for class ID: 4
[12-Mar-2026 12:04:15 Africa/Lagos] Loaded 1 sections for class 4
[12-Mar-2026 12:04:15 Africa/Lagos] Processing AJAX request: get_sections
[12-Mar-2026 12:04:15 Africa/Lagos] Retrieved 1 sections for class ID: 4
[12-Mar-2026 12:05:59 Africa/Lagos] === ADD STUDENT PAGE START ===
[12-Mar-2026 12:05:59 Africa/Lagos] Request URI: /tenant/bitflux-wallet-1771434696/admin/add-new-student.php
[12-Mar-2026 12:05:59 Africa/Lagos] Script: /home/academixsuite/public_html/tenant/{school-slug}/admin/add-new-student.php
[12-Mar-2026 12:05:59 Africa/Lagos] Request Method: POST
[12-Mar-2026 12:05:59 Africa/Lagos] Session ID: 8b16a9aa5c7aaaba14f44fd2b1bbad4e
[12-Mar-2026 12:05:59 Africa/Lagos] School Slug: bitflux-wallet-1771434696
[12-Mar-2026 12:05:59 Africa/Lagos] User Type: admin
[12-Mar-2026 12:05:59 Africa/Lagos] Current Page: add-new-student.php
[12-Mar-2026 12:05:59 Africa/Lagos] School ID: 6
[12-Mar-2026 12:05:59 Africa/Lagos] School Name: bitflux wallet
[12-Mar-2026 12:05:59 Africa/Lagos] Authenticated User ID: 1
[12-Mar-2026 12:05:59 Africa/Lagos] Authenticated User Type: admin
[12-Mar-2026 12:05:59 Africa/Lagos] Loading autoload from: /home/academixsuite/public_html/tenant/{school-slug}/admin/../../../includes/autoload.php
[12-Mar-2026 12:05:59 Africa/Lagos] Autoload loaded successfully
[12-Mar-2026 12:05:59 Africa/Lagos] Database class found
[12-Mar-2026 12:05:59 Africa/Lagos] Loading StudentManager from: /home/academixsuite/public_html/tenant/{school-slug}/admin/../../../includes/StudentManager.php
[12-Mar-2026 12:05:59 Africa/Lagos] StudentManager loaded successfully
[12-Mar-2026 12:05:59 Africa/Lagos] Attempting to connect to database: school_6
[12-Mar-2026 12:05:59 Africa/Lagos] School database connection successful for: school_6
[12-Mar-2026 12:05:59 Africa/Lagos] Database connection PDO object: PDO
[12-Mar-2026 12:05:59 Africa/Lagos] Initializing StudentManager with parameters:
[12-Mar-2026 12:05:59 Africa/Lagos] - School ID: 6
[12-Mar-2026 12:05:59 Africa/Lagos] - User ID: 1
[12-Mar-2026 12:05:59 Africa/Lagos] - User Type: admin
[12-Mar-2026 12:05:59 Africa/Lagos] StudentManager initialized for school ID: 6
[12-Mar-2026 12:05:59 Africa/Lagos] StudentManager initialized successfully
[12-Mar-2026 12:05:59 Africa/Lagos] POST data received. Fields: csrf_token, academic_year, class, section, roll_number, admission_date, first_name, middle_name, last_name, gender, date_of_birth, student_phone, student_email, existing_parent_id, blood_group, allergies, medical_conditions, current_address, permanent_address, previous_school, previous_class, transfer_certificate_no
[12-Mar-2026 12:05:59 Africa/Lagos] Starting data fetch from database
[12-Mar-2026 12:05:59 Africa/Lagos] Loaded 21 settings records
[12-Mar-2026 12:05:59 Africa/Lagos] Loaded user data for ID: 1
[12-Mar-2026 12:05:59 Africa/Lagos] Loaded 1 academic years
[12-Mar-2026 12:05:59 Africa/Lagos] Loaded 16 classes
[12-Mar-2026 12:05:59 Africa/Lagos] === POST REQUEST DETECTED ===
[12-Mar-2026 12:05:59 Africa/Lagos] POST data keys: csrf_token, academic_year, class, section, roll_number, admission_date, first_name, middle_name, last_name, gender, date_of_birth, student_phone, student_email, existing_parent_id, blood_group, allergies, medical_conditions, current_address, permanent_address, previous_school, previous_class, transfer_certificate_no
[12-Mar-2026 12:05:59 Africa/Lagos] === PROCESSING FORM SUBMISSION ===
[12-Mar-2026 12:05:59 Africa/Lagos] Form submission detected via field presence
[12-Mar-2026 12:05:59 Africa/Lagos] CSRF validation PASSED
[12-Mar-2026 12:05:59 Africa/Lagos] Student data prepared for insertion:
[12-Mar-2026 12:05:59 Africa/Lagos] - Name: Bagshaw Joy
[12-Mar-2026 12:05:59 Africa/Lagos] Validation PASSED - all required fields present
[12-Mar-2026 12:05:59 Africa/Lagos] Calling StudentManager->addStudent()
[12-Mar-2026 12:05:59 Africa/Lagos] === ADD STUDENT START ===
[12-Mar-2026 12:05:59 Africa/Lagos] School ID: 6
[12-Mar-2026 12:05:59 Africa/Lagos] User ID: 1
[12-Mar-2026 12:05:59 Africa/Lagos] Data received: ["academic_year_id","class_id","section_id","roll_number","admission_date","first_name","middle_name","last_name","gender","date_of_birth","student_email","student_phone","guardian_name","guardian_email","guardian_phone","guardian_relation","guardian_address","existing_parent_id","blood_group","allergies","medical_conditions","doctor_name","doctor_phone","current_address","permanent_address","previous_school","previous_class","transfer_certificate_no"]
[12-Mar-2026 12:05:59 Africa/Lagos] Transaction started
[12-Mar-2026 12:05:59 Africa/Lagos] Validation passed
[12-Mar-2026 12:05:59 Africa/Lagos] Generating admission number for academic year ID: 1
[12-Mar-2026 12:05:59 Africa/Lagos] Using academic year: 2025-2026 (Year: 2025)
[12-Mar-2026 12:05:59 Africa/Lagos] Generated admission number: BIT-2025-0014
[12-Mar-2026 12:05:59 Africa/Lagos] Generated admission number: BIT-2025-0014
[12-Mar-2026 12:05:59 Africa/Lagos] Generating professional email for: Bagshaw Joy (student)
[12-Mar-2026 12:05:59 Africa/Lagos] Base email generated: bagshaw.joy@student.bitflux-wallet-1771434696
[12-Mar-2026 12:05:59 Africa/Lagos] Email is unique: bagshaw.joy@student.bitflux-wallet-1771434696
[12-Mar-2026 12:05:59 Africa/Lagos] Generated student email: bagshaw.joy@student.bitflux-wallet-1771434696
[12-Mar-2026 12:05:59 Africa/Lagos] Generated random password of length: 8
[12-Mar-2026 12:05:59 Africa/Lagos] Student password generated (hashed)
[12-Mar-2026 12:05:59 Africa/Lagos] Creating student user account:
[12-Mar-2026 12:05:59 Africa/Lagos] - Full name: Bagshaw Biobele Joy
[12-Mar-2026 12:05:59 Africa/Lagos] - Email: bagshaw.joy@student.bitflux-wallet-1771434696
[12-Mar-2026 12:05:59 Africa/Lagos] - Username: bagshaw.joy
[12-Mar-2026 12:05:59 Africa/Lagos] Student user created with ID: 73
[12-Mar-2026 12:05:59 Africa/Lagos] Student role assigned to user ID: 73
[12-Mar-2026 12:05:59 Africa/Lagos] Getting default campus ID for school: 6
[12-Mar-2026 12:05:59 Africa/Lagos] Error getting default campus: SQLSTATE[42S22]: Column not found: 1054 Unknown column 'is_default' in 'WHERE'
[12-Mar-2026 12:05:59 Africa/Lagos] Campus ID: null
[12-Mar-2026 12:05:59 Africa/Lagos] Inserting student record...
[12-Mar-2026 12:05:59 Africa/Lagos] Student insert params prepared: [6,null,"73","BIT-2025-0014","2",4,5,"2025-09-11","Bagshaw","Biobele","Joy","2023-05-12"]...
[12-Mar-2026 12:05:59 Africa/Lagos] === STUDENT RECORD CREATED SUCCESSFULLY ===
[12-Mar-2026 12:05:59 Africa/Lagos] Student ID: 28
[12-Mar-2026 12:05:59 Africa/Lagos] Admission Number: BIT-2025-0014
[12-Mar-2026 12:05:59 Africa/Lagos] Using existing parent ID: 59
[12-Mar-2026 12:05:59 Africa/Lagos] Creating guardian relationship - Parent: 59, Student: 28, Relationship: guardian
[12-Mar-2026 12:05:59 Africa/Lagos] Guardian relationship created successfully
[12-Mar-2026 12:05:59 Africa/Lagos] Stored temporary password for student ID: 73
[12-Mar-2026 12:05:59 Africa/Lagos] Creating audit log entry
[12-Mar-2026 12:05:59 Africa/Lagos] Audit log created successfully
[12-Mar-2026 12:05:59 Africa/Lagos] Transaction committed successfully
[12-Mar-2026 12:05:59 Africa/Lagos] Attempting to send login emails
[12-Mar-2026 12:05:59 Africa/Lagos] === SENDING LOGIN EMAILS ===
[12-Mar-2026 12:05:59 Africa/Lagos] Sending email to student: bagshaw.joy@student.bitflux-wallet-1771434696
[12-Mar-2026 12:05:59 Africa/Lagos] Attempting to send email to: bagshaw.joy@student.bitflux-wallet-1771434696
[12-Mar-2026 12:05:59 Africa/Lagos] Email sent successfully via mail() function
[12-Mar-2026 12:05:59 Africa/Lagos] Student email sent successfully
[12-Mar-2026 12:05:59 Africa/Lagos] No parent to email or parent ID not provided
[12-Mar-2026 12:05:59 Africa/Lagos] Email sending completed with 0 errors
[12-Mar-2026 12:05:59 Africa/Lagos] === ADD STUDENT COMPLETED SUCCESSFULLY ===
[12-Mar-2026 12:05:59 Africa/Lagos] Return message: Student added successfully! Admission Number: BIT-2025-0014
[12-Mar-2026 12:05:59 Africa/Lagos] StudentManager->addStudent() completed in 287.78ms
[12-Mar-2026 12:05:59 Africa/Lagos] === STUDENT ADDED SUCCESSFULLY ===
[12-Mar-2026 12:05:59 Africa/Lagos] Student ID: 28
[12-Mar-2026 12:05:59 Africa/Lagos] Message: Student added successfully! Admission Number: BIT-2025-0014
[12-Mar-2026 12:05:59 Africa/Lagos] Redirecting to student list: student-list.php
[12-Mar-2026 12:06:07 Africa/Lagos] === ADD STUDENT PAGE START ===
[12-Mar-2026 12:06:07 Africa/Lagos] Request URI: /tenant/bitflux-wallet-1771434696/admin/add-new-student.php
[12-Mar-2026 12:06:07 Africa/Lagos] Script: /home/academixsuite/public_html/tenant/{school-slug}/admin/add-new-student.php
[12-Mar-2026 12:06:07 Africa/Lagos] Request Method: GET
[12-Mar-2026 12:06:07 Africa/Lagos] Session ID: 8b16a9aa5c7aaaba14f44fd2b1bbad4e
[12-Mar-2026 12:06:07 Africa/Lagos] School Slug: bitflux-wallet-1771434696
[12-Mar-2026 12:06:07 Africa/Lagos] User Type: admin
[12-Mar-2026 12:06:07 Africa/Lagos] Current Page: add-new-student.php
[12-Mar-2026 12:06:07 Africa/Lagos] School ID: 6
[12-Mar-2026 12:06:07 Africa/Lagos] School Name: bitflux wallet
[12-Mar-2026 12:06:07 Africa/Lagos] Authenticated User ID: 1
[12-Mar-2026 12:06:07 Africa/Lagos] Authenticated User Type: admin
[12-Mar-2026 12:06:07 Africa/Lagos] Loading autoload from: /home/academixsuite/public_html/tenant/{school-slug}/admin/../../../includes/autoload.php
[12-Mar-2026 12:06:07 Africa/Lagos] Autoload loaded successfully
[12-Mar-2026 12:06:07 Africa/Lagos] Database class found
[12-Mar-2026 12:06:07 Africa/Lagos] Loading StudentManager from: /home/academixsuite/public_html/tenant/{school-slug}/admin/../../../includes/StudentManager.php
[12-Mar-2026 12:06:07 Africa/Lagos] StudentManager loaded successfully
[12-Mar-2026 12:06:07 Africa/Lagos] Attempting to connect to database: school_6
[12-Mar-2026 12:06:07 Africa/Lagos] School database connection successful for: school_6
[12-Mar-2026 12:06:07 Africa/Lagos] Database connection PDO object: PDO
[12-Mar-2026 12:06:07 Africa/Lagos] Initializing StudentManager with parameters:
[12-Mar-2026 12:06:07 Africa/Lagos] - School ID: 6
[12-Mar-2026 12:06:07 Africa/Lagos] - User ID: 1
[12-Mar-2026 12:06:07 Africa/Lagos] - User Type: admin
[12-Mar-2026 12:06:07 Africa/Lagos] StudentManager initialized for school ID: 6
[12-Mar-2026 12:06:07 Africa/Lagos] StudentManager initialized successfully
[12-Mar-2026 12:06:07 Africa/Lagos] Starting data fetch from database
[12-Mar-2026 12:06:07 Africa/Lagos] Loaded 21 settings records
[12-Mar-2026 12:06:07 Africa/Lagos] Loaded user data for ID: 1
[12-Mar-2026 12:06:07 Africa/Lagos] Loaded 1 academic years
[12-Mar-2026 12:06:07 Africa/Lagos] Loaded 16 classes
[12-Mar-2026 12:06:07 Africa/Lagos] === ADD STUDENT PAGE END ===
[12-Mar-2026 12:06:07 Africa/Lagos] Page loaded with 16 classes, 1 academic years
[12-Mar-2026 12:06:07 Africa/Lagos] ROUTER END: Successfully served /home/academixsuite/public_html/tenant/{school-slug}/admin/add-new-student.php
[12-Mar-2026 12:06:12 Africa/Lagos] === ADD STUDENT PAGE START ===
[12-Mar-2026 12:06:12 Africa/Lagos] Request URI: /tenant/bitflux-wallet-1771434696/admin/add-new-student.php?ajax=get_sections&class_id=4
[12-Mar-2026 12:06:12 Africa/Lagos] Script: /home/academixsuite/public_html/tenant/{school-slug}/admin/add-new-student.php
[12-Mar-2026 12:06:12 Africa/Lagos] Request Method: GET
[12-Mar-2026 12:06:12 Africa/Lagos] Session ID: 8b16a9aa5c7aaaba14f44fd2b1bbad4e
[12-Mar-2026 12:06:12 Africa/Lagos] School Slug: bitflux-wallet-1771434696
[12-Mar-2026 12:06:12 Africa/Lagos] User Type: admin
[12-Mar-2026 12:06:12 Africa/Lagos] Current Page: add-new-student.php
[12-Mar-2026 12:06:12 Africa/Lagos] School ID: 6
[12-Mar-2026 12:06:12 Africa/Lagos] School Name: bitflux wallet
[12-Mar-2026 12:06:12 Africa/Lagos] Authenticated User ID: 1
[12-Mar-2026 12:06:12 Africa/Lagos] Authenticated User Type: admin
[12-Mar-2026 12:06:12 Africa/Lagos] Loading autoload from: /home/academixsuite/public_html/tenant/{school-slug}/admin/../../../includes/autoload.php
[12-Mar-2026 12:06:12 Africa/Lagos] Autoload loaded successfully
[12-Mar-2026 12:06:12 Africa/Lagos] Database class found
[12-Mar-2026 12:06:12 Africa/Lagos] Loading StudentManager from: /home/academixsuite/public_html/tenant/{school-slug}/admin/../../../includes/StudentManager.php
[12-Mar-2026 12:06:12 Africa/Lagos] StudentManager loaded successfully
[12-Mar-2026 12:06:12 Africa/Lagos] Attempting to connect to database: school_6
[12-Mar-2026 12:06:12 Africa/Lagos] School database connection successful for: school_6
[12-Mar-2026 12:06:12 Africa/Lagos] Database connection PDO object: PDO
[12-Mar-2026 12:06:12 Africa/Lagos] Initializing StudentManager with parameters:
[12-Mar-2026 12:06:12 Africa/Lagos] - School ID: 6
[12-Mar-2026 12:06:12 Africa/Lagos] - User ID: 1
[12-Mar-2026 12:06:12 Africa/Lagos] - User Type: admin
[12-Mar-2026 12:06:12 Africa/Lagos] StudentManager initialized for school ID: 6
[12-Mar-2026 12:06:12 Africa/Lagos] StudentManager initialized successfully
[12-Mar-2026 12:06:12 Africa/Lagos] Starting data fetch from database
[12-Mar-2026 12:06:12 Africa/Lagos] Loaded 21 settings records
[12-Mar-2026 12:06:12 Africa/Lagos] Loaded user data for ID: 1
[12-Mar-2026 12:06:12 Africa/Lagos] Loaded 1 academic years
[12-Mar-2026 12:06:12 Africa/Lagos] Loaded 16 classes
[12-Mar-2026 12:06:12 Africa/Lagos] Retrieved 1 sections for class ID: 4
[12-Mar-2026 12:06:12 Africa/Lagos] Loaded 1 sections for class 4
[12-Mar-2026 12:06:12 Africa/Lagos] Processing AJAX request: get_sections
[12-Mar-2026 12:06:12 Africa/Lagos] Retrieved 1 sections for class ID: 4
[12-Mar-2026 12:07:20 Africa/Lagos] === ADD STUDENT PAGE START ===
[12-Mar-2026 12:07:20 Africa/Lagos] Request URI: /tenant/bitflux-wallet-1771434696/admin/add-new-student.php?ajax=search_parents&term=ogb
[12-Mar-2026 12:07:20 Africa/Lagos] Script: /home/academixsuite/public_html/tenant/{school-slug}/admin/add-new-student.php
[12-Mar-2026 12:07:20 Africa/Lagos] Request Method: GET
[12-Mar-2026 12:07:20 Africa/Lagos] Session ID: 8b16a9aa5c7aaaba14f44fd2b1bbad4e
[12-Mar-2026 12:07:20 Africa/Lagos] School Slug: bitflux-wallet-1771434696
[12-Mar-2026 12:07:20 Africa/Lagos] User Type: admin
[12-Mar-2026 12:07:20 Africa/Lagos] Current Page: add-new-student.php
[12-Mar-2026 12:07:20 Africa/Lagos] School ID: 6
[12-Mar-2026 12:07:20 Africa/Lagos] School Name: bitflux wallet
[12-Mar-2026 12:07:20 Africa/Lagos] Authenticated User ID: 1
[12-Mar-2026 12:07:20 Africa/Lagos] Authenticated User Type: admin
[12-Mar-2026 12:07:20 Africa/Lagos] Loading autoload from: /home/academixsuite/public_html/tenant/{school-slug}/admin/../../../includes/autoload.php
[12-Mar-2026 12:07:20 Africa/Lagos] Autoload loaded successfully
[12-Mar-2026 12:07:20 Africa/Lagos] Database class found
[12-Mar-2026 12:07:20 Africa/Lagos] Loading StudentManager from: /home/academixsuite/public_html/tenant/{school-slug}/admin/../../../includes/StudentManager.php
[12-Mar-2026 12:07:20 Africa/Lagos] StudentManager loaded successfully
[12-Mar-2026 12:07:20 Africa/Lagos] Attempting to connect to database: school_6
[12-Mar-2026 12:07:20 Africa/Lagos] School database connection successful for: school_6
[12-Mar-2026 12:07:20 Africa/Lagos] Database connection PDO object: PDO
[12-Mar-2026 12:07:20 Africa/Lagos] Initializing StudentManager with parameters:
[12-Mar-2026 12:07:20 Africa/Lagos] - School ID: 6
[12-Mar-2026 12:07:20 Africa/Lagos] - User ID: 1
[12-Mar-2026 12:07:20 Africa/Lagos] - User Type: admin
[12-Mar-2026 12:07:20 Africa/Lagos] StudentManager initialized for school ID: 6
[12-Mar-2026 12:07:20 Africa/Lagos] StudentManager initialized successfully
[12-Mar-2026 12:07:20 Africa/Lagos] Starting data fetch from database
[12-Mar-2026 12:07:20 Africa/Lagos] Loaded 21 settings records
[12-Mar-2026 12:07:20 Africa/Lagos] Loaded user data for ID: 1
[12-Mar-2026 12:07:20 Africa/Lagos] Loaded 1 academic years
[12-Mar-2026 12:07:20 Africa/Lagos] Loaded 16 classes
[12-Mar-2026 12:07:20 Africa/Lagos] Processing AJAX request: search_parents
[12-Mar-2026 12:07:20 Africa/Lagos] Searching parents with term: ogb
[12-Mar-2026 12:07:20 Africa/Lagos] Found 1 parents matching term
[12-Mar-2026 12:08:19 Africa/Lagos] === ADD STUDENT PAGE START ===
[12-Mar-2026 12:08:19 Africa/Lagos] Request URI: /tenant/bitflux-wallet-1771434696/admin/add-new-student.php
[12-Mar-2026 12:08:19 Africa/Lagos] Script: /home/academixsuite/public_html/tenant/{school-slug}/admin/add-new-student.php
[12-Mar-2026 12:08:19 Africa/Lagos] Request Method: POST
[12-Mar-2026 12:08:19 Africa/Lagos] Session ID: 8b16a9aa5c7aaaba14f44fd2b1bbad4e
[12-Mar-2026 12:08:19 Africa/Lagos] School Slug: bitflux-wallet-1771434696
[12-Mar-2026 12:08:19 Africa/Lagos] User Type: admin
[12-Mar-2026 12:08:19 Africa/Lagos] Current Page: add-new-student.php
[12-Mar-2026 12:08:19 Africa/Lagos] School ID: 6
[12-Mar-2026 12:08:19 Africa/Lagos] School Name: bitflux wallet
[12-Mar-2026 12:08:19 Africa/Lagos] Authenticated User ID: 1
[12-Mar-2026 12:08:19 Africa/Lagos] Authenticated User Type: admin
[12-Mar-2026 12:08:19 Africa/Lagos] Loading autoload from: /home/academixsuite/public_html/tenant/{school-slug}/admin/../../../includes/autoload.php
[12-Mar-2026 12:08:19 Africa/Lagos] Autoload loaded successfully
[12-Mar-2026 12:08:19 Africa/Lagos] Database class found
[12-Mar-2026 12:08:19 Africa/Lagos] Loading StudentManager from: /home/academixsuite/public_html/tenant/{school-slug}/admin/../../../includes/StudentManager.php
[12-Mar-2026 12:08:19 Africa/Lagos] StudentManager loaded successfully
[12-Mar-2026 12:08:19 Africa/Lagos] Attempting to connect to database: school_6
[12-Mar-2026 12:08:19 Africa/Lagos] School database connection successful for: school_6
[12-Mar-2026 12:08:19 Africa/Lagos] Database connection PDO object: PDO
[12-Mar-2026 12:08:19 Africa/Lagos] Initializing StudentManager with parameters:
[12-Mar-2026 12:08:19 Africa/Lagos] - School ID: 6
[12-Mar-2026 12:08:19 Africa/Lagos] - User ID: 1
[12-Mar-2026 12:08:19 Africa/Lagos] - User Type: admin
[12-Mar-2026 12:08:19 Africa/Lagos] StudentManager initialized for school ID: 6
[12-Mar-2026 12:08:19 Africa/Lagos] StudentManager initialized successfully
[12-Mar-2026 12:08:19 Africa/Lagos] POST data received. Fields: csrf_token, academic_year, class, section, roll_number, admission_date, first_name, middle_name, last_name, gender, date_of_birth, student_phone, student_email, existing_parent_id, blood_group, allergies, medical_conditions, current_address, permanent_address, previous_school, previous_class, transfer_certificate_no
[12-Mar-2026 12:08:19 Africa/Lagos] Starting data fetch from database
[12-Mar-2026 12:08:19 Africa/Lagos] Loaded 21 settings records
[12-Mar-2026 12:08:19 Africa/Lagos] Loaded user data for ID: 1
[12-Mar-2026 12:08:19 Africa/Lagos] Loaded 1 academic years
[12-Mar-2026 12:08:19 Africa/Lagos] Loaded 16 classes
[12-Mar-2026 12:08:19 Africa/Lagos] === POST REQUEST DETECTED ===
[12-Mar-2026 12:08:19 Africa/Lagos] POST data keys: csrf_token, academic_year, class, section, roll_number, admission_date, first_name, middle_name, last_name, gender, date_of_birth, student_phone, student_email, existing_parent_id, blood_group, allergies, medical_conditions, current_address, permanent_address, previous_school, previous_class, transfer_certificate_no
[12-Mar-2026 12:08:19 Africa/Lagos] === PROCESSING FORM SUBMISSION ===
[12-Mar-2026 12:08:19 Africa/Lagos] Form submission detected via field presence
[12-Mar-2026 12:08:19 Africa/Lagos] CSRF validation PASSED
[12-Mar-2026 12:08:19 Africa/Lagos] Student data prepared for insertion:
[12-Mar-2026 12:08:19 Africa/Lagos] - Name: Ogbuogu Christopher
[12-Mar-2026 12:08:19 Africa/Lagos] Validation PASSED - all required fields present
[12-Mar-2026 12:08:19 Africa/Lagos] Calling StudentManager->addStudent()
[12-Mar-2026 12:08:19 Africa/Lagos] === ADD STUDENT START ===
[12-Mar-2026 12:08:19 Africa/Lagos] School ID: 6
[12-Mar-2026 12:08:19 Africa/Lagos] User ID: 1
[12-Mar-2026 12:08:19 Africa/Lagos] Data received: ["academic_year_id","class_id","section_id","roll_number","admission_date","first_name","middle_name","last_name","gender","date_of_birth","student_email","student_phone","guardian_name","guardian_email","guardian_phone","guardian_relation","guardian_address","existing_parent_id","blood_group","allergies","medical_conditions","doctor_name","doctor_phone","current_address","permanent_address","previous_school","previous_class","transfer_certificate_no"]
[12-Mar-2026 12:08:19 Africa/Lagos] Transaction started
[12-Mar-2026 12:08:19 Africa/Lagos] Validation passed
[12-Mar-2026 12:08:19 Africa/Lagos] Generating admission number for academic year ID: 1
[12-Mar-2026 12:08:19 Africa/Lagos] Using academic year: 2025-2026 (Year: 2025)
[12-Mar-2026 12:08:19 Africa/Lagos] Generated admission number: BIT-2025-0015
[12-Mar-2026 12:08:19 Africa/Lagos] Generated admission number: BIT-2025-0015
[12-Mar-2026 12:08:19 Africa/Lagos] Generating professional email for: Ogbuogu Christopher (student)
[12-Mar-2026 12:08:19 Africa/Lagos] Base email generated: ogbuogu.christopher@student.bitflux-wallet-1771434696
[12-Mar-2026 12:08:19 Africa/Lagos] Email is unique: ogbuogu.christopher@student.bitflux-wallet-1771434696
[12-Mar-2026 12:08:19 Africa/Lagos] Generated student email: ogbuogu.christopher@student.bitflux-wallet-1771434696
[12-Mar-2026 12:08:19 Africa/Lagos] Generated random password of length: 8
[12-Mar-2026 12:08:19 Africa/Lagos] Student password generated (hashed)
[12-Mar-2026 12:08:19 Africa/Lagos] Creating student user account:
[12-Mar-2026 12:08:19 Africa/Lagos] - Full name: Ogbuogu Chibuenyim Christopher
[12-Mar-2026 12:08:19 Africa/Lagos] - Email: ogbuogu.christopher@student.bitflux-wallet-1771434696
[12-Mar-2026 12:08:19 Africa/Lagos] - Username: ogbuogu.christopher
[12-Mar-2026 12:08:19 Africa/Lagos] Student user created with ID: 74
[12-Mar-2026 12:08:19 Africa/Lagos] Student role assigned to user ID: 74
[12-Mar-2026 12:08:19 Africa/Lagos] Getting default campus ID for school: 6
[12-Mar-2026 12:08:19 Africa/Lagos] Error getting default campus: SQLSTATE[42S22]: Column not found: 1054 Unknown column 'is_default' in 'WHERE'
[12-Mar-2026 12:08:19 Africa/Lagos] Campus ID: null
[12-Mar-2026 12:08:19 Africa/Lagos] Inserting student record...
[12-Mar-2026 12:08:19 Africa/Lagos] Student insert params prepared: [6,null,"74","BIT-2025-0015","3",4,5,"2025-09-11","Ogbuogu","Chibuenyim","Christopher","2023-04-06"]...
[12-Mar-2026 12:08:19 Africa/Lagos] === STUDENT RECORD CREATED SUCCESSFULLY ===
[12-Mar-2026 12:08:19 Africa/Lagos] Student ID: 29
[12-Mar-2026 12:08:19 Africa/Lagos] Admission Number: BIT-2025-0015
[12-Mar-2026 12:08:19 Africa/Lagos] Using existing parent ID: 60
[12-Mar-2026 12:08:19 Africa/Lagos] Creating guardian relationship - Parent: 60, Student: 29, Relationship: guardian
[12-Mar-2026 12:08:19 Africa/Lagos] Guardian relationship created successfully
[12-Mar-2026 12:08:19 Africa/Lagos] Stored temporary password for student ID: 74
[12-Mar-2026 12:08:19 Africa/Lagos] Creating audit log entry
[12-Mar-2026 12:08:19 Africa/Lagos] Audit log created successfully
[12-Mar-2026 12:08:19 Africa/Lagos] Transaction committed successfully
[12-Mar-2026 12:08:19 Africa/Lagos] Attempting to send login emails
[12-Mar-2026 12:08:19 Africa/Lagos] === SENDING LOGIN EMAILS ===
[12-Mar-2026 12:08:19 Africa/Lagos] Sending email to student: ogbuogu.christopher@student.bitflux-wallet-1771434696
[12-Mar-2026 12:08:19 Africa/Lagos] Attempting to send email to: ogbuogu.christopher@student.bitflux-wallet-1771434696
[12-Mar-2026 12:08:19 Africa/Lagos] Email sent successfully via mail() function
[12-Mar-2026 12:08:19 Africa/Lagos] Student email sent successfully
[12-Mar-2026 12:08:19 Africa/Lagos] No parent to email or parent ID not provided
[12-Mar-2026 12:08:19 Africa/Lagos] Email sending completed with 0 errors
[12-Mar-2026 12:08:19 Africa/Lagos] === ADD STUDENT COMPLETED SUCCESSFULLY ===
[12-Mar-2026 12:08:19 Africa/Lagos] Return message: Student added successfully! Admission Number: BIT-2025-0015
[12-Mar-2026 12:08:19 Africa/Lagos] StudentManager->addStudent() completed in 290.2ms
[12-Mar-2026 12:08:19 Africa/Lagos] === STUDENT ADDED SUCCESSFULLY ===
[12-Mar-2026 12:08:19 Africa/Lagos] Student ID: 29
[12-Mar-2026 12:08:19 Africa/Lagos] Message: Student added successfully! Admission Number: BIT-2025-0015
[12-Mar-2026 12:08:19 Africa/Lagos] Redirecting to student list: student-list.php
[12-Mar-2026 12:08:48 Africa/Lagos] === ADD STUDENT PAGE START ===
[12-Mar-2026 12:08:48 Africa/Lagos] Request URI: /tenant/bitflux-wallet-1771434696/admin/add-new-student.php
[12-Mar-2026 12:08:48 Africa/Lagos] Script: /home/academixsuite/public_html/tenant/{school-slug}/admin/add-new-student.php
[12-Mar-2026 12:08:48 Africa/Lagos] Request Method: GET
[12-Mar-2026 12:08:48 Africa/Lagos] Session ID: 8b16a9aa5c7aaaba14f44fd2b1bbad4e
[12-Mar-2026 12:08:48 Africa/Lagos] School Slug: bitflux-wallet-1771434696
[12-Mar-2026 12:08:48 Africa/Lagos] User Type: admin
[12-Mar-2026 12:08:48 Africa/Lagos] Current Page: add-new-student.php
[12-Mar-2026 12:08:48 Africa/Lagos] School ID: 6
[12-Mar-2026 12:08:48 Africa/Lagos] School Name: bitflux wallet
[12-Mar-2026 12:08:48 Africa/Lagos] Authenticated User ID: 1
[12-Mar-2026 12:08:48 Africa/Lagos] Authenticated User Type: admin
[12-Mar-2026 12:08:48 Africa/Lagos] Loading autoload from: /home/academixsuite/public_html/tenant/{school-slug}/admin/../../../includes/autoload.php
[12-Mar-2026 12:08:48 Africa/Lagos] Autoload loaded successfully
[12-Mar-2026 12:08:48 Africa/Lagos] Database class found
[12-Mar-2026 12:08:48 Africa/Lagos] Loading StudentManager from: /home/academixsuite/public_html/tenant/{school-slug}/admin/../../../includes/StudentManager.php
[12-Mar-2026 12:08:48 Africa/Lagos] StudentManager loaded successfully
[12-Mar-2026 12:08:48 Africa/Lagos] Attempting to connect to database: school_6
[12-Mar-2026 12:08:48 Africa/Lagos] School database connection successful for: school_6
[12-Mar-2026 12:08:48 Africa/Lagos] Database connection PDO object: PDO
[12-Mar-2026 12:08:48 Africa/Lagos] Initializing StudentManager with parameters:
[12-Mar-2026 12:08:48 Africa/Lagos] - School ID: 6
[12-Mar-2026 12:08:48 Africa/Lagos] - User ID: 1
[12-Mar-2026 12:08:48 Africa/Lagos] - User Type: admin
[12-Mar-2026 12:08:48 Africa/Lagos] StudentManager initialized for school ID: 6
[12-Mar-2026 12:08:48 Africa/Lagos] StudentManager initialized successfully
[12-Mar-2026 12:08:48 Africa/Lagos] Starting data fetch from database
[12-Mar-2026 12:08:48 Africa/Lagos] Loaded 21 settings records
[12-Mar-2026 12:08:48 Africa/Lagos] Loaded user data for ID: 1
[12-Mar-2026 12:08:48 Africa/Lagos] Loaded 1 academic years
[12-Mar-2026 12:08:48 Africa/Lagos] Loaded 16 classes
[12-Mar-2026 12:08:48 Africa/Lagos] === ADD STUDENT PAGE END ===
[12-Mar-2026 12:08:48 Africa/Lagos] Page loaded with 16 classes, 1 academic years
[12-Mar-2026 12:08:48 Africa/Lagos] ROUTER END: Successfully served /home/academixsuite/public_html/tenant/{school-slug}/admin/add-new-student.php
[12-Mar-2026 12:08:53 Africa/Lagos] === ADD STUDENT PAGE START ===
[12-Mar-2026 12:08:53 Africa/Lagos] Request URI: /tenant/bitflux-wallet-1771434696/admin/add-new-student.php?ajax=get_sections&class_id=4
[12-Mar-2026 12:08:53 Africa/Lagos] Script: /home/academixsuite/public_html/tenant/{school-slug}/admin/add-new-student.php
[12-Mar-2026 12:08:53 Africa/Lagos] Request Method: GET
[12-Mar-2026 12:08:53 Africa/Lagos] Session ID: 8b16a9aa5c7aaaba14f44fd2b1bbad4e
[12-Mar-2026 12:08:53 Africa/Lagos] School Slug: bitflux-wallet-1771434696
[12-Mar-2026 12:08:53 Africa/Lagos] User Type: admin
[12-Mar-2026 12:08:53 Africa/Lagos] Current Page: add-new-student.php
[12-Mar-2026 12:08:53 Africa/Lagos] School ID: 6
[12-Mar-2026 12:08:53 Africa/Lagos] School Name: bitflux wallet
[12-Mar-2026 12:08:53 Africa/Lagos] Authenticated User ID: 1
[12-Mar-2026 12:08:53 Africa/Lagos] Authenticated User Type: admin
[12-Mar-2026 12:08:53 Africa/Lagos] Loading autoload from: /home/academixsuite/public_html/tenant/{school-slug}/admin/../../../includes/autoload.php
[12-Mar-2026 12:08:53 Africa/Lagos] Autoload loaded successfully
[12-Mar-2026 12:08:53 Africa/Lagos] Database class found
[12-Mar-2026 12:08:53 Africa/Lagos] Loading StudentManager from: /home/academixsuite/public_html/tenant/{school-slug}/admin/../../../includes/StudentManager.php
[12-Mar-2026 12:08:53 Africa/Lagos] StudentManager loaded successfully
[12-Mar-2026 12:08:53 Africa/Lagos] Attempting to connect to database: school_6
[12-Mar-2026 12:08:53 Africa/Lagos] School database connection successful for: school_6
[12-Mar-2026 12:08:53 Africa/Lagos] Database connection PDO object: PDO
[12-Mar-2026 12:08:53 Africa/Lagos] Initializing StudentManager with parameters:
[12-Mar-2026 12:08:53 Africa/Lagos] - School ID: 6
[12-Mar-2026 12:08:53 Africa/Lagos] - User ID: 1
[12-Mar-2026 12:08:53 Africa/Lagos] - User Type: admin
[12-Mar-2026 12:08:53 Africa/Lagos] StudentManager initialized for school ID: 6
[12-Mar-2026 12:08:53 Africa/Lagos] StudentManager initialized successfully
[12-Mar-2026 12:08:53 Africa/Lagos] Starting data fetch from database
[12-Mar-2026 12:08:53 Africa/Lagos] Loaded 21 settings records
[12-Mar-2026 12:08:53 Africa/Lagos] Loaded user data for ID: 1
[12-Mar-2026 12:08:53 Africa/Lagos] Loaded 1 academic years
[12-Mar-2026 12:08:53 Africa/Lagos] Loaded 16 classes
[12-Mar-2026 12:08:53 Africa/Lagos] Retrieved 1 sections for class ID: 4
[12-Mar-2026 12:08:53 Africa/Lagos] Loaded 1 sections for class 4
[12-Mar-2026 12:08:53 Africa/Lagos] Processing AJAX request: get_sections
[12-Mar-2026 12:08:53 Africa/Lagos] Retrieved 1 sections for class ID: 4
[12-Mar-2026 12:10:26 Africa/Lagos] === ADD STUDENT PAGE START ===
[12-Mar-2026 12:10:26 Africa/Lagos] Request URI: /tenant/bitflux-wallet-1771434696/admin/add-new-student.php?ajax=search_parents&term=syl
[12-Mar-2026 12:10:26 Africa/Lagos] Script: /home/academixsuite/public_html/tenant/{school-slug}/admin/add-new-student.php
[12-Mar-2026 12:10:26 Africa/Lagos] Request Method: GET
[12-Mar-2026 12:10:26 Africa/Lagos] Session ID: 8b16a9aa5c7aaaba14f44fd2b1bbad4e
[12-Mar-2026 12:10:26 Africa/Lagos] School Slug: bitflux-wallet-1771434696
[12-Mar-2026 12:10:26 Africa/Lagos] User Type: admin
[12-Mar-2026 12:10:26 Africa/Lagos] Current Page: add-new-student.php
[12-Mar-2026 12:10:26 Africa/Lagos] School ID: 6
[12-Mar-2026 12:10:26 Africa/Lagos] School Name: bitflux wallet
[12-Mar-2026 12:10:26 Africa/Lagos] Authenticated User ID: 1
[12-Mar-2026 12:10:26 Africa/Lagos] Authenticated User Type: admin
[12-Mar-2026 12:10:26 Africa/Lagos] Loading autoload from: /home/academixsuite/public_html/tenant/{school-slug}/admin/../../../includes/autoload.php
[12-Mar-2026 12:10:26 Africa/Lagos] Autoload loaded successfully
[12-Mar-2026 12:10:26 Africa/Lagos] Database class found
[12-Mar-2026 12:10:26 Africa/Lagos] Loading StudentManager from: /home/academixsuite/public_html/tenant/{school-slug}/admin/../../../includes/StudentManager.php
[12-Mar-2026 12:10:26 Africa/Lagos] StudentManager loaded successfully
[12-Mar-2026 12:10:26 Africa/Lagos] Attempting to connect to database: school_6
[12-Mar-2026 12:10:26 Africa/Lagos] School database connection successful for: school_6
[12-Mar-2026 12:10:26 Africa/Lagos] Database connection PDO object: PDO
[12-Mar-2026 12:10:26 Africa/Lagos] Initializing StudentManager with parameters:
[12-Mar-2026 12:10:26 Africa/Lagos] - School ID: 6
[12-Mar-2026 12:10:26 Africa/Lagos] - User ID: 1
[12-Mar-2026 12:10:26 Africa/Lagos] - User Type: admin
[12-Mar-2026 12:10:26 Africa/Lagos] StudentManager initialized for school ID: 6
[12-Mar-2026 12:10:26 Africa/Lagos] StudentManager initialized successfully
[12-Mar-2026 12:10:26 Africa/Lagos] Starting data fetch from database
[12-Mar-2026 12:10:26 Africa/Lagos] Loaded 21 settings records
[12-Mar-2026 12:10:26 Africa/Lagos] Loaded user data for ID: 1
[12-Mar-2026 12:10:26 Africa/Lagos] Loaded 1 academic years
[12-Mar-2026 12:10:26 Africa/Lagos] Loaded 16 classes
[12-Mar-2026 12:10:26 Africa/Lagos] Processing AJAX request: search_parents
[12-Mar-2026 12:10:26 Africa/Lagos] Searching parents with term: syl
[12-Mar-2026 12:10:26 Africa/Lagos] Found 1 parents matching term
[12-Mar-2026 12:11:28 Africa/Lagos] === ADD STUDENT PAGE START ===
[12-Mar-2026 12:11:28 Africa/Lagos] Request URI: /tenant/bitflux-wallet-1771434696/admin/add-new-student.php
[12-Mar-2026 12:11:28 Africa/Lagos] Script: /home/academixsuite/public_html/tenant/{school-slug}/admin/add-new-student.php
[12-Mar-2026 12:11:28 Africa/Lagos] Request Method: POST
[12-Mar-2026 12:11:28 Africa/Lagos] Session ID: 8b16a9aa5c7aaaba14f44fd2b1bbad4e
[12-Mar-2026 12:11:28 Africa/Lagos] School Slug: bitflux-wallet-1771434696
[12-Mar-2026 12:11:28 Africa/Lagos] User Type: admin
[12-Mar-2026 12:11:28 Africa/Lagos] Current Page: add-new-student.php
[12-Mar-2026 12:11:28 Africa/Lagos] School ID: 6
[12-Mar-2026 12:11:28 Africa/Lagos] School Name: bitflux wallet
[12-Mar-2026 12:11:28 Africa/Lagos] Authenticated User ID: 1
[12-Mar-2026 12:11:28 Africa/Lagos] Authenticated User Type: admin
[12-Mar-2026 12:11:28 Africa/Lagos] Loading autoload from: /home/academixsuite/public_html/tenant/{school-slug}/admin/../../../includes/autoload.php
[12-Mar-2026 12:11:28 Africa/Lagos] Autoload loaded successfully
[12-Mar-2026 12:11:28 Africa/Lagos] Database class found
[12-Mar-2026 12:11:28 Africa/Lagos] Loading StudentManager from: /home/academixsuite/public_html/tenant/{school-slug}/admin/../../../includes/StudentManager.php
[12-Mar-2026 12:11:28 Africa/Lagos] StudentManager loaded successfully
[12-Mar-2026 12:11:28 Africa/Lagos] Attempting to connect to database: school_6
[12-Mar-2026 12:11:28 Africa/Lagos] School database connection successful for: school_6
[12-Mar-2026 12:11:28 Africa/Lagos] Database connection PDO object: PDO
[12-Mar-2026 12:11:28 Africa/Lagos] Initializing StudentManager with parameters:
[12-Mar-2026 12:11:28 Africa/Lagos] - School ID: 6
[12-Mar-2026 12:11:28 Africa/Lagos] - User ID: 1
[12-Mar-2026 12:11:28 Africa/Lagos] - User Type: admin
[12-Mar-2026 12:11:28 Africa/Lagos] StudentManager initialized for school ID: 6
[12-Mar-2026 12:11:28 Africa/Lagos] StudentManager initialized successfully
[12-Mar-2026 12:11:28 Africa/Lagos] POST data received. Fields: csrf_token, academic_year, class, section, roll_number, admission_date, first_name, middle_name, last_name, gender, date_of_birth, student_phone, student_email, existing_parent_id, blood_group, allergies, medical_conditions, current_address, permanent_address, previous_school, previous_class, transfer_certificate_no
[12-Mar-2026 12:11:28 Africa/Lagos] Starting data fetch from database
[12-Mar-2026 12:11:28 Africa/Lagos] Loaded 21 settings records
[12-Mar-2026 12:11:28 Africa/Lagos] Loaded user data for ID: 1
[12-Mar-2026 12:11:28 Africa/Lagos] Loaded 1 academic years
[12-Mar-2026 12:11:28 Africa/Lagos] Loaded 16 classes
[12-Mar-2026 12:11:28 Africa/Lagos] === POST REQUEST DETECTED ===
[12-Mar-2026 12:11:28 Africa/Lagos] POST data keys: csrf_token, academic_year, class, section, roll_number, admission_date, first_name, middle_name, last_name, gender, date_of_birth, student_phone, student_email, existing_parent_id, blood_group, allergies, medical_conditions, current_address, permanent_address, previous_school, previous_class, transfer_certificate_no
[12-Mar-2026 12:11:28 Africa/Lagos] === PROCESSING FORM SUBMISSION ===
[12-Mar-2026 12:11:28 Africa/Lagos] Form submission detected via field presence
[12-Mar-2026 12:11:28 Africa/Lagos] CSRF validation PASSED
[12-Mar-2026 12:11:28 Africa/Lagos] Student data prepared for insertion:
[12-Mar-2026 12:11:28 Africa/Lagos] - Name: Sylvester Favour
[12-Mar-2026 12:11:28 Africa/Lagos] Validation PASSED - all required fields present
[12-Mar-2026 12:11:28 Africa/Lagos] Calling StudentManager->addStudent()
[12-Mar-2026 12:11:28 Africa/Lagos] === ADD STUDENT START ===
[12-Mar-2026 12:11:28 Africa/Lagos] School ID: 6
[12-Mar-2026 12:11:28 Africa/Lagos] User ID: 1
[12-Mar-2026 12:11:28 Africa/Lagos] Data received: ["academic_year_id","class_id","section_id","roll_number","admission_date","first_name","middle_name","last_name","gender","date_of_birth","student_email","student_phone","guardian_name","guardian_email","guardian_phone","guardian_relation","guardian_address","existing_parent_id","blood_group","allergies","medical_conditions","doctor_name","doctor_phone","current_address","permanent_address","previous_school","previous_class","transfer_certificate_no"]
[12-Mar-2026 12:11:28 Africa/Lagos] Transaction started
[12-Mar-2026 12:11:28 Africa/Lagos] Validation passed
[12-Mar-2026 12:11:28 Africa/Lagos] Generating admission number for academic year ID: 1
[12-Mar-2026 12:11:28 Africa/Lagos] Using academic year: 2025-2026 (Year: 2025)
[12-Mar-2026 12:11:28 Africa/Lagos] Generated admission number: BIT-2025-0016
[12-Mar-2026 12:11:28 Africa/Lagos] Generated admission number: BIT-2025-0016
[12-Mar-2026 12:11:28 Africa/Lagos] Generating professional email for: Sylvester Favour (student)
[12-Mar-2026 12:11:28 Africa/Lagos] Base email generated: sylvester.favour@student.bitflux-wallet-1771434696
[12-Mar-2026 12:11:28 Africa/Lagos] Email is unique: sylvester.favour@student.bitflux-wallet-1771434696
[12-Mar-2026 12:11:28 Africa/Lagos] Generated student email: sylvester.favour@student.bitflux-wallet-1771434696
[12-Mar-2026 12:11:28 Africa/Lagos] Generated random password of length: 8
[12-Mar-2026 12:11:28 Africa/Lagos] Student password generated (hashed)
[12-Mar-2026 12:11:28 Africa/Lagos] Creating student user account:
[12-Mar-2026 12:11:28 Africa/Lagos] - Full name: Sylvester Onyedikachi Favour
[12-Mar-2026 12:11:28 Africa/Lagos] - Email: sylvester.favour@student.bitflux-wallet-1771434696
[12-Mar-2026 12:11:28 Africa/Lagos] - Username: sylvester.favour
[12-Mar-2026 12:11:28 Africa/Lagos] Student user created with ID: 75
[12-Mar-2026 12:11:28 Africa/Lagos] Student role assigned to user ID: 75
[12-Mar-2026 12:11:28 Africa/Lagos] Getting default campus ID for school: 6
[12-Mar-2026 12:11:28 Africa/Lagos] Error getting default campus: SQLSTATE[42S22]: Column not found: 1054 Unknown column 'is_default' in 'WHERE'
[12-Mar-2026 12:11:28 Africa/Lagos] Campus ID: null
[12-Mar-2026 12:11:28 Africa/Lagos] Inserting student record...
[12-Mar-2026 12:11:28 Africa/Lagos] Student insert params prepared: [6,null,"75","BIT-2025-0016","3",4,5,"2025-09-11","Sylvester","Onyedikachi","Favour","2023-12-06"]...
[12-Mar-2026 12:11:28 Africa/Lagos] === STUDENT RECORD CREATED SUCCESSFULLY ===
[12-Mar-2026 12:11:28 Africa/Lagos] Student ID: 30
[12-Mar-2026 12:11:28 Africa/Lagos] Admission Number: BIT-2025-0016
[12-Mar-2026 12:11:28 Africa/Lagos] Using existing parent ID: 61
[12-Mar-2026 12:11:28 Africa/Lagos] Creating guardian relationship - Parent: 61, Student: 30, Relationship: guardian
[12-Mar-2026 12:11:28 Africa/Lagos] Guardian relationship created successfully
[12-Mar-2026 12:11:28 Africa/Lagos] Stored temporary password for student ID: 75
[12-Mar-2026 12:11:28 Africa/Lagos] Creating audit log entry
[12-Mar-2026 12:11:28 Africa/Lagos] Audit log created successfully
[12-Mar-2026 12:11:28 Africa/Lagos] Transaction committed successfully
[12-Mar-2026 12:11:28 Africa/Lagos] Attempting to send login emails
[12-Mar-2026 12:11:28 Africa/Lagos] === SENDING LOGIN EMAILS ===
[12-Mar-2026 12:11:28 Africa/Lagos] Sending email to student: sylvester.favour@student.bitflux-wallet-1771434696
[12-Mar-2026 12:11:28 Africa/Lagos] Attempting to send email to: sylvester.favour@student.bitflux-wallet-1771434696
[12-Mar-2026 12:11:28 Africa/Lagos] Email sent successfully via mail() function
[12-Mar-2026 12:11:28 Africa/Lagos] Student email sent successfully
[12-Mar-2026 12:11:28 Africa/Lagos] No parent to email or parent ID not provided
[12-Mar-2026 12:11:28 Africa/Lagos] Email sending completed with 0 errors
[12-Mar-2026 12:11:28 Africa/Lagos] === ADD STUDENT COMPLETED SUCCESSFULLY ===
[12-Mar-2026 12:11:28 Africa/Lagos] Return message: Student added successfully! Admission Number: BIT-2025-0016
[12-Mar-2026 12:11:28 Africa/Lagos] StudentManager->addStudent() completed in 286.9ms
[12-Mar-2026 12:11:28 Africa/Lagos] === STUDENT ADDED SUCCESSFULLY ===
[12-Mar-2026 12:11:28 Africa/Lagos] Student ID: 30
[12-Mar-2026 12:11:28 Africa/Lagos] Message: Student added successfully! Admission Number: BIT-2025-0016
[12-Mar-2026 12:11:28 Africa/Lagos] Redirecting to student list: student-list.php
[12-Mar-2026 12:11:42 Africa/Lagos] === ADD STUDENT PAGE START ===
[12-Mar-2026 12:11:42 Africa/Lagos] Request URI: /tenant/bitflux-wallet-1771434696/admin/add-new-student.php
[12-Mar-2026 12:11:42 Africa/Lagos] Script: /home/academixsuite/public_html/tenant/{school-slug}/admin/add-new-student.php
[12-Mar-2026 12:11:42 Africa/Lagos] Request Method: GET
[12-Mar-2026 12:11:42 Africa/Lagos] Session ID: 8b16a9aa5c7aaaba14f44fd2b1bbad4e
[12-Mar-2026 12:11:42 Africa/Lagos] School Slug: bitflux-wallet-1771434696
[12-Mar-2026 12:11:42 Africa/Lagos] User Type: admin
[12-Mar-2026 12:11:42 Africa/Lagos] Current Page: add-new-student.php
[12-Mar-2026 12:11:42 Africa/Lagos] School ID: 6
[12-Mar-2026 12:11:42 Africa/Lagos] School Name: bitflux wallet
[12-Mar-2026 12:11:42 Africa/Lagos] Authenticated User ID: 1
[12-Mar-2026 12:11:42 Africa/Lagos] Authenticated User Type: admin
[12-Mar-2026 12:11:42 Africa/Lagos] Loading autoload from: /home/academixsuite/public_html/tenant/{school-slug}/admin/../../../includes/autoload.php
[12-Mar-2026 12:11:42 Africa/Lagos] Autoload loaded successfully
[12-Mar-2026 12:11:42 Africa/Lagos] Database class found
[12-Mar-2026 12:11:42 Africa/Lagos] Loading StudentManager from: /home/academixsuite/public_html/tenant/{school-slug}/admin/../../../includes/StudentManager.php
[12-Mar-2026 12:11:42 Africa/Lagos] StudentManager loaded successfully
[12-Mar-2026 12:11:42 Africa/Lagos] Attempting to connect to database: school_6
[12-Mar-2026 12:11:42 Africa/Lagos] School database connection successful for: school_6
[12-Mar-2026 12:11:42 Africa/Lagos] Database connection PDO object: PDO
[12-Mar-2026 12:11:42 Africa/Lagos] Initializing StudentManager with parameters:
[12-Mar-2026 12:11:42 Africa/Lagos] - School ID: 6
[12-Mar-2026 12:11:42 Africa/Lagos] - User ID: 1
[12-Mar-2026 12:11:42 Africa/Lagos] - User Type: admin
[12-Mar-2026 12:11:42 Africa/Lagos] StudentManager initialized for school ID: 6
[12-Mar-2026 12:11:42 Africa/Lagos] StudentManager initialized successfully
[12-Mar-2026 12:11:42 Africa/Lagos] Starting data fetch from database
[12-Mar-2026 12:11:42 Africa/Lagos] Loaded 21 settings records
[12-Mar-2026 12:11:42 Africa/Lagos] Loaded user data for ID: 1
[12-Mar-2026 12:11:42 Africa/Lagos] Loaded 1 academic years
[12-Mar-2026 12:11:42 Africa/Lagos] Loaded 16 classes
[12-Mar-2026 12:11:42 Africa/Lagos] === ADD STUDENT PAGE END ===
[12-Mar-2026 12:11:42 Africa/Lagos] Page loaded with 16 classes, 1 academic years
[12-Mar-2026 12:11:42 Africa/Lagos] ROUTER END: Successfully served /home/academixsuite/public_html/tenant/{school-slug}/admin/add-new-student.php
[12-Mar-2026 12:11:47 Africa/Lagos] === ADD STUDENT PAGE START ===
[12-Mar-2026 12:11:47 Africa/Lagos] Request URI: /tenant/bitflux-wallet-1771434696/admin/add-new-student.php?ajax=get_sections&class_id=4
[12-Mar-2026 12:11:47 Africa/Lagos] Script: /home/academixsuite/public_html/tenant/{school-slug}/admin/add-new-student.php
[12-Mar-2026 12:11:47 Africa/Lagos] Request Method: GET
[12-Mar-2026 12:11:47 Africa/Lagos] Session ID: 8b16a9aa5c7aaaba14f44fd2b1bbad4e
[12-Mar-2026 12:11:47 Africa/Lagos] School Slug: bitflux-wallet-1771434696
[12-Mar-2026 12:11:47 Africa/Lagos] User Type: admin
[12-Mar-2026 12:11:47 Africa/Lagos] Current Page: add-new-student.php
[12-Mar-2026 12:11:47 Africa/Lagos] School ID: 6
[12-Mar-2026 12:11:47 Africa/Lagos] School Name: bitflux wallet
[12-Mar-2026 12:11:47 Africa/Lagos] Authenticated User ID: 1
[12-Mar-2026 12:11:47 Africa/Lagos] Authenticated User Type: admin
[12-Mar-2026 12:11:47 Africa/Lagos] Loading autoload from: /home/academixsuite/public_html/tenant/{school-slug}/admin/../../../includes/autoload.php
[12-Mar-2026 12:11:47 Africa/Lagos] Autoload loaded successfully
[12-Mar-2026 12:11:47 Africa/Lagos] Database class found
[12-Mar-2026 12:11:47 Africa/Lagos] Loading StudentManager from: /home/academixsuite/public_html/tenant/{school-slug}/admin/../../../includes/StudentManager.php
[12-Mar-2026 12:11:47 Africa/Lagos] StudentManager loaded successfully
[12-Mar-2026 12:11:47 Africa/Lagos] Attempting to connect to database: school_6
[12-Mar-2026 12:11:47 Africa/Lagos] School database connection successful for: school_6
[12-Mar-2026 12:11:47 Africa/Lagos] Database connection PDO object: PDO
[12-Mar-2026 12:11:47 Africa/Lagos] Initializing StudentManager with parameters:
[12-Mar-2026 12:11:47 Africa/Lagos] - School ID: 6
[12-Mar-2026 12:11:47 Africa/Lagos] - User ID: 1
[12-Mar-2026 12:11:47 Africa/Lagos] - User Type: admin
[12-Mar-2026 12:11:47 Africa/Lagos] StudentManager initialized for school ID: 6
[12-Mar-2026 12:11:47 Africa/Lagos] StudentManager initialized successfully
[12-Mar-2026 12:11:47 Africa/Lagos] Starting data fetch from database
[12-Mar-2026 12:11:47 Africa/Lagos] Loaded 21 settings records
[12-Mar-2026 12:11:47 Africa/Lagos] Loaded user data for ID: 1
[12-Mar-2026 12:11:47 Africa/Lagos] Loaded 1 academic years
[12-Mar-2026 12:11:47 Africa/Lagos] Loaded 16 classes
[12-Mar-2026 12:11:47 Africa/Lagos] Retrieved 1 sections for class ID: 4
[12-Mar-2026 12:11:47 Africa/Lagos] Loaded 1 sections for class 4
[12-Mar-2026 12:11:47 Africa/Lagos] Processing AJAX request: get_sections
[12-Mar-2026 12:11:47 Africa/Lagos] Retrieved 1 sections for class ID: 4
[12-Mar-2026 12:12:46 Africa/Lagos] === ADD STUDENT PAGE START ===
[12-Mar-2026 12:12:46 Africa/Lagos] Request URI: /tenant/bitflux-wallet-1771434696/admin/add-new-student.php?ajax=search_parents&term=oke
[12-Mar-2026 12:12:46 Africa/Lagos] Script: /home/academixsuite/public_html/tenant/{school-slug}/admin/add-new-student.php
[12-Mar-2026 12:12:46 Africa/Lagos] Request Method: GET
[12-Mar-2026 12:12:46 Africa/Lagos] Session ID: 8b16a9aa5c7aaaba14f44fd2b1bbad4e
[12-Mar-2026 12:12:46 Africa/Lagos] School Slug: bitflux-wallet-1771434696
[12-Mar-2026 12:12:46 Africa/Lagos] User Type: admin
[12-Mar-2026 12:12:46 Africa/Lagos] Current Page: add-new-student.php
[12-Mar-2026 12:12:46 Africa/Lagos] School ID: 6
[12-Mar-2026 12:12:46 Africa/Lagos] School Name: bitflux wallet
[12-Mar-2026 12:12:46 Africa/Lagos] Authenticated User ID: 1
[12-Mar-2026 12:12:46 Africa/Lagos] Authenticated User Type: admin
[12-Mar-2026 12:12:46 Africa/Lagos] Loading autoload from: /home/academixsuite/public_html/tenant/{school-slug}/admin/../../../includes/autoload.php
[12-Mar-2026 12:12:46 Africa/Lagos] Autoload loaded successfully
[12-Mar-2026 12:12:46 Africa/Lagos] Database class found
[12-Mar-2026 12:12:46 Africa/Lagos] Loading StudentManager from: /home/academixsuite/public_html/tenant/{school-slug}/admin/../../../includes/StudentManager.php
[12-Mar-2026 12:12:46 Africa/Lagos] StudentManager loaded successfully
[12-Mar-2026 12:12:46 Africa/Lagos] Attempting to connect to database: school_6
[12-Mar-2026 12:12:46 Africa/Lagos] School database connection successful for: school_6
[12-Mar-2026 12:12:46 Africa/Lagos] Database connection PDO object: PDO
[12-Mar-2026 12:12:46 Africa/Lagos] Initializing StudentManager with parameters:
[12-Mar-2026 12:12:46 Africa/Lagos] - School ID: 6
[12-Mar-2026 12:12:46 Africa/Lagos] - User ID: 1
[12-Mar-2026 12:12:46 Africa/Lagos] - User Type: admin
[12-Mar-2026 12:12:46 Africa/Lagos] StudentManager initialized for school ID: 6
[12-Mar-2026 12:12:46 Africa/Lagos] StudentManager initialized successfully
[12-Mar-2026 12:12:46 Africa/Lagos] Starting data fetch from database
[12-Mar-2026 12:12:46 Africa/Lagos] Loaded 21 settings records
[12-Mar-2026 12:12:46 Africa/Lagos] Loaded user data for ID: 1
[12-Mar-2026 12:12:46 Africa/Lagos] Loaded 1 academic years
[12-Mar-2026 12:12:46 Africa/Lagos] Loaded 16 classes
[12-Mar-2026 12:12:46 Africa/Lagos] Processing AJAX request: search_parents
[12-Mar-2026 12:12:46 Africa/Lagos] Searching parents with term: oke
[12-Mar-2026 12:12:46 Africa/Lagos] Found 1 parents matching term
[12-Mar-2026 12:13:51 Africa/Lagos] === ADD STUDENT PAGE START ===
[12-Mar-2026 12:13:51 Africa/Lagos] Request URI: /tenant/bitflux-wallet-1771434696/admin/add-new-student.php
[12-Mar-2026 12:13:51 Africa/Lagos] Script: /home/academixsuite/public_html/tenant/{school-slug}/admin/add-new-student.php
[12-Mar-2026 12:13:51 Africa/Lagos] Request Method: POST
[12-Mar-2026 12:13:51 Africa/Lagos] Session ID: 8b16a9aa5c7aaaba14f44fd2b1bbad4e
[12-Mar-2026 12:13:51 Africa/Lagos] School Slug: bitflux-wallet-1771434696
[12-Mar-2026 12:13:51 Africa/Lagos] User Type: admin
[12-Mar-2026 12:13:51 Africa/Lagos] Current Page: add-new-student.php
[12-Mar-2026 12:13:51 Africa/Lagos] School ID: 6
[12-Mar-2026 12:13:51 Africa/Lagos] School Name: bitflux wallet
[12-Mar-2026 12:13:51 Africa/Lagos] Authenticated User ID: 1
[12-Mar-2026 12:13:51 Africa/Lagos] Authenticated User Type: admin
[12-Mar-2026 12:13:51 Africa/Lagos] Loading autoload from: /home/academixsuite/public_html/tenant/{school-slug}/admin/../../../includes/autoload.php
[12-Mar-2026 12:13:51 Africa/Lagos] Autoload loaded successfully
[12-Mar-2026 12:13:51 Africa/Lagos] Database class found
[12-Mar-2026 12:13:51 Africa/Lagos] Loading StudentManager from: /home/academixsuite/public_html/tenant/{school-slug}/admin/../../../includes/StudentManager.php
[12-Mar-2026 12:13:51 Africa/Lagos] StudentManager loaded successfully
[12-Mar-2026 12:13:51 Africa/Lagos] Attempting to connect to database: school_6
[12-Mar-2026 12:13:51 Africa/Lagos] School database connection successful for: school_6
[12-Mar-2026 12:13:51 Africa/Lagos] Database connection PDO object: PDO
[12-Mar-2026 12:13:51 Africa/Lagos] Initializing StudentManager with parameters:
[12-Mar-2026 12:13:51 Africa/Lagos] - School ID: 6
[12-Mar-2026 12:13:51 Africa/Lagos] - User ID: 1
[12-Mar-2026 12:13:51 Africa/Lagos] - User Type: admin
[12-Mar-2026 12:13:51 Africa/Lagos] StudentManager initialized for school ID: 6
[12-Mar-2026 12:13:51 Africa/Lagos] StudentManager initialized successfully
[12-Mar-2026 12:13:51 Africa/Lagos] POST data received. Fields: csrf_token, academic_year, class, section, roll_number, admission_date, first_name, middle_name, last_name, gender, date_of_birth, student_phone, student_email, existing_parent_id, blood_group, allergies, medical_conditions, current_address, permanent_address, previous_school, previous_class, transfer_certificate_no
[12-Mar-2026 12:13:51 Africa/Lagos] Starting data fetch from database
[12-Mar-2026 12:13:51 Africa/Lagos] Loaded 21 settings records
[12-Mar-2026 12:13:51 Africa/Lagos] Loaded user data for ID: 1
[12-Mar-2026 12:13:51 Africa/Lagos] Loaded 1 academic years
[12-Mar-2026 12:13:51 Africa/Lagos] Loaded 16 classes
[12-Mar-2026 12:13:51 Africa/Lagos] === POST REQUEST DETECTED ===
[12-Mar-2026 12:13:51 Africa/Lagos] POST data keys: csrf_token, academic_year, class, section, roll_number, admission_date, first_name, middle_name, last_name, gender, date_of_birth, student_phone, student_email, existing_parent_id, blood_group, allergies, medical_conditions, current_address, permanent_address, previous_school, previous_class, transfer_certificate_no
[12-Mar-2026 12:13:51 Africa/Lagos] === PROCESSING FORM SUBMISSION ===
[12-Mar-2026 12:13:51 Africa/Lagos] Form submission detected via field presence
[12-Mar-2026 12:13:51 Africa/Lagos] CSRF validation PASSED
[12-Mar-2026 12:13:51 Africa/Lagos] Student data prepared for insertion:
[12-Mar-2026 12:13:51 Africa/Lagos] - Name: Okere Francis
[12-Mar-2026 12:13:51 Africa/Lagos] Validation PASSED - all required fields present
[12-Mar-2026 12:13:51 Africa/Lagos] Calling StudentManager->addStudent()
[12-Mar-2026 12:13:51 Africa/Lagos] === ADD STUDENT START ===
[12-Mar-2026 12:13:51 Africa/Lagos] School ID: 6
[12-Mar-2026 12:13:51 Africa/Lagos] User ID: 1
[12-Mar-2026 12:13:51 Africa/Lagos] Data received: ["academic_year_id","class_id","section_id","roll_number","admission_date","first_name","middle_name","last_name","gender","date_of_birth","student_email","student_phone","guardian_name","guardian_email","guardian_phone","guardian_relation","guardian_address","existing_parent_id","blood_group","allergies","medical_conditions","doctor_name","doctor_phone","current_address","permanent_address","previous_school","previous_class","transfer_certificate_no"]
[12-Mar-2026 12:13:51 Africa/Lagos] Transaction started
[12-Mar-2026 12:13:51 Africa/Lagos] Validation passed
[12-Mar-2026 12:13:51 Africa/Lagos] Generating admission number for academic year ID: 1
[12-Mar-2026 12:13:51 Africa/Lagos] Using academic year: 2025-2026 (Year: 2025)
[12-Mar-2026 12:13:51 Africa/Lagos] Generated admission number: BIT-2025-0017
[12-Mar-2026 12:13:51 Africa/Lagos] Generated admission number: BIT-2025-0017
[12-Mar-2026 12:13:51 Africa/Lagos] Generating professional email for: Okere Francis (student)
[12-Mar-2026 12:13:51 Africa/Lagos] Base email generated: okere.francis@student.bitflux-wallet-1771434696
[12-Mar-2026 12:13:51 Africa/Lagos] Email is unique: okere.francis@student.bitflux-wallet-1771434696
[12-Mar-2026 12:13:51 Africa/Lagos] Generated student email: okere.francis@student.bitflux-wallet-1771434696
[12-Mar-2026 12:13:51 Africa/Lagos] Generated random password of length: 8
[12-Mar-2026 12:13:52 Africa/Lagos] Student password generated (hashed)
[12-Mar-2026 12:13:52 Africa/Lagos] Creating student user account:
[12-Mar-2026 12:13:52 Africa/Lagos] - Full name: Okere Iheanyi Francis
[12-Mar-2026 12:13:52 Africa/Lagos] - Email: okere.francis@student.bitflux-wallet-1771434696
[12-Mar-2026 12:13:52 Africa/Lagos] - Username: okere.francis
[12-Mar-2026 12:13:52 Africa/Lagos] Student user created with ID: 76
[12-Mar-2026 12:13:52 Africa/Lagos] Student role assigned to user ID: 76
[12-Mar-2026 12:13:52 Africa/Lagos] Getting default campus ID for school: 6
[12-Mar-2026 12:13:52 Africa/Lagos] Error getting default campus: SQLSTATE[42S22]: Column not found: 1054 Unknown column 'is_default' in 'WHERE'
[12-Mar-2026 12:13:52 Africa/Lagos] Campus ID: null
[12-Mar-2026 12:13:52 Africa/Lagos] Inserting student record...
[12-Mar-2026 12:13:52 Africa/Lagos] Student insert params prepared: [6,null,"76","BIT-2025-0017","3",4,5,"2025-09-11","Okere","Iheanyi","Francis","2023-02-12"]...
[12-Mar-2026 12:13:52 Africa/Lagos] === STUDENT RECORD CREATED SUCCESSFULLY ===
[12-Mar-2026 12:13:52 Africa/Lagos] Student ID: 31
[12-Mar-2026 12:13:52 Africa/Lagos] Admission Number: BIT-2025-0017
[12-Mar-2026 12:13:52 Africa/Lagos] Using existing parent ID: 62
[12-Mar-2026 12:13:52 Africa/Lagos] Creating guardian relationship - Parent: 62, Student: 31, Relationship: guardian
[12-Mar-2026 12:13:52 Africa/Lagos] Guardian relationship created successfully
[12-Mar-2026 12:13:52 Africa/Lagos] Stored temporary password for student ID: 76
[12-Mar-2026 12:13:52 Africa/Lagos] Creating audit log entry
[12-Mar-2026 12:13:52 Africa/Lagos] Audit log created successfully
[12-Mar-2026 12:13:52 Africa/Lagos] Transaction committed successfully
[12-Mar-2026 12:13:52 Africa/Lagos] Attempting to send login emails
[12-Mar-2026 12:13:52 Africa/Lagos] === SENDING LOGIN EMAILS ===
[12-Mar-2026 12:13:52 Africa/Lagos] Sending email to student: okere.francis@student.bitflux-wallet-1771434696
[12-Mar-2026 12:13:52 Africa/Lagos] Attempting to send email to: okere.francis@student.bitflux-wallet-1771434696
[12-Mar-2026 12:13:52 Africa/Lagos] Email sent successfully via mail() function
[12-Mar-2026 12:13:52 Africa/Lagos] Student email sent successfully
[12-Mar-2026 12:13:52 Africa/Lagos] No parent to email or parent ID not provided
[12-Mar-2026 12:13:52 Africa/Lagos] Email sending completed with 0 errors
[12-Mar-2026 12:13:52 Africa/Lagos] === ADD STUDENT COMPLETED SUCCESSFULLY ===
[12-Mar-2026 12:13:52 Africa/Lagos] Return message: Student added successfully! Admission Number: BIT-2025-0017
[12-Mar-2026 12:13:52 Africa/Lagos] StudentManager->addStudent() completed in 293.53ms
[12-Mar-2026 12:13:52 Africa/Lagos] === STUDENT ADDED SUCCESSFULLY ===
[12-Mar-2026 12:13:52 Africa/Lagos] Student ID: 31
[12-Mar-2026 12:13:52 Africa/Lagos] Message: Student added successfully! Admission Number: BIT-2025-0017
[12-Mar-2026 12:13:52 Africa/Lagos] Redirecting to student list: student-list.php
[12-Mar-2026 12:15:51 Africa/Lagos] === ADD STUDENT PAGE START ===
[12-Mar-2026 12:15:51 Africa/Lagos] Request URI: /tenant/bitflux-wallet-1771434696/admin/add-new-student.php
[12-Mar-2026 12:15:51 Africa/Lagos] Script: /home/academixsuite/public_html/tenant/{school-slug}/admin/add-new-student.php
[12-Mar-2026 12:15:51 Africa/Lagos] Request Method: GET
[12-Mar-2026 12:15:51 Africa/Lagos] Session ID: 8b16a9aa5c7aaaba14f44fd2b1bbad4e
[12-Mar-2026 12:15:51 Africa/Lagos] School Slug: bitflux-wallet-1771434696
[12-Mar-2026 12:15:51 Africa/Lagos] User Type: admin
[12-Mar-2026 12:15:51 Africa/Lagos] Current Page: add-new-student.php
[12-Mar-2026 12:15:51 Africa/Lagos] School ID: 6
[12-Mar-2026 12:15:51 Africa/Lagos] School Name: bitflux wallet
[12-Mar-2026 12:15:51 Africa/Lagos] Authenticated User ID: 1
[12-Mar-2026 12:15:51 Africa/Lagos] Authenticated User Type: admin
[12-Mar-2026 12:15:51 Africa/Lagos] Loading autoload from: /home/academixsuite/public_html/tenant/{school-slug}/admin/../../../includes/autoload.php
[12-Mar-2026 12:15:51 Africa/Lagos] Autoload loaded successfully
[12-Mar-2026 12:15:51 Africa/Lagos] Database class found
[12-Mar-2026 12:15:51 Africa/Lagos] Loading StudentManager from: /home/academixsuite/public_html/tenant/{school-slug}/admin/../../../includes/StudentManager.php
[12-Mar-2026 12:15:51 Africa/Lagos] StudentManager loaded successfully
[12-Mar-2026 12:15:51 Africa/Lagos] Attempting to connect to database: school_6
[12-Mar-2026 12:15:51 Africa/Lagos] School database connection successful for: school_6
[12-Mar-2026 12:15:51 Africa/Lagos] Database connection PDO object: PDO
[12-Mar-2026 12:15:51 Africa/Lagos] Initializing StudentManager with parameters:
[12-Mar-2026 12:15:51 Africa/Lagos] - School ID: 6
[12-Mar-2026 12:15:51 Africa/Lagos] - User ID: 1
[12-Mar-2026 12:15:51 Africa/Lagos] - User Type: admin
[12-Mar-2026 12:15:51 Africa/Lagos] StudentManager initialized for school ID: 6
[12-Mar-2026 12:15:51 Africa/Lagos] StudentManager initialized successfully
[12-Mar-2026 12:15:51 Africa/Lagos] Starting data fetch from database
[12-Mar-2026 12:15:51 Africa/Lagos] Loaded 21 settings records
[12-Mar-2026 12:15:51 Africa/Lagos] Loaded user data for ID: 1
[12-Mar-2026 12:15:51 Africa/Lagos] Loaded 1 academic years
[12-Mar-2026 12:15:51 Africa/Lagos] Loaded 16 classes
[12-Mar-2026 12:15:51 Africa/Lagos] === ADD STUDENT PAGE END ===
[12-Mar-2026 12:15:51 Africa/Lagos] Page loaded with 16 classes, 1 academic years
[12-Mar-2026 12:15:51 Africa/Lagos] ROUTER END: Successfully served /home/academixsuite/public_html/tenant/{school-slug}/admin/add-new-student.php
[12-Mar-2026 12:16:04 Africa/Lagos] === ADD STUDENT PAGE START ===
[12-Mar-2026 12:16:04 Africa/Lagos] Request URI: /tenant/bitflux-wallet-1771434696/admin/add-new-student.php?ajax=get_sections&class_id=4
[12-Mar-2026 12:16:04 Africa/Lagos] Script: /home/academixsuite/public_html/tenant/{school-slug}/admin/add-new-student.php
[12-Mar-2026 12:16:04 Africa/Lagos] Request Method: GET
[12-Mar-2026 12:16:04 Africa/Lagos] Session ID: 8b16a9aa5c7aaaba14f44fd2b1bbad4e
[12-Mar-2026 12:16:04 Africa/Lagos] School Slug: bitflux-wallet-1771434696
[12-Mar-2026 12:16:04 Africa/Lagos] User Type: admin
[12-Mar-2026 12:16:04 Africa/Lagos] Current Page: add-new-student.php
[12-Mar-2026 12:16:04 Africa/Lagos] School ID: 6
[12-Mar-2026 12:16:04 Africa/Lagos] School Name: bitflux wallet
[12-Mar-2026 12:16:04 Africa/Lagos] Authenticated User ID: 1
[12-Mar-2026 12:16:04 Africa/Lagos] Authenticated User Type: admin
[12-Mar-2026 12:16:04 Africa/Lagos] Loading autoload from: /home/academixsuite/public_html/tenant/{school-slug}/admin/../../../includes/autoload.php
[12-Mar-2026 12:16:04 Africa/Lagos] Autoload loaded successfully
[12-Mar-2026 12:16:04 Africa/Lagos] Database class found
[12-Mar-2026 12:16:04 Africa/Lagos] Loading StudentManager from: /home/academixsuite/public_html/tenant/{school-slug}/admin/../../../includes/StudentManager.php
[12-Mar-2026 12:16:04 Africa/Lagos] StudentManager loaded successfully
[12-Mar-2026 12:16:04 Africa/Lagos] Attempting to connect to database: school_6
[12-Mar-2026 12:16:04 Africa/Lagos] School database connection successful for: school_6
[12-Mar-2026 12:16:04 Africa/Lagos] Database connection PDO object: PDO
[12-Mar-2026 12:16:04 Africa/Lagos] Initializing StudentManager with parameters:
[12-Mar-2026 12:16:04 Africa/Lagos] - School ID: 6
[12-Mar-2026 12:16:04 Africa/Lagos] - User ID: 1
[12-Mar-2026 12:16:04 Africa/Lagos] - User Type: admin
[12-Mar-2026 12:16:04 Africa/Lagos] StudentManager initialized for school ID: 6
[12-Mar-2026 12:16:04 Africa/Lagos] StudentManager initialized successfully
[12-Mar-2026 12:16:04 Africa/Lagos] Starting data fetch from database
[12-Mar-2026 12:16:04 Africa/Lagos] Loaded 21 settings records
[12-Mar-2026 12:16:04 Africa/Lagos] Loaded user data for ID: 1
[12-Mar-2026 12:16:04 Africa/Lagos] Loaded 1 academic years
[12-Mar-2026 12:16:04 Africa/Lagos] Loaded 16 classes
[12-Mar-2026 12:16:04 Africa/Lagos] Retrieved 1 sections for class ID: 4
[12-Mar-2026 12:16:04 Africa/Lagos] Loaded 1 sections for class 4
[12-Mar-2026 12:16:04 Africa/Lagos] Processing AJAX request: get_sections
[12-Mar-2026 12:16:04 Africa/Lagos] Retrieved 1 sections for class ID: 4
[12-Mar-2026 12:19:17 Africa/Lagos] === ADD STUDENT PAGE START ===
[12-Mar-2026 12:19:17 Africa/Lagos] Request URI: /tenant/bitflux-wallet-1771434696/admin/add-new-student.php?ajax=search_parents&term=ama
[12-Mar-2026 12:19:17 Africa/Lagos] Script: /home/academixsuite/public_html/tenant/{school-slug}/admin/add-new-student.php
[12-Mar-2026 12:19:17 Africa/Lagos] Request Method: GET
[12-Mar-2026 12:19:17 Africa/Lagos] Session ID: 8b16a9aa5c7aaaba14f44fd2b1bbad4e
[12-Mar-2026 12:19:17 Africa/Lagos] School Slug: bitflux-wallet-1771434696
[12-Mar-2026 12:19:17 Africa/Lagos] User Type: admin
[12-Mar-2026 12:19:17 Africa/Lagos] Current Page: add-new-student.php
[12-Mar-2026 12:19:17 Africa/Lagos] School ID: 6
[12-Mar-2026 12:19:17 Africa/Lagos] School Name: bitflux wallet
[12-Mar-2026 12:19:17 Africa/Lagos] Authenticated User ID: 1
[12-Mar-2026 12:19:17 Africa/Lagos] Authenticated User Type: admin
[12-Mar-2026 12:19:17 Africa/Lagos] Loading autoload from: /home/academixsuite/public_html/tenant/{school-slug}/admin/../../../includes/autoload.php
[12-Mar-2026 12:19:17 Africa/Lagos] Autoload loaded successfully
[12-Mar-2026 12:19:17 Africa/Lagos] Database class found
[12-Mar-2026 12:19:17 Africa/Lagos] Loading StudentManager from: /home/academixsuite/public_html/tenant/{school-slug}/admin/../../../includes/StudentManager.php
[12-Mar-2026 12:19:17 Africa/Lagos] StudentManager loaded successfully
[12-Mar-2026 12:19:17 Africa/Lagos] Attempting to connect to database: school_6
[12-Mar-2026 12:19:17 Africa/Lagos] School database connection successful for: school_6
[12-Mar-2026 12:19:17 Africa/Lagos] Database connection PDO object: PDO
[12-Mar-2026 12:19:17 Africa/Lagos] Initializing StudentManager with parameters:
[12-Mar-2026 12:19:17 Africa/Lagos] - School ID: 6
[12-Mar-2026 12:19:17 Africa/Lagos] - User ID: 1
[12-Mar-2026 12:19:17 Africa/Lagos] - User Type: admin
[12-Mar-2026 12:19:17 Africa/Lagos] StudentManager initialized for school ID: 6
[12-Mar-2026 12:19:17 Africa/Lagos] StudentManager initialized successfully
[12-Mar-2026 12:19:17 Africa/Lagos] Starting data fetch from database
[12-Mar-2026 12:19:17 Africa/Lagos] Loaded 21 settings records
[12-Mar-2026 12:19:17 Africa/Lagos] Loaded user data for ID: 1
[12-Mar-2026 12:19:17 Africa/Lagos] Loaded 1 academic years
[12-Mar-2026 12:19:17 Africa/Lagos] Loaded 16 classes
[12-Mar-2026 12:19:17 Africa/Lagos] Processing AJAX request: search_parents
[12-Mar-2026 12:19:17 Africa/Lagos] Searching parents with term: ama
[12-Mar-2026 12:19:17 Africa/Lagos] Found 3 parents matching term
[12-Mar-2026 12:21:26 Africa/Lagos] === ADD STUDENT PAGE START ===
[12-Mar-2026 12:21:26 Africa/Lagos] Request URI: /tenant/bitflux-wallet-1771434696/admin/add-new-student.php
[12-Mar-2026 12:21:26 Africa/Lagos] Script: /home/academixsuite/public_html/tenant/{school-slug}/admin/add-new-student.php
[12-Mar-2026 12:21:26 Africa/Lagos] Request Method: POST
[12-Mar-2026 12:21:26 Africa/Lagos] Session ID: 8b16a9aa5c7aaaba14f44fd2b1bbad4e
[12-Mar-2026 12:21:26 Africa/Lagos] School Slug: bitflux-wallet-1771434696
[12-Mar-2026 12:21:26 Africa/Lagos] User Type: admin
[12-Mar-2026 12:21:26 Africa/Lagos] Current Page: add-new-student.php
[12-Mar-2026 12:21:26 Africa/Lagos] School ID: 6
[12-Mar-2026 12:21:26 Africa/Lagos] School Name: bitflux wallet
[12-Mar-2026 12:21:26 Africa/Lagos] Authenticated User ID: 1
[12-Mar-2026 12:21:26 Africa/Lagos] Authenticated User Type: admin
[12-Mar-2026 12:21:26 Africa/Lagos] Loading autoload from: /home/academixsuite/public_html/tenant/{school-slug}/admin/../../../includes/autoload.php
[12-Mar-2026 12:21:26 Africa/Lagos] Autoload loaded successfully
[12-Mar-2026 12:21:26 Africa/Lagos] Database class found
[12-Mar-2026 12:21:26 Africa/Lagos] Loading StudentManager from: /home/academixsuite/public_html/tenant/{school-slug}/admin/../../../includes/StudentManager.php
[12-Mar-2026 12:21:26 Africa/Lagos] StudentManager loaded successfully
[12-Mar-2026 12:21:26 Africa/Lagos] Attempting to connect to database: school_6
[12-Mar-2026 12:21:26 Africa/Lagos] School database connection successful for: school_6
[12-Mar-2026 12:21:26 Africa/Lagos] Database connection PDO object: PDO
[12-Mar-2026 12:21:26 Africa/Lagos] Initializing StudentManager with parameters:
[12-Mar-2026 12:21:26 Africa/Lagos] - School ID: 6
[12-Mar-2026 12:21:26 Africa/Lagos] - User ID: 1
[12-Mar-2026 12:21:26 Africa/Lagos] - User Type: admin
[12-Mar-2026 12:21:26 Africa/Lagos] StudentManager initialized for school ID: 6
[12-Mar-2026 12:21:26 Africa/Lagos] StudentManager initialized successfully
[12-Mar-2026 12:21:26 Africa/Lagos] POST data received. Fields: csrf_token, academic_year, class, section, roll_number, admission_date, first_name, middle_name, last_name, gender, date_of_birth, student_phone, student_email, existing_parent_id, blood_group, allergies, medical_conditions, current_address, permanent_address, previous_school, previous_class, transfer_certificate_no
[12-Mar-2026 12:21:26 Africa/Lagos] Starting data fetch from database
[12-Mar-2026 12:21:26 Africa/Lagos] Loaded 21 settings records
[12-Mar-2026 12:21:26 Africa/Lagos] Loaded user data for ID: 1
[12-Mar-2026 12:21:26 Africa/Lagos] Loaded 1 academic years
[12-Mar-2026 12:21:26 Africa/Lagos] Loaded 16 classes
[12-Mar-2026 12:21:26 Africa/Lagos] === POST REQUEST DETECTED ===
[12-Mar-2026 12:21:26 Africa/Lagos] POST data keys: csrf_token, academic_year, class, section, roll_number, admission_date, first_name, middle_name, last_name, gender, date_of_birth, student_phone, student_email, existing_parent_id, blood_group, allergies, medical_conditions, current_address, permanent_address, previous_school, previous_class, transfer_certificate_no
[12-Mar-2026 12:21:26 Africa/Lagos] === PROCESSING FORM SUBMISSION ===
[12-Mar-2026 12:21:26 Africa/Lagos] Form submission detected via field presence
[12-Mar-2026 12:21:26 Africa/Lagos] CSRF validation PASSED
[12-Mar-2026 12:21:26 Africa/Lagos] Student data prepared for insertion:
[12-Mar-2026 12:21:26 Africa/Lagos] - Name: Amadi ThankGod
[12-Mar-2026 12:21:26 Africa/Lagos] Validation PASSED - all required fields present
[12-Mar-2026 12:21:26 Africa/Lagos] Calling StudentManager->addStudent()
[12-Mar-2026 12:21:26 Africa/Lagos] === ADD STUDENT START ===
[12-Mar-2026 12:21:26 Africa/Lagos] School ID: 6
[12-Mar-2026 12:21:26 Africa/Lagos] User ID: 1
[12-Mar-2026 12:21:26 Africa/Lagos] Data received: ["academic_year_id","class_id","section_id","roll_number","admission_date","first_name","middle_name","last_name","gender","date_of_birth","student_email","student_phone","guardian_name","guardian_email","guardian_phone","guardian_relation","guardian_address","existing_parent_id","blood_group","allergies","medical_conditions","doctor_name","doctor_phone","current_address","permanent_address","previous_school","previous_class","transfer_certificate_no"]
[12-Mar-2026 12:21:26 Africa/Lagos] Transaction started
[12-Mar-2026 12:21:26 Africa/Lagos] Validation passed
[12-Mar-2026 12:21:26 Africa/Lagos] Generating admission number for academic year ID: 1
[12-Mar-2026 12:21:26 Africa/Lagos] Using academic year: 2025-2026 (Year: 2025)
[12-Mar-2026 12:21:26 Africa/Lagos] Generated admission number: BIT-2025-0018
[12-Mar-2026 12:21:26 Africa/Lagos] Generated admission number: BIT-2025-0018
[12-Mar-2026 12:21:26 Africa/Lagos] Generating professional email for: Amadi ThankGod (student)
[12-Mar-2026 12:21:26 Africa/Lagos] Base email generated: amadi.thankgod@student.bitflux-wallet-1771434696
[12-Mar-2026 12:21:26 Africa/Lagos] Email is unique: amadi.thankgod@student.bitflux-wallet-1771434696
[12-Mar-2026 12:21:26 Africa/Lagos] Generated student email: amadi.thankgod@student.bitflux-wallet-1771434696
[12-Mar-2026 12:21:26 Africa/Lagos] Generated random password of length: 8
[12-Mar-2026 12:21:26 Africa/Lagos] Student password generated (hashed)
[12-Mar-2026 12:21:26 Africa/Lagos] Creating student user account:
[12-Mar-2026 12:21:26 Africa/Lagos] - Full name: Amadi Kelechi ThankGod
[12-Mar-2026 12:21:26 Africa/Lagos] - Email: amadi.thankgod@student.bitflux-wallet-1771434696
[12-Mar-2026 12:21:26 Africa/Lagos] - Username: amadi.thankgod
[12-Mar-2026 12:21:26 Africa/Lagos] Student user created with ID: 77
[12-Mar-2026 12:21:26 Africa/Lagos] Student role assigned to user ID: 77
[12-Mar-2026 12:21:26 Africa/Lagos] Getting default campus ID for school: 6
[12-Mar-2026 12:21:26 Africa/Lagos] Error getting default campus: SQLSTATE[42S22]: Column not found: 1054 Unknown column 'is_default' in 'WHERE'
[12-Mar-2026 12:21:26 Africa/Lagos] Campus ID: null
[12-Mar-2026 12:21:26 Africa/Lagos] Inserting student record...
[12-Mar-2026 12:21:26 Africa/Lagos] Student insert params prepared: [6,null,"77","BIT-2025-0018","3",4,5,"2025-09-11","Amadi","Kelechi","ThankGod","2023-03-12"]...
[12-Mar-2026 12:21:26 Africa/Lagos] === STUDENT RECORD CREATED SUCCESSFULLY ===
[12-Mar-2026 12:21:26 Africa/Lagos] Student ID: 32
[12-Mar-2026 12:21:26 Africa/Lagos] Admission Number: BIT-2025-0018
[12-Mar-2026 12:21:26 Africa/Lagos] Using existing parent ID: 63
[12-Mar-2026 12:21:26 Africa/Lagos] Creating guardian relationship - Parent: 63, Student: 32, Relationship: guardian
[12-Mar-2026 12:21:26 Africa/Lagos] Guardian relationship created successfully
[12-Mar-2026 12:21:26 Africa/Lagos] Stored temporary password for student ID: 77
[12-Mar-2026 12:21:26 Africa/Lagos] Creating audit log entry
[12-Mar-2026 12:21:26 Africa/Lagos] Audit log created successfully
[12-Mar-2026 12:21:26 Africa/Lagos] Transaction committed successfully
[12-Mar-2026 12:21:26 Africa/Lagos] Attempting to send login emails
[12-Mar-2026 12:21:26 Africa/Lagos] === SENDING LOGIN EMAILS ===
[12-Mar-2026 12:21:26 Africa/Lagos] Sending email to student: amadi.thankgod@student.bitflux-wallet-1771434696
[12-Mar-2026 12:21:26 Africa/Lagos] Attempting to send email to: amadi.thankgod@student.bitflux-wallet-1771434696
[12-Mar-2026 12:21:26 Africa/Lagos] Email sent successfully via mail() function
[12-Mar-2026 12:21:26 Africa/Lagos] Student email sent successfully
[12-Mar-2026 12:21:26 Africa/Lagos] No parent to email or parent ID not provided
[12-Mar-2026 12:21:26 Africa/Lagos] Email sending completed with 0 errors
[12-Mar-2026 12:21:26 Africa/Lagos] === ADD STUDENT COMPLETED SUCCESSFULLY ===
[12-Mar-2026 12:21:26 Africa/Lagos] Return message: Student added successfully! Admission Number: BIT-2025-0018
[12-Mar-2026 12:21:26 Africa/Lagos] StudentManager->addStudent() completed in 308.72ms
[12-Mar-2026 12:21:26 Africa/Lagos] === STUDENT ADDED SUCCESSFULLY ===
[12-Mar-2026 12:21:26 Africa/Lagos] Student ID: 32
[12-Mar-2026 12:21:26 Africa/Lagos] Message: Student added successfully! Admission Number: BIT-2025-0018
[12-Mar-2026 12:21:26 Africa/Lagos] Redirecting to student list: student-list.php
[12-Mar-2026 12:21:54 Africa/Lagos] === ADD STUDENT PAGE START ===
[12-Mar-2026 12:21:54 Africa/Lagos] Request URI: /tenant/bitflux-wallet-1771434696/admin/add-new-student.php
[12-Mar-2026 12:21:54 Africa/Lagos] Script: /home/academixsuite/public_html/tenant/{school-slug}/admin/add-new-student.php
[12-Mar-2026 12:21:54 Africa/Lagos] Request Method: GET
[12-Mar-2026 12:21:54 Africa/Lagos] Session ID: 8b16a9aa5c7aaaba14f44fd2b1bbad4e
[12-Mar-2026 12:21:54 Africa/Lagos] School Slug: bitflux-wallet-1771434696
[12-Mar-2026 12:21:54 Africa/Lagos] User Type: admin
[12-Mar-2026 12:21:54 Africa/Lagos] Current Page: add-new-student.php
[12-Mar-2026 12:21:54 Africa/Lagos] School ID: 6
[12-Mar-2026 12:21:54 Africa/Lagos] School Name: bitflux wallet
[12-Mar-2026 12:21:54 Africa/Lagos] Authenticated User ID: 1
[12-Mar-2026 12:21:54 Africa/Lagos] Authenticated User Type: admin
[12-Mar-2026 12:21:54 Africa/Lagos] Loading autoload from: /home/academixsuite/public_html/tenant/{school-slug}/admin/../../../includes/autoload.php
[12-Mar-2026 12:21:54 Africa/Lagos] Autoload loaded successfully
[12-Mar-2026 12:21:54 Africa/Lagos] Database class found
[12-Mar-2026 12:21:54 Africa/Lagos] Loading StudentManager from: /home/academixsuite/public_html/tenant/{school-slug}/admin/../../../includes/StudentManager.php
[12-Mar-2026 12:21:54 Africa/Lagos] StudentManager loaded successfully
[12-Mar-2026 12:21:54 Africa/Lagos] Attempting to connect to database: school_6
[12-Mar-2026 12:21:54 Africa/Lagos] School database connection successful for: school_6
[12-Mar-2026 12:21:54 Africa/Lagos] Database connection PDO object: PDO
[12-Mar-2026 12:21:54 Africa/Lagos] Initializing StudentManager with parameters:
[12-Mar-2026 12:21:54 Africa/Lagos] - School ID: 6
[12-Mar-2026 12:21:54 Africa/Lagos] - User ID: 1
[12-Mar-2026 12:21:54 Africa/Lagos] - User Type: admin
[12-Mar-2026 12:21:54 Africa/Lagos] StudentManager initialized for school ID: 6
[12-Mar-2026 12:21:54 Africa/Lagos] StudentManager initialized successfully
[12-Mar-2026 12:21:54 Africa/Lagos] Starting data fetch from database
[12-Mar-2026 12:21:54 Africa/Lagos] Loaded 21 settings records
[12-Mar-2026 12:21:54 Africa/Lagos] Loaded user data for ID: 1
[12-Mar-2026 12:21:54 Africa/Lagos] Loaded 1 academic years
[12-Mar-2026 12:21:54 Africa/Lagos] Loaded 16 classes
[12-Mar-2026 12:21:54 Africa/Lagos] === ADD STUDENT PAGE END ===
[12-Mar-2026 12:21:54 Africa/Lagos] Page loaded with 16 classes, 1 academic years
[12-Mar-2026 12:21:54 Africa/Lagos] ROUTER END: Successfully served /home/academixsuite/public_html/tenant/{school-slug}/admin/add-new-student.php
[12-Mar-2026 12:22:00 Africa/Lagos] === ADD STUDENT PAGE START ===
[12-Mar-2026 12:22:00 Africa/Lagos] Request URI: /tenant/bitflux-wallet-1771434696/admin/add-new-student.php?ajax=get_sections&class_id=4
[12-Mar-2026 12:22:00 Africa/Lagos] Script: /home/academixsuite/public_html/tenant/{school-slug}/admin/add-new-student.php
[12-Mar-2026 12:22:00 Africa/Lagos] Request Method: GET
[12-Mar-2026 12:22:00 Africa/Lagos] Session ID: 8b16a9aa5c7aaaba14f44fd2b1bbad4e
[12-Mar-2026 12:22:00 Africa/Lagos] School Slug: bitflux-wallet-1771434696
[12-Mar-2026 12:22:00 Africa/Lagos] User Type: admin
[12-Mar-2026 12:22:00 Africa/Lagos] Current Page: add-new-student.php
[12-Mar-2026 12:22:00 Africa/Lagos] School ID: 6
[12-Mar-2026 12:22:00 Africa/Lagos] School Name: bitflux wallet
[12-Mar-2026 12:22:00 Africa/Lagos] Authenticated User ID: 1
[12-Mar-2026 12:22:00 Africa/Lagos] Authenticated User Type: admin
[12-Mar-2026 12:22:00 Africa/Lagos] Loading autoload from: /home/academixsuite/public_html/tenant/{school-slug}/admin/../../../includes/autoload.php
[12-Mar-2026 12:22:00 Africa/Lagos] Autoload loaded successfully
[12-Mar-2026 12:22:00 Africa/Lagos] Database class found
[12-Mar-2026 12:22:00 Africa/Lagos] Loading StudentManager from: /home/academixsuite/public_html/tenant/{school-slug}/admin/../../../includes/StudentManager.php
[12-Mar-2026 12:22:00 Africa/Lagos] StudentManager loaded successfully
[12-Mar-2026 12:22:00 Africa/Lagos] Attempting to connect to database: school_6
[12-Mar-2026 12:22:00 Africa/Lagos] School database connection successful for: school_6
[12-Mar-2026 12:22:00 Africa/Lagos] Database connection PDO object: PDO
[12-Mar-2026 12:22:00 Africa/Lagos] Initializing StudentManager with parameters:
[12-Mar-2026 12:22:00 Africa/Lagos] - School ID: 6
[12-Mar-2026 12:22:00 Africa/Lagos] - User ID: 1
[12-Mar-2026 12:22:00 Africa/Lagos] - User Type: admin
[12-Mar-2026 12:22:00 Africa/Lagos] StudentManager initialized for school ID: 6
[12-Mar-2026 12:22:00 Africa/Lagos] StudentManager initialized successfully
[12-Mar-2026 12:22:00 Africa/Lagos] Starting data fetch from database
[12-Mar-2026 12:22:00 Africa/Lagos] Loaded 21 settings records
[12-Mar-2026 12:22:00 Africa/Lagos] Loaded user data for ID: 1
[12-Mar-2026 12:22:00 Africa/Lagos] Loaded 1 academic years
[12-Mar-2026 12:22:00 Africa/Lagos] Loaded 16 classes
[12-Mar-2026 12:22:00 Africa/Lagos] Retrieved 1 sections for class ID: 4
[12-Mar-2026 12:22:00 Africa/Lagos] Loaded 1 sections for class 4
[12-Mar-2026 12:22:00 Africa/Lagos] Processing AJAX request: get_sections
[12-Mar-2026 12:22:00 Africa/Lagos] Retrieved 1 sections for class ID: 4
[12-Mar-2026 12:23:44 Africa/Lagos] === ADD STUDENT PAGE START ===
[12-Mar-2026 12:23:44 Africa/Lagos] Request URI: /tenant/bitflux-wallet-1771434696/admin/add-new-student.php?ajax=search_parents&term=uzo
[12-Mar-2026 12:23:44 Africa/Lagos] Script: /home/academixsuite/public_html/tenant/{school-slug}/admin/add-new-student.php
[12-Mar-2026 12:23:44 Africa/Lagos] Request Method: GET
[12-Mar-2026 12:23:44 Africa/Lagos] Session ID: 8b16a9aa5c7aaaba14f44fd2b1bbad4e
[12-Mar-2026 12:23:44 Africa/Lagos] School Slug: bitflux-wallet-1771434696
[12-Mar-2026 12:23:44 Africa/Lagos] User Type: admin
[12-Mar-2026 12:23:44 Africa/Lagos] Current Page: add-new-student.php
[12-Mar-2026 12:23:44 Africa/Lagos] School ID: 6
[12-Mar-2026 12:23:44 Africa/Lagos] School Name: bitflux wallet
[12-Mar-2026 12:23:44 Africa/Lagos] Authenticated User ID: 1
[12-Mar-2026 12:23:44 Africa/Lagos] Authenticated User Type: admin
[12-Mar-2026 12:23:44 Africa/Lagos] Loading autoload from: /home/academixsuite/public_html/tenant/{school-slug}/admin/../../../includes/autoload.php
[12-Mar-2026 12:23:44 Africa/Lagos] Autoload loaded successfully
[12-Mar-2026 12:23:44 Africa/Lagos] Database class found
[12-Mar-2026 12:23:44 Africa/Lagos] Loading StudentManager from: /home/academixsuite/public_html/tenant/{school-slug}/admin/../../../includes/StudentManager.php
[12-Mar-2026 12:23:44 Africa/Lagos] StudentManager loaded successfully
[12-Mar-2026 12:23:44 Africa/Lagos] Attempting to connect to database: school_6
[12-Mar-2026 12:23:44 Africa/Lagos] School database connection successful for: school_6
[12-Mar-2026 12:23:44 Africa/Lagos] Database connection PDO object: PDO
[12-Mar-2026 12:23:44 Africa/Lagos] Initializing StudentManager with parameters:
[12-Mar-2026 12:23:44 Africa/Lagos] - School ID: 6
[12-Mar-2026 12:23:44 Africa/Lagos] - User ID: 1
[12-Mar-2026 12:23:44 Africa/Lagos] - User Type: admin
[12-Mar-2026 12:23:44 Africa/Lagos] StudentManager initialized for school ID: 6
[12-Mar-2026 12:23:44 Africa/Lagos] StudentManager initialized successfully
[12-Mar-2026 12:23:44 Africa/Lagos] Starting data fetch from database
[12-Mar-2026 12:23:44 Africa/Lagos] Loaded 21 settings records
[12-Mar-2026 12:23:44 Africa/Lagos] Loaded user data for ID: 1
[12-Mar-2026 12:23:44 Africa/Lagos] Loaded 1 academic years
[12-Mar-2026 12:23:44 Africa/Lagos] Loaded 16 classes
[12-Mar-2026 12:23:44 Africa/Lagos] Processing AJAX request: search_parents
[12-Mar-2026 12:23:44 Africa/Lagos] Searching parents with term: uzo
[12-Mar-2026 12:23:44 Africa/Lagos] Found 2 parents matching term
[12-Mar-2026 15:23:23 Africa/Lagos] === ADD STUDENT PAGE START ===
[12-Mar-2026 15:23:23 Africa/Lagos] Request URI: /tenant/bitflux-wallet-1771434696/admin/add-new-student.php
[12-Mar-2026 15:23:23 Africa/Lagos] Script: /home/academixsuite/public_html/tenant/{school-slug}/admin/add-new-student.php
[12-Mar-2026 15:23:23 Africa/Lagos] Request Method: GET
[12-Mar-2026 15:23:23 Africa/Lagos] Session ID: af96801a43ad464dfd828455a6266fe2
[12-Mar-2026 15:23:23 Africa/Lagos] School Slug: bitflux-wallet-1771434696
[12-Mar-2026 15:23:23 Africa/Lagos] User Type: admin
[12-Mar-2026 15:23:23 Africa/Lagos] Current Page: add-new-student.php
[12-Mar-2026 15:23:23 Africa/Lagos] School ID: 6
[12-Mar-2026 15:23:23 Africa/Lagos] School Name: bitflux wallet
[12-Mar-2026 15:23:23 Africa/Lagos] Authenticated User ID: 1
[12-Mar-2026 15:23:23 Africa/Lagos] Authenticated User Type: admin
[12-Mar-2026 15:23:23 Africa/Lagos] Loading autoload from: /home/academixsuite/public_html/tenant/{school-slug}/admin/../../../includes/autoload.php
[12-Mar-2026 15:23:23 Africa/Lagos] Autoload loaded successfully
[12-Mar-2026 15:23:23 Africa/Lagos] Database class found
[12-Mar-2026 15:23:23 Africa/Lagos] Loading StudentManager from: /home/academixsuite/public_html/tenant/{school-slug}/admin/../../../includes/StudentManager.php
[12-Mar-2026 15:23:23 Africa/Lagos] StudentManager loaded successfully
[12-Mar-2026 15:23:23 Africa/Lagos] Attempting to connect to database: school_6
[12-Mar-2026 15:23:23 Africa/Lagos] School database connection successful for: school_6
[12-Mar-2026 15:23:23 Africa/Lagos] Database connection PDO object: PDO
[12-Mar-2026 15:23:23 Africa/Lagos] Initializing StudentManager with parameters:
[12-Mar-2026 15:23:23 Africa/Lagos] - School ID: 6
[12-Mar-2026 15:23:23 Africa/Lagos] - User ID: 1
[12-Mar-2026 15:23:23 Africa/Lagos] - User Type: admin
[12-Mar-2026 15:23:23 Africa/Lagos] StudentManager initialized for school ID: 6
[12-Mar-2026 15:23:23 Africa/Lagos] StudentManager initialized successfully
[12-Mar-2026 15:23:23 Africa/Lagos] Starting data fetch from database
[12-Mar-2026 15:23:23 Africa/Lagos] Loaded 21 settings records
[12-Mar-2026 15:23:23 Africa/Lagos] Loaded user data for ID: 1
[12-Mar-2026 15:23:23 Africa/Lagos] Loaded 1 academic years
[12-Mar-2026 15:23:23 Africa/Lagos] Loaded 16 classes
[12-Mar-2026 15:23:23 Africa/Lagos] === ADD STUDENT PAGE END ===
[12-Mar-2026 15:23:23 Africa/Lagos] Page loaded with 16 classes, 1 academic years
[12-Mar-2026 15:23:23 Africa/Lagos] ROUTER END: Successfully served /home/academixsuite/public_html/tenant/{school-slug}/admin/add-new-student.php
[12-Mar-2026 15:23:45 Africa/Lagos] === ADD STUDENT PAGE START ===
[12-Mar-2026 15:23:45 Africa/Lagos] Request URI: /tenant/bitflux-wallet-1771434696/admin/add-new-student.php?ajax=get_sections&class_id=4
[12-Mar-2026 15:23:45 Africa/Lagos] Script: /home/academixsuite/public_html/tenant/{school-slug}/admin/add-new-student.php
[12-Mar-2026 15:23:45 Africa/Lagos] Request Method: GET
[12-Mar-2026 15:23:45 Africa/Lagos] Session ID: af96801a43ad464dfd828455a6266fe2
[12-Mar-2026 15:23:45 Africa/Lagos] School Slug: bitflux-wallet-1771434696
[12-Mar-2026 15:23:45 Africa/Lagos] User Type: admin
[12-Mar-2026 15:23:45 Africa/Lagos] Current Page: add-new-student.php
[12-Mar-2026 15:23:45 Africa/Lagos] School ID: 6
[12-Mar-2026 15:23:45 Africa/Lagos] School Name: bitflux wallet
[12-Mar-2026 15:23:45 Africa/Lagos] Authenticated User ID: 1
[12-Mar-2026 15:23:45 Africa/Lagos] Authenticated User Type: admin
[12-Mar-2026 15:23:45 Africa/Lagos] Loading autoload from: /home/academixsuite/public_html/tenant/{school-slug}/admin/../../../includes/autoload.php
[12-Mar-2026 15:23:45 Africa/Lagos] Autoload loaded successfully
[12-Mar-2026 15:23:45 Africa/Lagos] Database class found
[12-Mar-2026 15:23:45 Africa/Lagos] Loading StudentManager from: /home/academixsuite/public_html/tenant/{school-slug}/admin/../../../includes/StudentManager.php
[12-Mar-2026 15:23:45 Africa/Lagos] StudentManager loaded successfully
[12-Mar-2026 15:23:45 Africa/Lagos] Attempting to connect to database: school_6
[12-Mar-2026 15:23:45 Africa/Lagos] School database connection successful for: school_6
[12-Mar-2026 15:23:45 Africa/Lagos] Database connection PDO object: PDO
[12-Mar-2026 15:23:45 Africa/Lagos] Initializing StudentManager with parameters:
[12-Mar-2026 15:23:45 Africa/Lagos] - School ID: 6
[12-Mar-2026 15:23:45 Africa/Lagos] - User ID: 1
[12-Mar-2026 15:23:45 Africa/Lagos] - User Type: admin
[12-Mar-2026 15:23:45 Africa/Lagos] StudentManager initialized for school ID: 6
[12-Mar-2026 15:23:45 Africa/Lagos] StudentManager initialized successfully
[12-Mar-2026 15:23:45 Africa/Lagos] Starting data fetch from database
[12-Mar-2026 15:23:45 Africa/Lagos] Loaded 21 settings records
[12-Mar-2026 15:23:45 Africa/Lagos] Loaded user data for ID: 1
[12-Mar-2026 15:23:45 Africa/Lagos] Loaded 1 academic years
[12-Mar-2026 15:23:45 Africa/Lagos] Loaded 16 classes
[12-Mar-2026 15:23:45 Africa/Lagos] Retrieved 1 sections for class ID: 4
[12-Mar-2026 15:23:45 Africa/Lagos] Loaded 1 sections for class 4
[12-Mar-2026 15:23:45 Africa/Lagos] Processing AJAX request: get_sections
[12-Mar-2026 15:23:45 Africa/Lagos] Retrieved 1 sections for class ID: 4
[12-Mar-2026 15:25:05 Africa/Lagos] === ADD STUDENT PAGE START ===
[12-Mar-2026 15:25:05 Africa/Lagos] Request URI: /tenant/bitflux-wallet-1771434696/admin/add-new-student.php
[12-Mar-2026 15:25:05 Africa/Lagos] Script: /home/academixsuite/public_html/tenant/{school-slug}/admin/add-new-student.php
[12-Mar-2026 15:25:05 Africa/Lagos] Request Method: GET
[12-Mar-2026 15:25:05 Africa/Lagos] Session ID: af96801a43ad464dfd828455a6266fe2
[12-Mar-2026 15:25:05 Africa/Lagos] School Slug: bitflux-wallet-1771434696
[12-Mar-2026 15:25:05 Africa/Lagos] User Type: admin
[12-Mar-2026 15:25:05 Africa/Lagos] Current Page: add-new-student.php
[12-Mar-2026 15:25:05 Africa/Lagos] School ID: 6
[12-Mar-2026 15:25:05 Africa/Lagos] School Name: bitflux wallet
[12-Mar-2026 15:25:05 Africa/Lagos] Authenticated User ID: 1
[12-Mar-2026 15:25:05 Africa/Lagos] Authenticated User Type: admin
[12-Mar-2026 15:25:05 Africa/Lagos] Loading autoload from: /home/academixsuite/public_html/tenant/{school-slug}/admin/../../../includes/autoload.php
[12-Mar-2026 15:25:05 Africa/Lagos] Autoload loaded successfully
[12-Mar-2026 15:25:05 Africa/Lagos] Database class found
[12-Mar-2026 15:25:05 Africa/Lagos] Loading StudentManager from: /home/academixsuite/public_html/tenant/{school-slug}/admin/../../../includes/StudentManager.php
[12-Mar-2026 15:25:05 Africa/Lagos] StudentManager loaded successfully
[12-Mar-2026 15:25:05 Africa/Lagos] Attempting to connect to database: school_6
[12-Mar-2026 15:25:05 Africa/Lagos] School database connection successful for: school_6
[12-Mar-2026 15:25:05 Africa/Lagos] Database connection PDO object: PDO
[12-Mar-2026 15:25:05 Africa/Lagos] Initializing StudentManager with parameters:
[12-Mar-2026 15:25:05 Africa/Lagos] - School ID: 6
[12-Mar-2026 15:25:05 Africa/Lagos] - User ID: 1
[12-Mar-2026 15:25:05 Africa/Lagos] - User Type: admin
[12-Mar-2026 15:25:05 Africa/Lagos] StudentManager initialized for school ID: 6
[12-Mar-2026 15:25:05 Africa/Lagos] StudentManager initialized successfully
[12-Mar-2026 15:25:05 Africa/Lagos] Starting data fetch from database
[12-Mar-2026 15:25:05 Africa/Lagos] Loaded 21 settings records
[12-Mar-2026 15:25:05 Africa/Lagos] Loaded user data for ID: 1
[12-Mar-2026 15:25:05 Africa/Lagos] Loaded 1 academic years
[12-Mar-2026 15:25:05 Africa/Lagos] Loaded 16 classes
[12-Mar-2026 15:25:05 Africa/Lagos] === ADD STUDENT PAGE END ===
[12-Mar-2026 15:25:05 Africa/Lagos] Page loaded with 16 classes, 1 academic years
[12-Mar-2026 15:25:05 Africa/Lagos] ROUTER END: Successfully served /home/academixsuite/public_html/tenant/{school-slug}/admin/add-new-student.php
[12-Mar-2026 15:28:08 Africa/Lagos] === ADD STUDENT PAGE START ===
[12-Mar-2026 15:28:08 Africa/Lagos] Request URI: /tenant/bitflux-wallet-1771434696/admin/add-new-student.php
[12-Mar-2026 15:28:08 Africa/Lagos] Script: /home/academixsuite/public_html/tenant/{school-slug}/admin/add-new-student.php
[12-Mar-2026 15:28:08 Africa/Lagos] Request Method: GET
[12-Mar-2026 15:28:08 Africa/Lagos] Session ID: af96801a43ad464dfd828455a6266fe2
[12-Mar-2026 15:28:08 Africa/Lagos] School Slug: bitflux-wallet-1771434696
[12-Mar-2026 15:28:08 Africa/Lagos] User Type: admin
[12-Mar-2026 15:28:08 Africa/Lagos] Current Page: add-new-student.php
[12-Mar-2026 15:28:08 Africa/Lagos] School ID: 6
[12-Mar-2026 15:28:08 Africa/Lagos] School Name: bitflux wallet
[12-Mar-2026 15:28:08 Africa/Lagos] Authenticated User ID: 1
[12-Mar-2026 15:28:08 Africa/Lagos] Authenticated User Type: admin
[12-Mar-2026 15:28:08 Africa/Lagos] Loading autoload from: /home/academixsuite/public_html/tenant/{school-slug}/admin/../../../includes/autoload.php
[12-Mar-2026 15:28:08 Africa/Lagos] Autoload loaded successfully
[12-Mar-2026 15:28:08 Africa/Lagos] Database class found
[12-Mar-2026 15:28:08 Africa/Lagos] Loading StudentManager from: /home/academixsuite/public_html/tenant/{school-slug}/admin/../../../includes/StudentManager.php
[12-Mar-2026 15:28:08 Africa/Lagos] StudentManager loaded successfully
[12-Mar-2026 15:28:08 Africa/Lagos] Attempting to connect to database: school_6
[12-Mar-2026 15:28:08 Africa/Lagos] School database connection successful for: school_6
[12-Mar-2026 15:28:08 Africa/Lagos] Database connection PDO object: PDO
[12-Mar-2026 15:28:08 Africa/Lagos] Initializing StudentManager with parameters:
[12-Mar-2026 15:28:08 Africa/Lagos] - School ID: 6
[12-Mar-2026 15:28:08 Africa/Lagos] - User ID: 1
[12-Mar-2026 15:28:08 Africa/Lagos] - User Type: admin
[12-Mar-2026 15:28:08 Africa/Lagos] StudentManager initialized for school ID: 6
[12-Mar-2026 15:28:08 Africa/Lagos] StudentManager initialized successfully
[12-Mar-2026 15:28:08 Africa/Lagos] Starting data fetch from database
[12-Mar-2026 15:28:08 Africa/Lagos] Loaded 21 settings records
[12-Mar-2026 15:28:08 Africa/Lagos] Loaded user data for ID: 1
[12-Mar-2026 15:28:08 Africa/Lagos] Loaded 1 academic years
[12-Mar-2026 15:28:08 Africa/Lagos] Loaded 16 classes
[12-Mar-2026 15:28:08 Africa/Lagos] === ADD STUDENT PAGE END ===
[12-Mar-2026 15:28:08 Africa/Lagos] Page loaded with 16 classes, 1 academic years
[12-Mar-2026 15:28:08 Africa/Lagos] ROUTER END: Successfully served /home/academixsuite/public_html/tenant/{school-slug}/admin/add-new-student.php
[14-Mar-2026 04:24:36 Africa/Lagos] === ADD STUDENT PAGE START ===
[14-Mar-2026 04:24:36 Africa/Lagos] Request URI: /tenant/bitflux-wallet-1771434696/admin/add-new-student.php
[14-Mar-2026 04:24:36 Africa/Lagos] Script: /home/academixsuite/public_html/tenant/{school-slug}/admin/add-new-student.php
[14-Mar-2026 04:24:36 Africa/Lagos] Request Method: GET
[14-Mar-2026 04:24:36 Africa/Lagos] Session ID: 99dd04a28748898a0c4698c63e35c526
[14-Mar-2026 04:24:36 Africa/Lagos] School Slug: bitflux-wallet-1771434696
[14-Mar-2026 04:24:36 Africa/Lagos] User Type: admin
[14-Mar-2026 04:24:36 Africa/Lagos] Current Page: add-new-student.php
[14-Mar-2026 04:24:36 Africa/Lagos] School ID: 6
[14-Mar-2026 04:24:36 Africa/Lagos] School Name: bitflux wallet
[14-Mar-2026 04:24:36 Africa/Lagos] Authenticated User ID: 1
[14-Mar-2026 04:24:36 Africa/Lagos] Authenticated User Type: admin
[14-Mar-2026 04:24:36 Africa/Lagos] Loading autoload from: /home/academixsuite/public_html/tenant/{school-slug}/admin/../../../includes/autoload.php
[14-Mar-2026 04:24:36 Africa/Lagos] Autoload loaded successfully
[14-Mar-2026 04:24:36 Africa/Lagos] Database class found
[14-Mar-2026 04:24:36 Africa/Lagos] Loading StudentManager from: /home/academixsuite/public_html/tenant/{school-slug}/admin/../../../includes/StudentManager.php
[14-Mar-2026 04:24:36 Africa/Lagos] StudentManager loaded successfully
[14-Mar-2026 04:24:36 Africa/Lagos] Attempting to connect to database: school_6
[14-Mar-2026 04:24:36 Africa/Lagos] School database connection successful for: school_6
[14-Mar-2026 04:24:36 Africa/Lagos] Database connection PDO object: PDO
[14-Mar-2026 04:24:36 Africa/Lagos] Initializing StudentManager with parameters:
[14-Mar-2026 04:24:36 Africa/Lagos] - School ID: 6
[14-Mar-2026 04:24:36 Africa/Lagos] - User ID: 1
[14-Mar-2026 04:24:36 Africa/Lagos] - User Type: admin
[14-Mar-2026 04:24:36 Africa/Lagos] StudentManager initialized for school ID: 6
[14-Mar-2026 04:24:36 Africa/Lagos] StudentManager initialized successfully
[14-Mar-2026 04:24:36 Africa/Lagos] Starting data fetch from database
[14-Mar-2026 04:24:36 Africa/Lagos] Loaded 21 settings records
[14-Mar-2026 04:24:36 Africa/Lagos] Loaded user data for ID: 1
[14-Mar-2026 04:24:36 Africa/Lagos] Loaded 1 academic years
[14-Mar-2026 04:24:36 Africa/Lagos] Loaded 16 classes
[14-Mar-2026 04:24:36 Africa/Lagos] === ADD STUDENT PAGE END ===
[14-Mar-2026 04:24:36 Africa/Lagos] Page loaded with 16 classes, 1 academic years
[14-Mar-2026 04:24:36 Africa/Lagos] ROUTER END: Successfully served /home/academixsuite/public_html/tenant/{school-slug}/admin/add-new-student.php
[14-Mar-2026 05:22:03 Africa/Lagos] === ADD STUDENT PAGE START ===
[14-Mar-2026 05:22:03 Africa/Lagos] Request URI: /tenant/bitflux-wallet-1771434696/admin/add-new-student.php
[14-Mar-2026 05:22:03 Africa/Lagos] Script: /home/academixsuite/public_html/tenant/{school-slug}/admin/add-new-student.php
[14-Mar-2026 05:22:03 Africa/Lagos] Request Method: GET
[14-Mar-2026 05:22:03 Africa/Lagos] Session ID: 18565f35fceadd44a8b2eafaf84f3c90
[14-Mar-2026 05:22:03 Africa/Lagos] School Slug: bitflux-wallet-1771434696
[14-Mar-2026 05:22:03 Africa/Lagos] User Type: admin
[14-Mar-2026 05:22:03 Africa/Lagos] Current Page: add-new-student.php
[14-Mar-2026 05:22:03 Africa/Lagos] School ID: 6
[14-Mar-2026 05:22:03 Africa/Lagos] School Name: bitflux wallet
[14-Mar-2026 05:22:03 Africa/Lagos] Authenticated User ID: 1
[14-Mar-2026 05:22:03 Africa/Lagos] Authenticated User Type: admin
[14-Mar-2026 05:22:03 Africa/Lagos] Loading autoload from: /home/academixsuite/public_html/tenant/{school-slug}/admin/../../../includes/autoload.php
[14-Mar-2026 05:22:03 Africa/Lagos] Autoload loaded successfully
[14-Mar-2026 05:22:03 Africa/Lagos] Database class found
[14-Mar-2026 05:22:03 Africa/Lagos] Loading StudentManager from: /home/academixsuite/public_html/tenant/{school-slug}/admin/../../../includes/StudentManager.php
[14-Mar-2026 05:22:03 Africa/Lagos] StudentManager loaded successfully
[14-Mar-2026 05:22:03 Africa/Lagos] Attempting to connect to database: school_6
[14-Mar-2026 05:22:03 Africa/Lagos] School database connection successful for: school_6
[14-Mar-2026 05:22:03 Africa/Lagos] Database connection PDO object: PDO
[14-Mar-2026 05:22:03 Africa/Lagos] Initializing StudentManager with parameters:
[14-Mar-2026 05:22:03 Africa/Lagos] - School ID: 6
[14-Mar-2026 05:22:03 Africa/Lagos] - User ID: 1
[14-Mar-2026 05:22:03 Africa/Lagos] - User Type: admin
[14-Mar-2026 05:22:03 Africa/Lagos] StudentManager initialized for school ID: 6
[14-Mar-2026 05:22:03 Africa/Lagos] StudentManager initialized successfully
[14-Mar-2026 05:22:03 Africa/Lagos] Starting data fetch from database
[14-Mar-2026 05:22:03 Africa/Lagos] Loaded 21 settings records
[14-Mar-2026 05:22:03 Africa/Lagos] Loaded user data for ID: 1
[14-Mar-2026 05:22:03 Africa/Lagos] Loaded 1 academic years
[14-Mar-2026 05:22:03 Africa/Lagos] Loaded 16 classes
[14-Mar-2026 05:22:03 Africa/Lagos] === ADD STUDENT PAGE END ===
[14-Mar-2026 05:22:03 Africa/Lagos] Page loaded with 16 classes, 1 academic years
[14-Mar-2026 05:22:03 Africa/Lagos] ROUTER END: Successfully served /home/academixsuite/public_html/tenant/{school-slug}/admin/add-new-student.php
[14-Mar-2026 05:27:07 Africa/Lagos] === ADD STUDENT PAGE START ===
[14-Mar-2026 05:27:07 Africa/Lagos] Request URI: /tenant/bitflux-wallet-1771434696/admin/add-new-student.php?ajax=get_sections&class_id=2
[14-Mar-2026 05:27:07 Africa/Lagos] Script: /home/academixsuite/public_html/tenant/{school-slug}/admin/add-new-student.php
[14-Mar-2026 05:27:07 Africa/Lagos] Request Method: GET
[14-Mar-2026 05:27:07 Africa/Lagos] Session ID: 18565f35fceadd44a8b2eafaf84f3c90
[14-Mar-2026 05:27:07 Africa/Lagos] School Slug: bitflux-wallet-1771434696
[14-Mar-2026 05:27:07 Africa/Lagos] User Type: admin
[14-Mar-2026 05:27:07 Africa/Lagos] Current Page: add-new-student.php
[14-Mar-2026 05:27:07 Africa/Lagos] School ID: 6
[14-Mar-2026 05:27:07 Africa/Lagos] School Name: bitflux wallet
[14-Mar-2026 05:27:07 Africa/Lagos] Authenticated User ID: 1
[14-Mar-2026 05:27:07 Africa/Lagos] Authenticated User Type: admin
[14-Mar-2026 05:27:07 Africa/Lagos] Loading autoload from: /home/academixsuite/public_html/tenant/{school-slug}/admin/../../../includes/autoload.php
[14-Mar-2026 05:27:07 Africa/Lagos] Autoload loaded successfully
[14-Mar-2026 05:27:07 Africa/Lagos] Database class found
[14-Mar-2026 05:27:07 Africa/Lagos] Loading StudentManager from: /home/academixsuite/public_html/tenant/{school-slug}/admin/../../../includes/StudentManager.php
[14-Mar-2026 05:27:07 Africa/Lagos] StudentManager loaded successfully
[14-Mar-2026 05:27:07 Africa/Lagos] Attempting to connect to database: school_6
[14-Mar-2026 05:27:07 Africa/Lagos] School database connection successful for: school_6
[14-Mar-2026 05:27:07 Africa/Lagos] Database connection PDO object: PDO
[14-Mar-2026 05:27:07 Africa/Lagos] Initializing StudentManager with parameters:
[14-Mar-2026 05:27:07 Africa/Lagos] - School ID: 6
[14-Mar-2026 05:27:07 Africa/Lagos] - User ID: 1
[14-Mar-2026 05:27:07 Africa/Lagos] - User Type: admin
[14-Mar-2026 05:27:07 Africa/Lagos] StudentManager initialized for school ID: 6
[14-Mar-2026 05:27:07 Africa/Lagos] StudentManager initialized successfully
[14-Mar-2026 05:27:07 Africa/Lagos] Starting data fetch from database
[14-Mar-2026 05:27:07 Africa/Lagos] Loaded 21 settings records
[14-Mar-2026 05:27:07 Africa/Lagos] Loaded user data for ID: 1
[14-Mar-2026 05:27:07 Africa/Lagos] Loaded 1 academic years
[14-Mar-2026 05:27:07 Africa/Lagos] Loaded 16 classes
[14-Mar-2026 05:27:07 Africa/Lagos] Retrieved 1 sections for class ID: 2
[14-Mar-2026 05:27:07 Africa/Lagos] Loaded 1 sections for class 2
[14-Mar-2026 05:27:07 Africa/Lagos] Processing AJAX request: get_sections
[14-Mar-2026 05:27:07 Africa/Lagos] Retrieved 1 sections for class ID: 2
[14-Mar-2026 05:29:07 Africa/Lagos] === ADD STUDENT PAGE START ===
[14-Mar-2026 05:29:07 Africa/Lagos] Request URI: /tenant/bitflux-wallet-1771434696/admin/add-new-student.php
[14-Mar-2026 05:29:07 Africa/Lagos] Script: /home/academixsuite/public_html/tenant/{school-slug}/admin/add-new-student.php
[14-Mar-2026 05:29:07 Africa/Lagos] Request Method: POST
[14-Mar-2026 05:29:07 Africa/Lagos] Session ID: 18565f35fceadd44a8b2eafaf84f3c90
[14-Mar-2026 05:29:07 Africa/Lagos] School Slug: bitflux-wallet-1771434696
[14-Mar-2026 05:29:07 Africa/Lagos] User Type: admin
[14-Mar-2026 05:29:07 Africa/Lagos] Current Page: add-new-student.php
[14-Mar-2026 05:29:07 Africa/Lagos] School ID: 6
[14-Mar-2026 05:29:07 Africa/Lagos] School Name: bitflux wallet
[14-Mar-2026 05:29:07 Africa/Lagos] Authenticated User ID: 1
[14-Mar-2026 05:29:07 Africa/Lagos] Authenticated User Type: admin
[14-Mar-2026 05:29:07 Africa/Lagos] Loading autoload from: /home/academixsuite/public_html/tenant/{school-slug}/admin/../../../includes/autoload.php
[14-Mar-2026 05:29:07 Africa/Lagos] Autoload loaded successfully
[14-Mar-2026 05:29:07 Africa/Lagos] Database class found
[14-Mar-2026 05:29:07 Africa/Lagos] Loading StudentManager from: /home/academixsuite/public_html/tenant/{school-slug}/admin/../../../includes/StudentManager.php
[14-Mar-2026 05:29:07 Africa/Lagos] StudentManager loaded successfully
[14-Mar-2026 05:29:07 Africa/Lagos] Attempting to connect to database: school_6
[14-Mar-2026 05:29:07 Africa/Lagos] School database connection successful for: school_6
[14-Mar-2026 05:29:07 Africa/Lagos] Database connection PDO object: PDO
[14-Mar-2026 05:29:07 Africa/Lagos] Initializing StudentManager with parameters:
[14-Mar-2026 05:29:07 Africa/Lagos] - School ID: 6
[14-Mar-2026 05:29:07 Africa/Lagos] - User ID: 1
[14-Mar-2026 05:29:07 Africa/Lagos] - User Type: admin
[14-Mar-2026 05:29:07 Africa/Lagos] StudentManager initialized for school ID: 6
[14-Mar-2026 05:29:07 Africa/Lagos] StudentManager initialized successfully
[14-Mar-2026 05:29:07 Africa/Lagos] POST data received. Fields: csrf_token, academic_year, class, section, roll_number, admission_date, first_name, middle_name, last_name, gender, date_of_birth, student_phone, student_email, existing_parent_id, guardian_name, guardian_relation, guardian_phone, guardian_email, guardian_address, blood_group, allergies, medical_conditions, current_address, permanent_address, previous_school, previous_class, transfer_certificate_no
[14-Mar-2026 05:29:07 Africa/Lagos] Starting data fetch from database
[14-Mar-2026 05:29:07 Africa/Lagos] Loaded 21 settings records
[14-Mar-2026 05:29:07 Africa/Lagos] Loaded user data for ID: 1
[14-Mar-2026 05:29:07 Africa/Lagos] Loaded 1 academic years
[14-Mar-2026 05:29:07 Africa/Lagos] Loaded 16 classes
[14-Mar-2026 05:29:07 Africa/Lagos] === POST REQUEST DETECTED ===
[14-Mar-2026 05:29:07 Africa/Lagos] POST data keys: csrf_token, academic_year, class, section, roll_number, admission_date, first_name, middle_name, last_name, gender, date_of_birth, student_phone, student_email, existing_parent_id, guardian_name, guardian_relation, guardian_phone, guardian_email, guardian_address, blood_group, allergies, medical_conditions, current_address, permanent_address, previous_school, previous_class, transfer_certificate_no
[14-Mar-2026 05:29:07 Africa/Lagos] === PROCESSING FORM SUBMISSION ===
[14-Mar-2026 05:29:07 Africa/Lagos] Form submission detected via field presence
[14-Mar-2026 05:29:07 Africa/Lagos] CSRF validation PASSED
[14-Mar-2026 05:29:07 Africa/Lagos] Student data prepared for insertion:
[14-Mar-2026 05:29:07 Africa/Lagos] - Name: David Aniago
[14-Mar-2026 05:29:07 Africa/Lagos] Validation PASSED - all required fields present
[14-Mar-2026 05:29:07 Africa/Lagos] Calling StudentManager->addStudent()
[14-Mar-2026 05:29:07 Africa/Lagos] === ADD STUDENT START ===
[14-Mar-2026 05:29:07 Africa/Lagos] School ID: 6
[14-Mar-2026 05:29:07 Africa/Lagos] User ID: 1
[14-Mar-2026 05:29:07 Africa/Lagos] Data received: ["academic_year_id","class_id","section_id","roll_number","admission_date","first_name","middle_name","last_name","gender","date_of_birth","student_email","student_phone","guardian_name","guardian_email","guardian_phone","guardian_relation","guardian_address","existing_parent_id","blood_group","allergies","medical_conditions","doctor_name","doctor_phone","current_address","permanent_address","previous_school","previous_class","transfer_certificate_no"]
[14-Mar-2026 05:29:07 Africa/Lagos] Transaction started
[14-Mar-2026 05:29:07 Africa/Lagos] Validation passed
[14-Mar-2026 05:29:07 Africa/Lagos] Generating admission number for academic year ID: 1
[14-Mar-2026 05:29:07 Africa/Lagos] Using academic year: 2025-2026 (Year: 2025)
[14-Mar-2026 05:29:07 Africa/Lagos] Generated admission number: BIT-2025-0019
[14-Mar-2026 05:29:07 Africa/Lagos] Generated admission number: BIT-2025-0019
[14-Mar-2026 05:29:07 Africa/Lagos] Generated random password of length: 8
[14-Mar-2026 05:29:07 Africa/Lagos] Student password generated (hashed)
[14-Mar-2026 05:29:07 Africa/Lagos] Creating student user account:
[14-Mar-2026 05:29:07 Africa/Lagos] - Full name: David Chi Aniago
[14-Mar-2026 05:29:07 Africa/Lagos] - Email: daveaniago91@gmail.com
[14-Mar-2026 05:29:07 Africa/Lagos] - Username: daveaniago91
[14-Mar-2026 05:29:07 Africa/Lagos] Student user created with ID: 81
[14-Mar-2026 05:29:07 Africa/Lagos] Student role assigned to user ID: 81
[14-Mar-2026 05:29:07 Africa/Lagos] Getting default campus ID for school: 6
[14-Mar-2026 05:29:07 Africa/Lagos] Error getting default campus: SQLSTATE[42S22]: Column not found: 1054 Unknown column 'is_default' in 'WHERE'
[14-Mar-2026 05:29:07 Africa/Lagos] Campus ID: null
[14-Mar-2026 05:29:07 Africa/Lagos] Inserting student record...
[14-Mar-2026 05:29:07 Africa/Lagos] Student insert params prepared: [6,null,"81","BIT-2025-0019","5",2,2,"2026-03-14","David","Chi","Aniago","2020-03-14"]...
[14-Mar-2026 05:29:07 Africa/Lagos] === STUDENT RECORD CREATED SUCCESSFULLY ===
[14-Mar-2026 05:29:07 Africa/Lagos] Student ID: 33
[14-Mar-2026 05:29:07 Africa/Lagos] Admission Number: BIT-2025-0019
[14-Mar-2026 05:29:07 Africa/Lagos] Creating new parent from guardian data
[14-Mar-2026 05:29:07 Africa/Lagos] === FIND OR CREATE PARENT ===
[14-Mar-2026 05:29:07 Africa/Lagos] Parent data: {"name":"Beatrice","email":"davidaniag78@gmail.com","phone":"023","address":"Gu"}
[14-Mar-2026 05:29:07 Africa/Lagos] Generated random password of length: 8
[14-Mar-2026 05:29:07 Africa/Lagos] Generated parent password (hashed)
[14-Mar-2026 05:29:07 Africa/Lagos] Created new parent with ID: 82
[14-Mar-2026 05:29:07 Africa/Lagos] Assigned parent role to user ID: 82
[14-Mar-2026 05:29:07 Africa/Lagos] Stored temporary password for parent ID: 82
[14-Mar-2026 05:29:07 Africa/Lagos] Parent user ID from findOrCreate: 82
[14-Mar-2026 05:29:07 Africa/Lagos] Creating guardian relationship - Parent: 82, Student: 33, Relationship: guardian
[14-Mar-2026 05:29:07 Africa/Lagos] Guardian relationship created successfully
[14-Mar-2026 05:29:07 Africa/Lagos] Stored temporary password for student ID: 81
[14-Mar-2026 05:29:07 Africa/Lagos] Creating audit log entry
[14-Mar-2026 05:29:07 Africa/Lagos] Audit log created successfully
[14-Mar-2026 05:29:07 Africa/Lagos] Transaction committed successfully
[14-Mar-2026 05:29:07 Africa/Lagos] Attempting to send login emails
[14-Mar-2026 05:29:07 Africa/Lagos] === SENDING LOGIN EMAILS ===
[14-Mar-2026 05:29:07 Africa/Lagos] Sending email to student: daveaniago91@gmail.com
[14-Mar-2026 05:29:07 Africa/Lagos] Attempting to send email to: daveaniago91@gmail.com
[14-Mar-2026 05:29:07 Africa/Lagos] Email sent successfully via mail() function
[14-Mar-2026 05:29:07 Africa/Lagos] Student email sent successfully
[14-Mar-2026 05:29:07 Africa/Lagos] Sending email to parent: davidaniag78@gmail.com
[14-Mar-2026 05:29:07 Africa/Lagos] Attempting to send email to: davidaniag78@gmail.com
[14-Mar-2026 05:29:07 Africa/Lagos] Email sent successfully via mail() function
[14-Mar-2026 05:29:07 Africa/Lagos] Parent email sent successfully
[14-Mar-2026 05:29:07 Africa/Lagos] Email sending completed with 0 errors
[14-Mar-2026 05:29:07 Africa/Lagos] === ADD STUDENT COMPLETED SUCCESSFULLY ===
[14-Mar-2026 05:29:07 Africa/Lagos] Return message: Student added successfully! Admission Number: BIT-2025-0019
[14-Mar-2026 05:29:07 Africa/Lagos] StudentManager->addStudent() completed in 571.99ms
[14-Mar-2026 05:29:07 Africa/Lagos] === STUDENT ADDED SUCCESSFULLY ===
[14-Mar-2026 05:29:07 Africa/Lagos] Student ID: 33
[14-Mar-2026 05:29:07 Africa/Lagos] Message: Student added successfully! Admission Number: BIT-2025-0019
[14-Mar-2026 05:29:07 Africa/Lagos] Redirecting to student list: student-list.php
[14-Mar-2026 17:32:47 Africa/Lagos] === ADD STUDENT PAGE START ===
[14-Mar-2026 17:32:47 Africa/Lagos] Request URI: /tenant/bitflux-wallet-1771434696/admin/add-new-student.php
[14-Mar-2026 17:32:47 Africa/Lagos] Script: /home/academixsuite/public_html/tenant/{school-slug}/admin/add-new-student.php
[14-Mar-2026 17:32:47 Africa/Lagos] Request Method: GET
[14-Mar-2026 17:32:47 Africa/Lagos] Session ID: 00da1cd7ecd2dbbca995b489834c44b8
[14-Mar-2026 17:32:47 Africa/Lagos] School Slug: bitflux-wallet-1771434696
[14-Mar-2026 17:32:47 Africa/Lagos] User Type: admin
[14-Mar-2026 17:32:47 Africa/Lagos] Current Page: add-new-student.php
[14-Mar-2026 17:32:47 Africa/Lagos] School ID: 6
[14-Mar-2026 17:32:47 Africa/Lagos] School Name: bitflux wallet
[14-Mar-2026 17:32:47 Africa/Lagos] Authenticated User ID: 1
[14-Mar-2026 17:32:47 Africa/Lagos] Authenticated User Type: admin
[14-Mar-2026 17:32:47 Africa/Lagos] Loading autoload from: /home/academixsuite/public_html/tenant/{school-slug}/admin/../../../includes/autoload.php
[14-Mar-2026 17:32:47 Africa/Lagos] Autoload loaded successfully
[14-Mar-2026 17:32:47 Africa/Lagos] Database class found
[14-Mar-2026 17:32:47 Africa/Lagos] Loading StudentManager from: /home/academixsuite/public_html/tenant/{school-slug}/admin/../../../includes/StudentManager.php
[14-Mar-2026 17:32:47 Africa/Lagos] StudentManager loaded successfully
[14-Mar-2026 17:32:47 Africa/Lagos] Attempting to connect to database: school_6
[14-Mar-2026 17:32:47 Africa/Lagos] School database connection successful for: school_6
[14-Mar-2026 17:32:47 Africa/Lagos] Database connection PDO object: PDO
[14-Mar-2026 17:32:47 Africa/Lagos] Initializing StudentManager with parameters:
[14-Mar-2026 17:32:47 Africa/Lagos] - School ID: 6
[14-Mar-2026 17:32:47 Africa/Lagos] - User ID: 1
[14-Mar-2026 17:32:47 Africa/Lagos] - User Type: admin
[14-Mar-2026 17:32:47 Africa/Lagos] StudentManager initialized for school ID: 6
[14-Mar-2026 17:32:47 Africa/Lagos] StudentManager initialized successfully
[14-Mar-2026 17:32:47 Africa/Lagos] Starting data fetch from database
[14-Mar-2026 17:32:47 Africa/Lagos] Loaded 21 settings records
[14-Mar-2026 17:32:47 Africa/Lagos] Loaded user data for ID: 1
[14-Mar-2026 17:32:47 Africa/Lagos] Loaded 1 academic years
[14-Mar-2026 17:32:47 Africa/Lagos] Loaded 16 classes
[14-Mar-2026 17:32:47 Africa/Lagos] === ADD STUDENT PAGE END ===
[14-Mar-2026 17:32:47 Africa/Lagos] Page loaded with 16 classes, 1 academic years
[14-Mar-2026 17:32:47 Africa/Lagos] ROUTER END: Successfully served /home/academixsuite/public_html/tenant/{school-slug}/admin/add-new-student.php
[16-Mar-2026 13:08:57 Africa/Lagos] === ADD STUDENT PAGE START ===
[16-Mar-2026 13:08:57 Africa/Lagos] Request URI: /tenant/bitflux-wallet-1771434696/admin/add-new-student.php
[16-Mar-2026 13:08:57 Africa/Lagos] Script: /home/academixsuite/public_html/tenant/{school-slug}/admin/add-new-student.php
[16-Mar-2026 13:08:57 Africa/Lagos] Request Method: GET
[16-Mar-2026 13:08:57 Africa/Lagos] Session ID: 70e82f4acba6fa5ea0753739cdb2aeb3
[16-Mar-2026 13:08:57 Africa/Lagos] School Slug: bitflux-wallet-1771434696
[16-Mar-2026 13:08:57 Africa/Lagos] User Type: admin
[16-Mar-2026 13:08:57 Africa/Lagos] Current Page: add-new-student.php
[16-Mar-2026 13:08:57 Africa/Lagos] School ID: 6
[16-Mar-2026 13:08:57 Africa/Lagos] School Name: bitflux wallet
[16-Mar-2026 13:08:57 Africa/Lagos] Authenticated User ID: 1
[16-Mar-2026 13:08:57 Africa/Lagos] Authenticated User Type: admin
[16-Mar-2026 13:08:57 Africa/Lagos] Loading autoload from: /home/academixsuite/public_html/tenant/{school-slug}/admin/../../../includes/autoload.php
[16-Mar-2026 13:08:57 Africa/Lagos] Autoload loaded successfully
[16-Mar-2026 13:08:57 Africa/Lagos] Database class found
[16-Mar-2026 13:08:57 Africa/Lagos] Loading StudentManager from: /home/academixsuite/public_html/tenant/{school-slug}/admin/../../../includes/StudentManager.php
[16-Mar-2026 13:08:57 Africa/Lagos] StudentManager loaded successfully
[16-Mar-2026 13:08:57 Africa/Lagos] Attempting to connect to database: school_6
[16-Mar-2026 13:08:57 Africa/Lagos] School database connection successful for: school_6
[16-Mar-2026 13:08:57 Africa/Lagos] Database connection PDO object: PDO
[16-Mar-2026 13:08:57 Africa/Lagos] Initializing StudentManager with parameters:
[16-Mar-2026 13:08:57 Africa/Lagos] - School ID: 6
[16-Mar-2026 13:08:57 Africa/Lagos] - User ID: 1
[16-Mar-2026 13:08:57 Africa/Lagos] - User Type: admin
[16-Mar-2026 13:08:57 Africa/Lagos] StudentManager initialized for school ID: 6
[16-Mar-2026 13:08:57 Africa/Lagos] StudentManager initialized successfully
[16-Mar-2026 13:08:57 Africa/Lagos] Starting data fetch from database
[16-Mar-2026 13:08:57 Africa/Lagos] Loaded 21 settings records
[16-Mar-2026 13:08:57 Africa/Lagos] Loaded user data for ID: 1
[16-Mar-2026 13:08:57 Africa/Lagos] Loaded 1 academic years
[16-Mar-2026 13:08:57 Africa/Lagos] Loaded 16 classes
[16-Mar-2026 13:08:57 Africa/Lagos] === ADD STUDENT PAGE END ===
[16-Mar-2026 13:08:57 Africa/Lagos] Page loaded with 16 classes, 1 academic years
[16-Mar-2026 13:08:57 Africa/Lagos] ROUTER END: Successfully served /home/academixsuite/public_html/tenant/{school-slug}/admin/add-new-student.php
[16-Mar-2026 13:09:06 Africa/Lagos] === ADD STUDENT PAGE START ===
[16-Mar-2026 13:09:06 Africa/Lagos] Request URI: /tenant/bitflux-wallet-1771434696/admin/add-new-student.php
[16-Mar-2026 13:09:06 Africa/Lagos] Script: /home/academixsuite/public_html/tenant/{school-slug}/admin/add-new-student.php
[16-Mar-2026 13:09:06 Africa/Lagos] Request Method: GET
[16-Mar-2026 13:09:06 Africa/Lagos] Session ID: 70e82f4acba6fa5ea0753739cdb2aeb3
[16-Mar-2026 13:09:06 Africa/Lagos] School Slug: bitflux-wallet-1771434696
[16-Mar-2026 13:09:06 Africa/Lagos] User Type: admin
[16-Mar-2026 13:09:06 Africa/Lagos] Current Page: add-new-student.php
[16-Mar-2026 13:09:06 Africa/Lagos] School ID: 6
[16-Mar-2026 13:09:06 Africa/Lagos] School Name: bitflux wallet
[16-Mar-2026 13:09:06 Africa/Lagos] Authenticated User ID: 1
[16-Mar-2026 13:09:06 Africa/Lagos] Authenticated User Type: admin
[16-Mar-2026 13:09:06 Africa/Lagos] Loading autoload from: /home/academixsuite/public_html/tenant/{school-slug}/admin/../../../includes/autoload.php
[16-Mar-2026 13:09:06 Africa/Lagos] Autoload loaded successfully
[16-Mar-2026 13:09:06 Africa/Lagos] Database class found
[16-Mar-2026 13:09:06 Africa/Lagos] Loading StudentManager from: /home/academixsuite/public_html/tenant/{school-slug}/admin/../../../includes/StudentManager.php
[16-Mar-2026 13:09:06 Africa/Lagos] StudentManager loaded successfully
[16-Mar-2026 13:09:06 Africa/Lagos] Attempting to connect to database: school_6
[16-Mar-2026 13:09:06 Africa/Lagos] School database connection successful for: school_6
[16-Mar-2026 13:09:06 Africa/Lagos] Database connection PDO object: PDO
[16-Mar-2026 13:09:06 Africa/Lagos] Initializing StudentManager with parameters:
[16-Mar-2026 13:09:06 Africa/Lagos] - School ID: 6
[16-Mar-2026 13:09:06 Africa/Lagos] - User ID: 1
[16-Mar-2026 13:09:06 Africa/Lagos] - User Type: admin
[16-Mar-2026 13:09:06 Africa/Lagos] StudentManager initialized for school ID: 6
[16-Mar-2026 13:09:06 Africa/Lagos] StudentManager initialized successfully
[16-Mar-2026 13:09:06 Africa/Lagos] Starting data fetch from database
[16-Mar-2026 13:09:06 Africa/Lagos] Loaded 21 settings records
[16-Mar-2026 13:09:06 Africa/Lagos] Loaded user data for ID: 1
[16-Mar-2026 13:09:06 Africa/Lagos] Loaded 1 academic years
[16-Mar-2026 13:09:06 Africa/Lagos] Loaded 16 classes
[16-Mar-2026 13:09:06 Africa/Lagos] === ADD STUDENT PAGE END ===
[16-Mar-2026 13:09:06 Africa/Lagos] Page loaded with 16 classes, 1 academic years
[16-Mar-2026 13:09:06 Africa/Lagos] ROUTER END: Successfully served /home/academixsuite/public_html/tenant/{school-slug}/admin/add-new-student.php
[24-Mar-2026 09:52:43 Africa/Lagos] === ADD STUDENT PAGE START ===
[24-Mar-2026 09:52:43 Africa/Lagos] Request URI: /tenant/bitflux-wallet-1771434696/admin/add-new-student.php
[24-Mar-2026 09:52:43 Africa/Lagos] Script: /home/academixsuite/public_html/tenant/{school-slug}/admin/add-new-student.php
[24-Mar-2026 09:52:43 Africa/Lagos] Request Method: GET
[24-Mar-2026 09:52:43 Africa/Lagos] Session ID: 716ef20de76cc0fe34ad703d5db9ae2e
[24-Mar-2026 09:52:43 Africa/Lagos] School Slug: bitflux-wallet-1771434696
[24-Mar-2026 09:52:43 Africa/Lagos] User Type: admin
[24-Mar-2026 09:52:43 Africa/Lagos] Current Page: add-new-student.php
[24-Mar-2026 09:52:43 Africa/Lagos] School ID: 6
[24-Mar-2026 09:52:43 Africa/Lagos] School Name: bitflux wallet
[24-Mar-2026 09:52:43 Africa/Lagos] Authenticated User ID: 1
[24-Mar-2026 09:52:43 Africa/Lagos] Authenticated User Type: admin
[24-Mar-2026 09:52:43 Africa/Lagos] Loading autoload from: /home/academixsuite/public_html/tenant/{school-slug}/admin/../../../includes/autoload.php
[24-Mar-2026 09:52:43 Africa/Lagos] Autoload loaded successfully
[24-Mar-2026 09:52:43 Africa/Lagos] Database class found
[24-Mar-2026 09:52:43 Africa/Lagos] Loading StudentManager from: /home/academixsuite/public_html/tenant/{school-slug}/admin/../../../includes/StudentManager.php
[24-Mar-2026 09:52:43 Africa/Lagos] StudentManager loaded successfully
[24-Mar-2026 09:52:43 Africa/Lagos] Attempting to connect to database: school_6
[24-Mar-2026 09:52:43 Africa/Lagos] School database connection successful for: school_6
[24-Mar-2026 09:52:43 Africa/Lagos] Database connection PDO object: PDO
[24-Mar-2026 09:52:43 Africa/Lagos] Initializing StudentManager with parameters:
[24-Mar-2026 09:52:43 Africa/Lagos] - School ID: 6
[24-Mar-2026 09:52:43 Africa/Lagos] - User ID: 1
[24-Mar-2026 09:52:43 Africa/Lagos] - User Type: admin
[24-Mar-2026 09:52:43 Africa/Lagos] StudentManager initialized for school ID: 6
[24-Mar-2026 09:52:43 Africa/Lagos] StudentManager initialized successfully
[24-Mar-2026 09:52:43 Africa/Lagos] Starting data fetch from database
[24-Mar-2026 09:52:43 Africa/Lagos] Loaded 21 settings records
[24-Mar-2026 09:52:43 Africa/Lagos] Loaded user data for ID: 1
[24-Mar-2026 09:52:43 Africa/Lagos] Loaded 1 academic years
[24-Mar-2026 09:52:43 Africa/Lagos] Loaded 16 classes
[24-Mar-2026 09:52:43 Africa/Lagos] === ADD STUDENT PAGE END ===
[24-Mar-2026 09:52:43 Africa/Lagos] Page loaded with 16 classes, 1 academic years
[24-Mar-2026 09:52:43 Africa/Lagos] ROUTER END: Successfully served /home/academixsuite/public_html/tenant/{school-slug}/admin/add-new-student.php
[24-Mar-2026 09:53:26 Africa/Lagos] === ADD STUDENT PAGE START ===
[24-Mar-2026 09:53:26 Africa/Lagos] Request URI: /tenant/bitflux-wallet-1771434696/admin/add-new-student.php?ajax=search_parents&term=hen
[24-Mar-2026 09:53:26 Africa/Lagos] Script: /home/academixsuite/public_html/tenant/{school-slug}/admin/add-new-student.php
[24-Mar-2026 09:53:26 Africa/Lagos] Request Method: GET
[24-Mar-2026 09:53:26 Africa/Lagos] Session ID: 716ef20de76cc0fe34ad703d5db9ae2e
[24-Mar-2026 09:53:26 Africa/Lagos] School Slug: bitflux-wallet-1771434696
[24-Mar-2026 09:53:26 Africa/Lagos] User Type: admin
[24-Mar-2026 09:53:26 Africa/Lagos] Current Page: add-new-student.php
[24-Mar-2026 09:53:26 Africa/Lagos] School ID: 6
[24-Mar-2026 09:53:26 Africa/Lagos] School Name: bitflux wallet
[24-Mar-2026 09:53:26 Africa/Lagos] Authenticated User ID: 1
[24-Mar-2026 09:53:26 Africa/Lagos] Authenticated User Type: admin
[24-Mar-2026 09:53:26 Africa/Lagos] Loading autoload from: /home/academixsuite/public_html/tenant/{school-slug}/admin/../../../includes/autoload.php
[24-Mar-2026 09:53:26 Africa/Lagos] Autoload loaded successfully
[24-Mar-2026 09:53:26 Africa/Lagos] Database class found
[24-Mar-2026 09:53:26 Africa/Lagos] Loading StudentManager from: /home/academixsuite/public_html/tenant/{school-slug}/admin/../../../includes/StudentManager.php
[24-Mar-2026 09:53:26 Africa/Lagos] StudentManager loaded successfully
[24-Mar-2026 09:53:26 Africa/Lagos] Attempting to connect to database: school_6
[24-Mar-2026 09:53:26 Africa/Lagos] School database connection successful for: school_6
[24-Mar-2026 09:53:26 Africa/Lagos] Database connection PDO object: PDO
[24-Mar-2026 09:53:26 Africa/Lagos] Initializing StudentManager with parameters:
[24-Mar-2026 09:53:26 Africa/Lagos] - School ID: 6
[24-Mar-2026 09:53:26 Africa/Lagos] - User ID: 1
[24-Mar-2026 09:53:26 Africa/Lagos] - User Type: admin
[24-Mar-2026 09:53:26 Africa/Lagos] StudentManager initialized for school ID: 6
[24-Mar-2026 09:53:26 Africa/Lagos] StudentManager initialized successfully
[24-Mar-2026 09:53:26 Africa/Lagos] Starting data fetch from database
[24-Mar-2026 09:53:26 Africa/Lagos] Loaded 21 settings records
[24-Mar-2026 09:53:26 Africa/Lagos] Loaded user data for ID: 1
[24-Mar-2026 09:53:26 Africa/Lagos] Loaded 1 academic years
[24-Mar-2026 09:53:26 Africa/Lagos] Loaded 16 classes
[24-Mar-2026 09:53:26 Africa/Lagos] Processing AJAX request: search_parents
[24-Mar-2026 09:53:26 Africa/Lagos] Searching parents with term: hen
[24-Mar-2026 09:53:26 Africa/Lagos] Found 2 parents matching term
[24-Mar-2026 09:53:30 Africa/Lagos] === ADD STUDENT PAGE START ===
[24-Mar-2026 09:53:30 Africa/Lagos] Request URI: /tenant/bitflux-wallet-1771434696/admin/add-new-student.php?ajax=search_parents&term=hen
[24-Mar-2026 09:53:30 Africa/Lagos] Script: /home/academixsuite/public_html/tenant/{school-slug}/admin/add-new-student.php
[24-Mar-2026 09:53:30 Africa/Lagos] Request Method: GET
[24-Mar-2026 09:53:30 Africa/Lagos] Session ID: 716ef20de76cc0fe34ad703d5db9ae2e
[24-Mar-2026 09:53:30 Africa/Lagos] School Slug: bitflux-wallet-1771434696
[24-Mar-2026 09:53:30 Africa/Lagos] User Type: admin
[24-Mar-2026 09:53:30 Africa/Lagos] Current Page: add-new-student.php
[24-Mar-2026 09:53:30 Africa/Lagos] School ID: 6
[24-Mar-2026 09:53:30 Africa/Lagos] School Name: bitflux wallet
[24-Mar-2026 09:53:30 Africa/Lagos] Authenticated User ID: 1
[24-Mar-2026 09:53:30 Africa/Lagos] Authenticated User Type: admin
[24-Mar-2026 09:53:30 Africa/Lagos] Loading autoload from: /home/academixsuite/public_html/tenant/{school-slug}/admin/../../../includes/autoload.php
[24-Mar-2026 09:53:30 Africa/Lagos] Autoload loaded successfully
[24-Mar-2026 09:53:30 Africa/Lagos] Database class found
[24-Mar-2026 09:53:30 Africa/Lagos] Loading StudentManager from: /home/academixsuite/public_html/tenant/{school-slug}/admin/../../../includes/StudentManager.php
[24-Mar-2026 09:53:30 Africa/Lagos] StudentManager loaded successfully
[24-Mar-2026 09:53:30 Africa/Lagos] Attempting to connect to database: school_6
[24-Mar-2026 09:53:30 Africa/Lagos] School database connection successful for: school_6
[24-Mar-2026 09:53:30 Africa/Lagos] Database connection PDO object: PDO
[24-Mar-2026 09:53:30 Africa/Lagos] Initializing StudentManager with parameters:
[24-Mar-2026 09:53:30 Africa/Lagos] - School ID: 6
[24-Mar-2026 09:53:30 Africa/Lagos] - User ID: 1
[24-Mar-2026 09:53:30 Africa/Lagos] - User Type: admin
[24-Mar-2026 09:53:30 Africa/Lagos] StudentManager initialized for school ID: 6
[24-Mar-2026 09:53:30 Africa/Lagos] StudentManager initialized successfully
[24-Mar-2026 09:53:30 Africa/Lagos] Starting data fetch from database
[24-Mar-2026 09:53:30 Africa/Lagos] Loaded 21 settings records
[24-Mar-2026 09:53:30 Africa/Lagos] Loaded user data for ID: 1
[24-Mar-2026 09:53:30 Africa/Lagos] Loaded 1 academic years
[24-Mar-2026 09:53:30 Africa/Lagos] Loaded 16 classes
[24-Mar-2026 09:53:30 Africa/Lagos] Processing AJAX request: search_parents
[24-Mar-2026 09:53:30 Africa/Lagos] Searching parents with term: hen
[24-Mar-2026 09:53:30 Africa/Lagos] Found 2 parents matching term
[26-Mar-2026 14:00:55 Africa/Lagos] === ADD STUDENT PAGE START ===
[26-Mar-2026 14:00:55 Africa/Lagos] Request URI: /tenant/bitflux-wallet-1771434696/admin/add-new-student.php
[26-Mar-2026 14:00:55 Africa/Lagos] Script: /home/academixsuite/public_html/tenant/{school-slug}/admin/add-new-student.php
[26-Mar-2026 14:00:55 Africa/Lagos] Request Method: GET
[26-Mar-2026 14:00:55 Africa/Lagos] Session ID: d11c280a79da349e09ea3985e9569898
[26-Mar-2026 14:00:55 Africa/Lagos] School Slug: bitflux-wallet-1771434696
[26-Mar-2026 14:00:55 Africa/Lagos] User Type: admin
[26-Mar-2026 14:00:55 Africa/Lagos] Current Page: add-new-student.php
[26-Mar-2026 14:00:55 Africa/Lagos] School ID: 6
[26-Mar-2026 14:00:55 Africa/Lagos] School Name: bitflux wallet
[26-Mar-2026 14:00:55 Africa/Lagos] Authenticated User ID: 1
[26-Mar-2026 14:00:55 Africa/Lagos] Authenticated User Type: admin
[26-Mar-2026 14:00:55 Africa/Lagos] Loading autoload from: /home/academixsuite/public_html/tenant/{school-slug}/admin/../../../includes/autoload.php
[26-Mar-2026 14:00:55 Africa/Lagos] Autoload loaded successfully
[26-Mar-2026 14:00:55 Africa/Lagos] Database class found
[26-Mar-2026 14:00:55 Africa/Lagos] Loading StudentManager from: /home/academixsuite/public_html/tenant/{school-slug}/admin/../../../includes/StudentManager.php
[26-Mar-2026 14:00:55 Africa/Lagos] StudentManager loaded successfully
[26-Mar-2026 14:00:55 Africa/Lagos] Attempting to connect to database: school_6
[26-Mar-2026 14:00:55 Africa/Lagos] School database connection successful for: school_6
[26-Mar-2026 14:00:55 Africa/Lagos] Database connection PDO object: PDO
[26-Mar-2026 14:00:55 Africa/Lagos] Initializing StudentManager with parameters:
[26-Mar-2026 14:00:55 Africa/Lagos] - School ID: 6
[26-Mar-2026 14:00:55 Africa/Lagos] - User ID: 1
[26-Mar-2026 14:00:55 Africa/Lagos] - User Type: admin
[26-Mar-2026 14:00:55 Africa/Lagos] StudentManager initialized for school ID: 6
[26-Mar-2026 14:00:55 Africa/Lagos] StudentManager initialized successfully
[26-Mar-2026 14:00:55 Africa/Lagos] Starting data fetch from database
[26-Mar-2026 14:00:55 Africa/Lagos] Loaded 21 settings records
[26-Mar-2026 14:00:55 Africa/Lagos] Loaded user data for ID: 1
[26-Mar-2026 14:00:55 Africa/Lagos] Loaded 1 academic years
[26-Mar-2026 14:00:55 Africa/Lagos] Loaded 16 classes
[26-Mar-2026 14:00:55 Africa/Lagos] === ADD STUDENT PAGE END ===
[26-Mar-2026 14:00:55 Africa/Lagos] Page loaded with 16 classes, 1 academic years
[26-Mar-2026 14:00:55 Africa/Lagos] ROUTER END: Successfully served /home/academixsuite/public_html/tenant/{school-slug}/admin/add-new-student.php
[26-Mar-2026 14:01:04 Africa/Lagos] === ADD STUDENT PAGE START ===
[26-Mar-2026 14:01:04 Africa/Lagos] Request URI: /tenant/bitflux-wallet-1771434696/admin/add-new-student.php?ajax=get_sections&class_id=13
[26-Mar-2026 14:01:04 Africa/Lagos] Script: /home/academixsuite/public_html/tenant/{school-slug}/admin/add-new-student.php
[26-Mar-2026 14:01:04 Africa/Lagos] Request Method: GET
[26-Mar-2026 14:01:04 Africa/Lagos] Session ID: d11c280a79da349e09ea3985e9569898
[26-Mar-2026 14:01:04 Africa/Lagos] School Slug: bitflux-wallet-1771434696
[26-Mar-2026 14:01:04 Africa/Lagos] User Type: admin
[26-Mar-2026 14:01:04 Africa/Lagos] Current Page: add-new-student.php
[26-Mar-2026 14:01:04 Africa/Lagos] School ID: 6
[26-Mar-2026 14:01:04 Africa/Lagos] School Name: bitflux wallet
[26-Mar-2026 14:01:04 Africa/Lagos] Authenticated User ID: 1
[26-Mar-2026 14:01:04 Africa/Lagos] Authenticated User Type: admin
[26-Mar-2026 14:01:04 Africa/Lagos] Loading autoload from: /home/academixsuite/public_html/tenant/{school-slug}/admin/../../../includes/autoload.php
[26-Mar-2026 14:01:04 Africa/Lagos] Autoload loaded successfully
[26-Mar-2026 14:01:04 Africa/Lagos] Database class found
[26-Mar-2026 14:01:04 Africa/Lagos] Loading StudentManager from: /home/academixsuite/public_html/tenant/{school-slug}/admin/../../../includes/StudentManager.php
[26-Mar-2026 14:01:04 Africa/Lagos] StudentManager loaded successfully
[26-Mar-2026 14:01:04 Africa/Lagos] Attempting to connect to database: school_6
[26-Mar-2026 14:01:04 Africa/Lagos] School database connection successful for: school_6
[26-Mar-2026 14:01:04 Africa/Lagos] Database connection PDO object: PDO
[26-Mar-2026 14:01:04 Africa/Lagos] Initializing StudentManager with parameters:
[26-Mar-2026 14:01:04 Africa/Lagos] - School ID: 6
[26-Mar-2026 14:01:04 Africa/Lagos] - User ID: 1
[26-Mar-2026 14:01:04 Africa/Lagos] - User Type: admin
[26-Mar-2026 14:01:04 Africa/Lagos] StudentManager initialized for school ID: 6
[26-Mar-2026 14:01:04 Africa/Lagos] StudentManager initialized successfully
[26-Mar-2026 14:01:04 Africa/Lagos] Starting data fetch from database
[26-Mar-2026 14:01:04 Africa/Lagos] Loaded 21 settings records
[26-Mar-2026 14:01:04 Africa/Lagos] Loaded user data for ID: 1
[26-Mar-2026 14:01:04 Africa/Lagos] Loaded 1 academic years
[26-Mar-2026 14:01:04 Africa/Lagos] Loaded 16 classes
[26-Mar-2026 14:01:04 Africa/Lagos] Retrieved 0 sections for class ID: 13
[26-Mar-2026 14:01:04 Africa/Lagos] Loaded 0 sections for class 13
[26-Mar-2026 14:01:04 Africa/Lagos] Processing AJAX request: get_sections
[26-Mar-2026 14:01:04 Africa/Lagos] Retrieved 0 sections for class ID: 13
[26-Mar-2026 14:01:17 Africa/Lagos] === ADD STUDENT PAGE START ===
[26-Mar-2026 14:01:17 Africa/Lagos] Request URI: /tenant/bitflux-wallet-1771434696/admin/add-new-student.php?ajax=get_sections&class_id=16
[26-Mar-2026 14:01:17 Africa/Lagos] Script: /home/academixsuite/public_html/tenant/{school-slug}/admin/add-new-student.php
[26-Mar-2026 14:01:17 Africa/Lagos] Request Method: GET
[26-Mar-2026 14:01:17 Africa/Lagos] Session ID: d11c280a79da349e09ea3985e9569898
[26-Mar-2026 14:01:17 Africa/Lagos] School Slug: bitflux-wallet-1771434696
[26-Mar-2026 14:01:17 Africa/Lagos] User Type: admin
[26-Mar-2026 14:01:17 Africa/Lagos] Current Page: add-new-student.php
[26-Mar-2026 14:01:17 Africa/Lagos] School ID: 6
[26-Mar-2026 14:01:17 Africa/Lagos] School Name: bitflux wallet
[26-Mar-2026 14:01:17 Africa/Lagos] Authenticated User ID: 1
[26-Mar-2026 14:01:17 Africa/Lagos] Authenticated User Type: admin
[26-Mar-2026 14:01:17 Africa/Lagos] Loading autoload from: /home/academixsuite/public_html/tenant/{school-slug}/admin/../../../includes/autoload.php
[26-Mar-2026 14:01:17 Africa/Lagos] Autoload loaded successfully
[26-Mar-2026 14:01:17 Africa/Lagos] Database class found
[26-Mar-2026 14:01:17 Africa/Lagos] Loading StudentManager from: /home/academixsuite/public_html/tenant/{school-slug}/admin/../../../includes/StudentManager.php
[26-Mar-2026 14:01:17 Africa/Lagos] StudentManager loaded successfully
[26-Mar-2026 14:01:17 Africa/Lagos] Attempting to connect to database: school_6
[26-Mar-2026 14:01:17 Africa/Lagos] School database connection successful for: school_6
[26-Mar-2026 14:01:17 Africa/Lagos] Database connection PDO object: PDO
[26-Mar-2026 14:01:17 Africa/Lagos] Initializing StudentManager with parameters:
[26-Mar-2026 14:01:17 Africa/Lagos] - School ID: 6
[26-Mar-2026 14:01:17 Africa/Lagos] - User ID: 1
[26-Mar-2026 14:01:17 Africa/Lagos] - User Type: admin
[26-Mar-2026 14:01:17 Africa/Lagos] StudentManager initialized for school ID: 6
[26-Mar-2026 14:01:17 Africa/Lagos] StudentManager initialized successfully
[26-Mar-2026 14:01:17 Africa/Lagos] Starting data fetch from database
[26-Mar-2026 14:01:17 Africa/Lagos] Loaded 21 settings records
[26-Mar-2026 14:01:17 Africa/Lagos] Loaded user data for ID: 1
[26-Mar-2026 14:01:17 Africa/Lagos] Loaded 1 academic years
[26-Mar-2026 14:01:17 Africa/Lagos] Loaded 16 classes
[26-Mar-2026 14:01:17 Africa/Lagos] Retrieved 0 sections for class ID: 16
[26-Mar-2026 14:01:17 Africa/Lagos] Loaded 0 sections for class 16
[26-Mar-2026 14:01:17 Africa/Lagos] Processing AJAX request: get_sections
[26-Mar-2026 14:01:17 Africa/Lagos] Retrieved 0 sections for class ID: 16
[26-Mar-2026 15:19:39 Africa/Lagos] === ADD STUDENT PAGE START ===
[26-Mar-2026 15:19:39 Africa/Lagos] Request URI: /tenant/bitflux-wallet-1771434696/admin/add-new-student.php
[26-Mar-2026 15:19:39 Africa/Lagos] Script: /home/academixsuite/public_html/tenant/{school-slug}/admin/add-new-student.php
[26-Mar-2026 15:19:39 Africa/Lagos] Request Method: GET
[26-Mar-2026 15:19:39 Africa/Lagos] Session ID: d11c280a79da349e09ea3985e9569898
[26-Mar-2026 15:19:39 Africa/Lagos] School Slug: bitflux-wallet-1771434696
[26-Mar-2026 15:19:39 Africa/Lagos] User Type: admin
[26-Mar-2026 15:19:39 Africa/Lagos] Current Page: add-new-student.php
[26-Mar-2026 15:19:39 Africa/Lagos] School ID: 6
[26-Mar-2026 15:19:39 Africa/Lagos] School Name: bitflux wallet
[26-Mar-2026 15:19:39 Africa/Lagos] Authenticated User ID: 1
[26-Mar-2026 15:19:39 Africa/Lagos] Authenticated User Type: admin
[26-Mar-2026 15:19:39 Africa/Lagos] Loading autoload from: /home/academixsuite/public_html/tenant/{school-slug}/admin/../../../includes/autoload.php
[26-Mar-2026 15:19:39 Africa/Lagos] Autoload loaded successfully
[26-Mar-2026 15:19:39 Africa/Lagos] Database class found
[26-Mar-2026 15:19:39 Africa/Lagos] Loading StudentManager from: /home/academixsuite/public_html/tenant/{school-slug}/admin/../../../includes/StudentManager.php
[26-Mar-2026 15:19:39 Africa/Lagos] StudentManager loaded successfully
[26-Mar-2026 15:19:39 Africa/Lagos] Attempting to connect to database: school_6
[26-Mar-2026 15:19:39 Africa/Lagos] School database connection successful for: school_6
[26-Mar-2026 15:19:39 Africa/Lagos] Database connection PDO object: PDO
[26-Mar-2026 15:19:39 Africa/Lagos] Initializing StudentManager with parameters:
[26-Mar-2026 15:19:39 Africa/Lagos] - School ID: 6
[26-Mar-2026 15:19:39 Africa/Lagos] - User ID: 1
[26-Mar-2026 15:19:39 Africa/Lagos] - User Type: admin
[26-Mar-2026 15:19:39 Africa/Lagos] StudentManager initialized for school ID: 6
[26-Mar-2026 15:19:39 Africa/Lagos] StudentManager initialized successfully
[26-Mar-2026 15:19:39 Africa/Lagos] Starting data fetch from database
[26-Mar-2026 15:19:39 Africa/Lagos] Loaded 21 settings records
[26-Mar-2026 15:19:39 Africa/Lagos] Loaded user data for ID: 1
[26-Mar-2026 15:19:39 Africa/Lagos] Loaded 1 academic years
[26-Mar-2026 15:19:39 Africa/Lagos] Loaded 16 classes
[26-Mar-2026 15:19:39 Africa/Lagos] === ADD STUDENT PAGE END ===
[26-Mar-2026 15:19:39 Africa/Lagos] Page loaded with 16 classes, 1 academic years
[26-Mar-2026 15:19:39 Africa/Lagos] ROUTER END: Successfully served /home/academixsuite/public_html/tenant/{school-slug}/admin/add-new-student.php
[29-Mar-2026 09:55:24 Africa/Lagos] === ADD STUDENT PAGE START ===
[29-Mar-2026 09:55:24 Africa/Lagos] Request URI: /tenant/bitflux-wallet-1771434696/admin/add-new-student.php
[29-Mar-2026 09:55:24 Africa/Lagos] Script: /home/academixsuite/public_html/tenant/{school-slug}/admin/add-new-student.php
[29-Mar-2026 09:55:24 Africa/Lagos] Request Method: GET
[29-Mar-2026 09:55:24 Africa/Lagos] Session ID: 24d7d99cfbab3f4774f2325236f996e1
[29-Mar-2026 09:55:24 Africa/Lagos] School Slug: bitflux-wallet-1771434696
[29-Mar-2026 09:55:24 Africa/Lagos] User Type: admin
[29-Mar-2026 09:55:24 Africa/Lagos] Current Page: add-new-student.php
[29-Mar-2026 09:55:24 Africa/Lagos] School ID: 6
[29-Mar-2026 09:55:24 Africa/Lagos] School Name: bitflux wallet
[29-Mar-2026 09:55:24 Africa/Lagos] Authenticated User ID: 1
[29-Mar-2026 09:55:24 Africa/Lagos] Authenticated User Type: admin
[29-Mar-2026 09:55:24 Africa/Lagos] Loading autoload from: /home/academixsuite/public_html/tenant/{school-slug}/admin/../../../includes/autoload.php
[29-Mar-2026 09:55:24 Africa/Lagos] Autoload loaded successfully
[29-Mar-2026 09:55:24 Africa/Lagos] Database class found
[29-Mar-2026 09:55:24 Africa/Lagos] Loading StudentManager from: /home/academixsuite/public_html/tenant/{school-slug}/admin/../../../includes/StudentManager.php
[29-Mar-2026 09:55:24 Africa/Lagos] StudentManager loaded successfully
[29-Mar-2026 09:55:24 Africa/Lagos] Attempting to connect to database: school_6
[29-Mar-2026 09:55:24 Africa/Lagos] School database connection successful for: school_6
[29-Mar-2026 09:55:24 Africa/Lagos] Database connection PDO object: PDO
[29-Mar-2026 09:55:24 Africa/Lagos] Initializing StudentManager with parameters:
[29-Mar-2026 09:55:24 Africa/Lagos] - School ID: 6
[29-Mar-2026 09:55:24 Africa/Lagos] - User ID: 1
[29-Mar-2026 09:55:24 Africa/Lagos] - User Type: admin
[29-Mar-2026 09:55:24 Africa/Lagos] StudentManager initialized for school ID: 6
[29-Mar-2026 09:55:24 Africa/Lagos] StudentManager initialized successfully
[29-Mar-2026 09:55:24 Africa/Lagos] Starting data fetch from database
[29-Mar-2026 09:55:24 Africa/Lagos] Loaded 21 settings records
[29-Mar-2026 09:55:24 Africa/Lagos] Loaded user data for ID: 1
[29-Mar-2026 09:55:24 Africa/Lagos] Loaded 1 academic years
[29-Mar-2026 09:55:24 Africa/Lagos] Loaded 16 classes
[29-Mar-2026 09:55:24 Africa/Lagos] === ADD STUDENT PAGE END ===
[29-Mar-2026 09:55:24 Africa/Lagos] Page loaded with 16 classes, 1 academic years
[29-Mar-2026 09:55:24 Africa/Lagos] ROUTER END: Successfully served /home/academixsuite/public_html/tenant/{school-slug}/admin/add-new-student.php
[29-Mar-2026 09:56:28 Africa/Lagos] === ADD STUDENT PAGE START ===
[29-Mar-2026 09:56:28 Africa/Lagos] Request URI: /tenant/bitflux-wallet-1771434696/admin/add-new-student.php
[29-Mar-2026 09:56:28 Africa/Lagos] Script: /home/academixsuite/public_html/tenant/{school-slug}/admin/add-new-student.php
[29-Mar-2026 09:56:28 Africa/Lagos] Request Method: GET
[29-Mar-2026 09:56:28 Africa/Lagos] Session ID: 24d7d99cfbab3f4774f2325236f996e1
[29-Mar-2026 09:56:28 Africa/Lagos] School Slug: bitflux-wallet-1771434696
[29-Mar-2026 09:56:28 Africa/Lagos] User Type: admin
[29-Mar-2026 09:56:28 Africa/Lagos] Current Page: add-new-student.php
[29-Mar-2026 09:56:28 Africa/Lagos] School ID: 6
[29-Mar-2026 09:56:28 Africa/Lagos] School Name: bitflux wallet
[29-Mar-2026 09:56:28 Africa/Lagos] Authenticated User ID: 1
[29-Mar-2026 09:56:28 Africa/Lagos] Authenticated User Type: admin
[29-Mar-2026 09:56:28 Africa/Lagos] Loading autoload from: /home/academixsuite/public_html/tenant/{school-slug}/admin/../../../includes/autoload.php
[29-Mar-2026 09:56:28 Africa/Lagos] Autoload loaded successfully
[29-Mar-2026 09:56:28 Africa/Lagos] Database class found
[29-Mar-2026 09:56:28 Africa/Lagos] Loading StudentManager from: /home/academixsuite/public_html/tenant/{school-slug}/admin/../../../includes/StudentManager.php
[29-Mar-2026 09:56:28 Africa/Lagos] StudentManager loaded successfully
[29-Mar-2026 09:56:28 Africa/Lagos] Attempting to connect to database: school_6
[29-Mar-2026 09:56:28 Africa/Lagos] School database connection successful for: school_6
[29-Mar-2026 09:56:28 Africa/Lagos] Database connection PDO object: PDO
[29-Mar-2026 09:56:28 Africa/Lagos] Initializing StudentManager with parameters:
[29-Mar-2026 09:56:28 Africa/Lagos] - School ID: 6
[29-Mar-2026 09:56:28 Africa/Lagos] - User ID: 1
[29-Mar-2026 09:56:28 Africa/Lagos] - User Type: admin
[29-Mar-2026 09:56:28 Africa/Lagos] StudentManager initialized for school ID: 6
[29-Mar-2026 09:56:28 Africa/Lagos] StudentManager initialized successfully
[29-Mar-2026 09:56:28 Africa/Lagos] Starting data fetch from database
[29-Mar-2026 09:56:28 Africa/Lagos] Loaded 21 settings records
[29-Mar-2026 09:56:28 Africa/Lagos] Loaded user data for ID: 1
[29-Mar-2026 09:56:28 Africa/Lagos] Loaded 1 academic years
[29-Mar-2026 09:56:28 Africa/Lagos] Loaded 16 classes
[29-Mar-2026 09:56:28 Africa/Lagos] === ADD STUDENT PAGE END ===
[29-Mar-2026 09:56:28 Africa/Lagos] Page loaded with 16 classes, 1 academic years
[29-Mar-2026 09:56:28 Africa/Lagos] ROUTER END: Successfully served /home/academixsuite/public_html/tenant/{school-slug}/admin/add-new-student.php
[29-Mar-2026 09:56:48 Africa/Lagos] === ADD STUDENT PAGE START ===
[29-Mar-2026 09:56:48 Africa/Lagos] Request URI: /tenant/bitflux-wallet-1771434696/admin/add-new-student.php?ajax=get_sections&class_id=12
[29-Mar-2026 09:56:48 Africa/Lagos] Script: /home/academixsuite/public_html/tenant/{school-slug}/admin/add-new-student.php
[29-Mar-2026 09:56:48 Africa/Lagos] Request Method: GET
[29-Mar-2026 09:56:48 Africa/Lagos] Session ID: 24d7d99cfbab3f4774f2325236f996e1
[29-Mar-2026 09:56:48 Africa/Lagos] School Slug: bitflux-wallet-1771434696
[29-Mar-2026 09:56:48 Africa/Lagos] User Type: admin
[29-Mar-2026 09:56:48 Africa/Lagos] Current Page: add-new-student.php
[29-Mar-2026 09:56:48 Africa/Lagos] School ID: 6
[29-Mar-2026 09:56:48 Africa/Lagos] School Name: bitflux wallet
[29-Mar-2026 09:56:48 Africa/Lagos] Authenticated User ID: 1
[29-Mar-2026 09:56:48 Africa/Lagos] Authenticated User Type: admin
[29-Mar-2026 09:56:48 Africa/Lagos] Loading autoload from: /home/academixsuite/public_html/tenant/{school-slug}/admin/../../../includes/autoload.php
[29-Mar-2026 09:56:48 Africa/Lagos] Autoload loaded successfully
[29-Mar-2026 09:56:48 Africa/Lagos] Database class found
[29-Mar-2026 09:56:48 Africa/Lagos] Loading StudentManager from: /home/academixsuite/public_html/tenant/{school-slug}/admin/../../../includes/StudentManager.php
[29-Mar-2026 09:56:48 Africa/Lagos] StudentManager loaded successfully
[29-Mar-2026 09:56:48 Africa/Lagos] Attempting to connect to database: school_6
[29-Mar-2026 09:56:48 Africa/Lagos] School database connection successful for: school_6
[29-Mar-2026 09:56:48 Africa/Lagos] Database connection PDO object: PDO
[29-Mar-2026 09:56:48 Africa/Lagos] Initializing StudentManager with parameters:
[29-Mar-2026 09:56:48 Africa/Lagos] - School ID: 6
[29-Mar-2026 09:56:48 Africa/Lagos] - User ID: 1
[29-Mar-2026 09:56:48 Africa/Lagos] - User Type: admin
[29-Mar-2026 09:56:48 Africa/Lagos] StudentManager initialized for school ID: 6
[29-Mar-2026 09:56:48 Africa/Lagos] StudentManager initialized successfully
[29-Mar-2026 09:56:48 Africa/Lagos] Starting data fetch from database
[29-Mar-2026 09:56:48 Africa/Lagos] Loaded 21 settings records
[29-Mar-2026 09:56:48 Africa/Lagos] Loaded user data for ID: 1
[29-Mar-2026 09:56:48 Africa/Lagos] Loaded 1 academic years
[29-Mar-2026 09:56:48 Africa/Lagos] Loaded 16 classes
[29-Mar-2026 09:56:48 Africa/Lagos] Retrieved 2 sections for class ID: 12
[29-Mar-2026 09:56:48 Africa/Lagos] Loaded 2 sections for class 12
[29-Mar-2026 09:56:48 Africa/Lagos] Processing AJAX request: get_sections
[29-Mar-2026 09:56:48 Africa/Lagos] Retrieved 2 sections for class ID: 12
[29-Mar-2026 09:57:52 Africa/Lagos] === ADD STUDENT PAGE START ===
[29-Mar-2026 09:57:52 Africa/Lagos] Request URI: /tenant/bitflux-wallet-1771434696/admin/add-new-student.php?ajax=search_parents&term=henr
[29-Mar-2026 09:57:52 Africa/Lagos] Script: /home/academixsuite/public_html/tenant/{school-slug}/admin/add-new-student.php
[29-Mar-2026 09:57:52 Africa/Lagos] Request Method: GET
[29-Mar-2026 09:57:52 Africa/Lagos] Session ID: 24d7d99cfbab3f4774f2325236f996e1
[29-Mar-2026 09:57:52 Africa/Lagos] School Slug: bitflux-wallet-1771434696
[29-Mar-2026 09:57:52 Africa/Lagos] User Type: admin
[29-Mar-2026 09:57:52 Africa/Lagos] Current Page: add-new-student.php
[29-Mar-2026 09:57:52 Africa/Lagos] School ID: 6
[29-Mar-2026 09:57:52 Africa/Lagos] School Name: bitflux wallet
[29-Mar-2026 09:57:52 Africa/Lagos] Authenticated User ID: 1
[29-Mar-2026 09:57:52 Africa/Lagos] Authenticated User Type: admin
[29-Mar-2026 09:57:52 Africa/Lagos] Loading autoload from: /home/academixsuite/public_html/tenant/{school-slug}/admin/../../../includes/autoload.php
[29-Mar-2026 09:57:52 Africa/Lagos] Autoload loaded successfully
[29-Mar-2026 09:57:52 Africa/Lagos] Database class found
[29-Mar-2026 09:57:52 Africa/Lagos] Loading StudentManager from: /home/academixsuite/public_html/tenant/{school-slug}/admin/../../../includes/StudentManager.php
[29-Mar-2026 09:57:52 Africa/Lagos] StudentManager loaded successfully
[29-Mar-2026 09:57:52 Africa/Lagos] Attempting to connect to database: school_6
[29-Mar-2026 09:57:52 Africa/Lagos] School database connection successful for: school_6
[29-Mar-2026 09:57:52 Africa/Lagos] Database connection PDO object: PDO
[29-Mar-2026 09:57:52 Africa/Lagos] Initializing StudentManager with parameters:
[29-Mar-2026 09:57:52 Africa/Lagos] - School ID: 6
[29-Mar-2026 09:57:52 Africa/Lagos] - User ID: 1
[29-Mar-2026 09:57:52 Africa/Lagos] - User Type: admin
[29-Mar-2026 09:57:52 Africa/Lagos] StudentManager initialized for school ID: 6
[29-Mar-2026 09:57:52 Africa/Lagos] StudentManager initialized successfully
[29-Mar-2026 09:57:52 Africa/Lagos] Starting data fetch from database
[29-Mar-2026 09:57:52 Africa/Lagos] Loaded 21 settings records
[29-Mar-2026 09:57:52 Africa/Lagos] Loaded user data for ID: 1
[29-Mar-2026 09:57:52 Africa/Lagos] Loaded 1 academic years
[29-Mar-2026 09:57:52 Africa/Lagos] Loaded 16 classes
[29-Mar-2026 09:57:52 Africa/Lagos] Processing AJAX request: search_parents
[29-Mar-2026 09:57:52 Africa/Lagos] Searching parents with term: henr
[29-Mar-2026 09:57:52 Africa/Lagos] Found 0 parents matching term
[29-Mar-2026 09:57:54 Africa/Lagos] === ADD STUDENT PAGE START ===
[29-Mar-2026 09:57:54 Africa/Lagos] Request URI: /tenant/bitflux-wallet-1771434696/admin/add-new-student.php?ajax=search_parents&term=hen
[29-Mar-2026 09:57:54 Africa/Lagos] Script: /home/academixsuite/public_html/tenant/{school-slug}/admin/add-new-student.php
[29-Mar-2026 09:57:54 Africa/Lagos] Request Method: GET
[29-Mar-2026 09:57:54 Africa/Lagos] Session ID: 24d7d99cfbab3f4774f2325236f996e1
[29-Mar-2026 09:57:54 Africa/Lagos] School Slug: bitflux-wallet-1771434696
[29-Mar-2026 09:57:54 Africa/Lagos] User Type: admin
[29-Mar-2026 09:57:54 Africa/Lagos] Current Page: add-new-student.php
[29-Mar-2026 09:57:54 Africa/Lagos] School ID: 6
[29-Mar-2026 09:57:54 Africa/Lagos] School Name: bitflux wallet
[29-Mar-2026 09:57:54 Africa/Lagos] Authenticated User ID: 1
[29-Mar-2026 09:57:54 Africa/Lagos] Authenticated User Type: admin
[29-Mar-2026 09:57:54 Africa/Lagos] Loading autoload from: /home/academixsuite/public_html/tenant/{school-slug}/admin/../../../includes/autoload.php
[29-Mar-2026 09:57:54 Africa/Lagos] Autoload loaded successfully
[29-Mar-2026 09:57:54 Africa/Lagos] Database class found
[29-Mar-2026 09:57:54 Africa/Lagos] Loading StudentManager from: /home/academixsuite/public_html/tenant/{school-slug}/admin/../../../includes/StudentManager.php
[29-Mar-2026 09:57:54 Africa/Lagos] StudentManager loaded successfully
[29-Mar-2026 09:57:54 Africa/Lagos] Attempting to connect to database: school_6
[29-Mar-2026 09:57:54 Africa/Lagos] School database connection successful for: school_6
[29-Mar-2026 09:57:54 Africa/Lagos] Database connection PDO object: PDO
[29-Mar-2026 09:57:54 Africa/Lagos] Initializing StudentManager with parameters:
[29-Mar-2026 09:57:54 Africa/Lagos] - School ID: 6
[29-Mar-2026 09:57:54 Africa/Lagos] - User ID: 1
[29-Mar-2026 09:57:54 Africa/Lagos] - User Type: admin
[29-Mar-2026 09:57:54 Africa/Lagos] StudentManager initialized for school ID: 6
[29-Mar-2026 09:57:54 Africa/Lagos] StudentManager initialized successfully
[29-Mar-2026 09:57:54 Africa/Lagos] Starting data fetch from database
[29-Mar-2026 09:57:54 Africa/Lagos] Loaded 21 settings records
[29-Mar-2026 09:57:54 Africa/Lagos] Loaded user data for ID: 1
[29-Mar-2026 09:57:54 Africa/Lagos] Loaded 1 academic years
[29-Mar-2026 09:57:54 Africa/Lagos] Loaded 16 classes
[29-Mar-2026 09:57:54 Africa/Lagos] Processing AJAX request: search_parents
[29-Mar-2026 09:57:54 Africa/Lagos] Searching parents with term: hen
[29-Mar-2026 09:57:54 Africa/Lagos] Found 2 parents matching term
[29-Mar-2026 09:59:18 Africa/Lagos] === ADD STUDENT PAGE START ===
[29-Mar-2026 09:59:18 Africa/Lagos] Request URI: /tenant/bitflux-wallet-1771434696/admin/add-new-student.php
[29-Mar-2026 09:59:18 Africa/Lagos] Script: /home/academixsuite/public_html/tenant/{school-slug}/admin/add-new-student.php
[29-Mar-2026 09:59:18 Africa/Lagos] Request Method: POST
[29-Mar-2026 09:59:18 Africa/Lagos] Session ID: 24d7d99cfbab3f4774f2325236f996e1
[29-Mar-2026 09:59:18 Africa/Lagos] School Slug: bitflux-wallet-1771434696
[29-Mar-2026 09:59:18 Africa/Lagos] User Type: admin
[29-Mar-2026 09:59:18 Africa/Lagos] Current Page: add-new-student.php
[29-Mar-2026 09:59:18 Africa/Lagos] School ID: 6
[29-Mar-2026 09:59:18 Africa/Lagos] School Name: bitflux wallet
[29-Mar-2026 09:59:18 Africa/Lagos] Authenticated User ID: 1
[29-Mar-2026 09:59:18 Africa/Lagos] Authenticated User Type: admin
[29-Mar-2026 09:59:18 Africa/Lagos] Loading autoload from: /home/academixsuite/public_html/tenant/{school-slug}/admin/../../../includes/autoload.php
[29-Mar-2026 09:59:18 Africa/Lagos] Autoload loaded successfully
[29-Mar-2026 09:59:18 Africa/Lagos] Database class found
[29-Mar-2026 09:59:18 Africa/Lagos] Loading StudentManager from: /home/academixsuite/public_html/tenant/{school-slug}/admin/../../../includes/StudentManager.php
[29-Mar-2026 09:59:18 Africa/Lagos] StudentManager loaded successfully
[29-Mar-2026 09:59:18 Africa/Lagos] Attempting to connect to database: school_6
[29-Mar-2026 09:59:18 Africa/Lagos] School database connection successful for: school_6
[29-Mar-2026 09:59:18 Africa/Lagos] Database connection PDO object: PDO
[29-Mar-2026 09:59:18 Africa/Lagos] Initializing StudentManager with parameters:
[29-Mar-2026 09:59:18 Africa/Lagos] - School ID: 6
[29-Mar-2026 09:59:18 Africa/Lagos] - User ID: 1
[29-Mar-2026 09:59:18 Africa/Lagos] - User Type: admin
[29-Mar-2026 09:59:18 Africa/Lagos] StudentManager initialized for school ID: 6
[29-Mar-2026 09:59:18 Africa/Lagos] StudentManager initialized successfully
[29-Mar-2026 09:59:18 Africa/Lagos] POST data received. Fields: csrf_token, academic_year, class, section, roll_number, admission_date, first_name, middle_name, last_name, gender, date_of_birth, student_phone, student_email, existing_parent_id, guardian_name, guardian_relation, guardian_phone, guardian_email, guardian_address, blood_group, allergies, medical_conditions, current_address, permanent_address, previous_school, previous_class, transfer_certificate_no
[29-Mar-2026 09:59:18 Africa/Lagos] Starting data fetch from database
[29-Mar-2026 09:59:18 Africa/Lagos] Loaded 21 settings records
[29-Mar-2026 09:59:18 Africa/Lagos] Loaded user data for ID: 1
[29-Mar-2026 09:59:18 Africa/Lagos] Loaded 1 academic years
[29-Mar-2026 09:59:18 Africa/Lagos] Loaded 16 classes
[29-Mar-2026 09:59:18 Africa/Lagos] === POST REQUEST DETECTED ===
[29-Mar-2026 09:59:18 Africa/Lagos] POST data keys: csrf_token, academic_year, class, section, roll_number, admission_date, first_name, middle_name, last_name, gender, date_of_birth, student_phone, student_email, existing_parent_id, guardian_name, guardian_relation, guardian_phone, guardian_email, guardian_address, blood_group, allergies, medical_conditions, current_address, permanent_address, previous_school, previous_class, transfer_certificate_no
[29-Mar-2026 09:59:18 Africa/Lagos] === PROCESSING FORM SUBMISSION ===
[29-Mar-2026 09:59:18 Africa/Lagos] Form submission detected via field presence
[29-Mar-2026 09:59:18 Africa/Lagos] CSRF validation PASSED
[29-Mar-2026 09:59:18 Africa/Lagos] Student data prepared for insertion:
[29-Mar-2026 09:59:18 Africa/Lagos] - Name: jame ikechukwu
[29-Mar-2026 09:59:18 Africa/Lagos] Validation PASSED - all required fields present
[29-Mar-2026 09:59:18 Africa/Lagos] Calling StudentManager->addStudent()
[29-Mar-2026 09:59:18 Africa/Lagos] === ADD STUDENT START ===
[29-Mar-2026 09:59:18 Africa/Lagos] School ID: 6
[29-Mar-2026 09:59:18 Africa/Lagos] User ID: 1
[29-Mar-2026 09:59:18 Africa/Lagos] Data received: ["academic_year_id","class_id","section_id","roll_number","admission_date","first_name","middle_name","last_name","gender","date_of_birth","student_email","student_phone","guardian_name","guardian_email","guardian_phone","guardian_relation","guardian_address","existing_parent_id","blood_group","allergies","medical_conditions","doctor_name","doctor_phone","current_address","permanent_address","previous_school","previous_class","transfer_certificate_no"]
[29-Mar-2026 09:59:18 Africa/Lagos] Transaction started
[29-Mar-2026 09:59:18 Africa/Lagos] Validation passed
[29-Mar-2026 09:59:18 Africa/Lagos] Generating admission number for academic year ID: 1
[29-Mar-2026 09:59:18 Africa/Lagos] Using academic year: 2025-2026 (Year: 2025)
[29-Mar-2026 09:59:18 Africa/Lagos] Generated admission number: BIT-2025-0020
[29-Mar-2026 09:59:18 Africa/Lagos] Generated admission number: BIT-2025-0020
[29-Mar-2026 09:59:18 Africa/Lagos] Generated random password of length: 8
[29-Mar-2026 09:59:18 Africa/Lagos] Student password generated (hashed)
[29-Mar-2026 09:59:18 Africa/Lagos] Creating student user account:
[29-Mar-2026 09:59:18 Africa/Lagos] - Full name: jame brown ikechukwu
[29-Mar-2026 09:59:18 Africa/Lagos] - Email: bitfluxwalleet@gmail.com
[29-Mar-2026 09:59:18 Africa/Lagos] - Username: bitfluxwalleet
[29-Mar-2026 09:59:18 Africa/Lagos] Student user created with ID: 84
[29-Mar-2026 09:59:18 Africa/Lagos] Student role assigned to user ID: 84
[29-Mar-2026 09:59:18 Africa/Lagos] Getting default campus ID for school: 6
[29-Mar-2026 09:59:18 Africa/Lagos] Error getting default campus: SQLSTATE[42S22]: Column not found: 1054 Unknown column 'is_default' in 'WHERE'
[29-Mar-2026 09:59:18 Africa/Lagos] Campus ID: null
[29-Mar-2026 09:59:18 Africa/Lagos] Inserting student record...
[29-Mar-2026 09:59:18 Africa/Lagos] Student insert params prepared: [6,null,"84","BIT-2025-0020","1",12,4,"2026-03-29","jame","brown","ikechukwu","2015-02-28"]...
[29-Mar-2026 09:59:18 Africa/Lagos] === STUDENT RECORD CREATED SUCCESSFULLY ===
[29-Mar-2026 09:59:18 Africa/Lagos] Student ID: 34
[29-Mar-2026 09:59:18 Africa/Lagos] Admission Number: BIT-2025-0020
[29-Mar-2026 09:59:18 Africa/Lagos] Creating new parent from guardian data
[29-Mar-2026 09:59:18 Africa/Lagos] === FIND OR CREATE PARENT ===
[29-Mar-2026 09:59:18 Africa/Lagos] Parent data: {"name":"soye ikechukwu","email":"thomas@gmail.com","phone":"8119999755","address":"123 walkers street\r\n123 walkers street"}
[29-Mar-2026 09:59:18 Africa/Lagos] Generated random password of length: 8
[29-Mar-2026 09:59:18 Africa/Lagos] Generated parent password (hashed)
[29-Mar-2026 09:59:18 Africa/Lagos] ERROR in findOrCreateParent: SQLSTATE[23000]: Integrity constraint violation: 1062 Duplicate entry '6-8119999755' for key 'unique_phone_school'
[29-Mar-2026 09:59:18 Africa/Lagos] Stack trace: #0 /home/academixsuite/public_html/includes/StudentManager.php(282): PDOStatement->execute(Array)
#1 /home/academixsuite/public_html/includes/StudentManager.php(577): StudentManager->findOrCreateParent(Array)
#2 /home/academixsuite/public_html/tenant/{school-slug}/admin/add-new-student.php(473): StudentManager->addStudent(Array)
#3 /home/academixsuite/public_html/tenant/router.php(365): require_once('/home/academixs...')
#4 {main}
[29-Mar-2026 09:59:18 Africa/Lagos] Transaction rolled back due to error
[29-Mar-2026 09:59:18 Africa/Lagos] === ADD STUDENT FAILED ===
[29-Mar-2026 09:59:18 Africa/Lagos] Error: SQLSTATE[23000]: Integrity constraint violation: 1062 Duplicate entry '6-8119999755' for key 'unique_phone_school'
[29-Mar-2026 09:59:18 Africa/Lagos] Stack trace: #0 /home/academixsuite/public_html/includes/StudentManager.php(282): PDOStatement->execute(Array)
#1 /home/academixsuite/public_html/includes/StudentManager.php(577): StudentManager->findOrCreateParent(Array)
#2 /home/academixsuite/public_html/tenant/{school-slug}/admin/add-new-student.php(473): StudentManager->addStudent(Array)
#3 /home/academixsuite/public_html/tenant/router.php(365): require_once('/home/academixs...')
#4 {main}
[29-Mar-2026 09:59:18 Africa/Lagos] PDO Error Info: ["23000",1062,"Duplicate entry '6-8119999755' for key 'unique_phone_school'"]
[29-Mar-2026 09:59:18 Africa/Lagos] StudentManager->addStudent() completed in 406.69ms
[29-Mar-2026 09:59:18 Africa/Lagos] === STUDENT ADDITION FAILED ===
[29-Mar-2026 09:59:18 Africa/Lagos] Error message: Error adding student: SQLSTATE[23000]: Integrity constraint violation: 1062 Duplicate entry '6-8119999755' for key 'unique_phone_school'
[29-Mar-2026 09:59:18 Africa/Lagos] Redirecting back to add form: add-new-student.php
[29-Mar-2026 09:59:19 Africa/Lagos] === ADD STUDENT PAGE START ===
[29-Mar-2026 09:59:19 Africa/Lagos] Request URI: /tenant/bitflux-wallet-1771434696/admin/add-new-student.php
[29-Mar-2026 09:59:19 Africa/Lagos] Script: /home/academixsuite/public_html/tenant/{school-slug}/admin/add-new-student.php
[29-Mar-2026 09:59:19 Africa/Lagos] Request Method: GET
[29-Mar-2026 09:59:19 Africa/Lagos] Session ID: 24d7d99cfbab3f4774f2325236f996e1
[29-Mar-2026 09:59:19 Africa/Lagos] School Slug: bitflux-wallet-1771434696
[29-Mar-2026 09:59:19 Africa/Lagos] User Type: admin
[29-Mar-2026 09:59:19 Africa/Lagos] Current Page: add-new-student.php
[29-Mar-2026 09:59:19 Africa/Lagos] School ID: 6
[29-Mar-2026 09:59:19 Africa/Lagos] School Name: bitflux wallet
[29-Mar-2026 09:59:19 Africa/Lagos] Authenticated User ID: 1
[29-Mar-2026 09:59:19 Africa/Lagos] Authenticated User Type: admin
[29-Mar-2026 09:59:19 Africa/Lagos] Loading autoload from: /home/academixsuite/public_html/tenant/{school-slug}/admin/../../../includes/autoload.php
[29-Mar-2026 09:59:19 Africa/Lagos] Autoload loaded successfully
[29-Mar-2026 09:59:19 Africa/Lagos] Database class found
[29-Mar-2026 09:59:19 Africa/Lagos] Loading StudentManager from: /home/academixsuite/public_html/tenant/{school-slug}/admin/../../../includes/StudentManager.php
[29-Mar-2026 09:59:19 Africa/Lagos] StudentManager loaded successfully
[29-Mar-2026 09:59:19 Africa/Lagos] Attempting to connect to database: school_6
[29-Mar-2026 09:59:19 Africa/Lagos] School database connection successful for: school_6
[29-Mar-2026 09:59:19 Africa/Lagos] Database connection PDO object: PDO
[29-Mar-2026 09:59:19 Africa/Lagos] Initializing StudentManager with parameters:
[29-Mar-2026 09:59:19 Africa/Lagos] - School ID: 6
[29-Mar-2026 09:59:19 Africa/Lagos] - User ID: 1
[29-Mar-2026 09:59:19 Africa/Lagos] - User Type: admin
[29-Mar-2026 09:59:19 Africa/Lagos] StudentManager initialized for school ID: 6
[29-Mar-2026 09:59:19 Africa/Lagos] StudentManager initialized successfully
[29-Mar-2026 09:59:19 Africa/Lagos] Starting data fetch from database
[29-Mar-2026 09:59:19 Africa/Lagos] Loaded 21 settings records
[29-Mar-2026 09:59:19 Africa/Lagos] Loaded user data for ID: 1
[29-Mar-2026 09:59:19 Africa/Lagos] Loaded 1 academic years
[29-Mar-2026 09:59:19 Africa/Lagos] Loaded 16 classes
[29-Mar-2026 09:59:19 Africa/Lagos] Restoring form data from session for repopulation
[29-Mar-2026 09:59:19 Africa/Lagos] === ADD STUDENT PAGE END ===
[29-Mar-2026 09:59:19 Africa/Lagos] Page loaded with 16 classes, 1 academic years
[29-Mar-2026 09:59:19 Africa/Lagos] ROUTER END: Successfully served /home/academixsuite/public_html/tenant/{school-slug}/admin/add-new-student.php
