[23-Feb-2026 23:05:32 Africa/Lagos] === STUDENT LIST PAGE START ===
[23-Feb-2026 23:05:32 Africa/Lagos] Request URI: /tenant/bitflux-wallet-1771434696/admin/student-list.php
[23-Feb-2026 23:05:32 Africa/Lagos] Script: /home/academixsuite/public_html/tenant/{school-slug}/admin/student-list.php
[23-Feb-2026 23:05:32 Africa/Lagos] School database connection successful
[23-Feb-2026 23:05:32 Africa/Lagos] PHP Warning:  Undefined array key "setting_key" in /home/academixsuite/public_html/tenant/{school-slug}/admin/student-list.php on line 133
[23-Feb-2026 23:05:32 Africa/Lagos] PHP Warning:  Undefined array key "setting_value" in /home/academixsuite/public_html/tenant/{school-slug}/admin/student-list.php on line 133
[23-Feb-2026 23:05:32 Africa/Lagos] PHP Warning:  Undefined array key "setting_key" in /home/academixsuite/public_html/tenant/{school-slug}/admin/student-list.php on line 133
[23-Feb-2026 23:05:32 Africa/Lagos] PHP Warning:  Undefined array key "setting_value" in /home/academixsuite/public_html/tenant/{school-slug}/admin/student-list.php on line 133
[23-Feb-2026 23:05:32 Africa/Lagos] PHP Warning:  Undefined array key "setting_key" in /home/academixsuite/public_html/tenant/{school-slug}/admin/student-list.php on line 133
[23-Feb-2026 23:05:32 Africa/Lagos] PHP Warning:  Undefined array key "setting_value" in /home/academixsuite/public_html/tenant/{school-slug}/admin/student-list.php on line 133
[23-Feb-2026 23:05:32 Africa/Lagos] PHP Warning:  Undefined array key "setting_key" in /home/academixsuite/public_html/tenant/{school-slug}/admin/student-list.php on line 133
[23-Feb-2026 23:05:32 Africa/Lagos] PHP Warning:  Undefined array key "setting_value" in /home/academixsuite/public_html/tenant/{school-slug}/admin/student-list.php on line 133
[23-Feb-2026 23:05:32 Africa/Lagos] PHP Warning:  Undefined array key "setting_key" in /home/academixsuite/public_html/tenant/{school-slug}/admin/student-list.php on line 133
[23-Feb-2026 23:05:32 Africa/Lagos] PHP Warning:  Undefined array key "setting_value" in /home/academixsuite/public_html/tenant/{school-slug}/admin/student-list.php on line 133
[23-Feb-2026 23:05:32 Africa/Lagos] PHP Warning:  Undefined array key "setting_key" in /home/academixsuite/public_html/tenant/{school-slug}/admin/student-list.php on line 133
[23-Feb-2026 23:05:32 Africa/Lagos] PHP Warning:  Undefined array key "setting_value" in /home/academixsuite/public_html/tenant/{school-slug}/admin/student-list.php on line 133
[23-Feb-2026 23:05:32 Africa/Lagos] PHP Warning:  Undefined array key "setting_key" in /home/academixsuite/public_html/tenant/{school-slug}/admin/student-list.php on line 133
[23-Feb-2026 23:05:32 Africa/Lagos] PHP Warning:  Undefined array key "setting_value" in /home/academixsuite/public_html/tenant/{school-slug}/admin/student-list.php on line 133
[23-Feb-2026 23:05:32 Africa/Lagos] PHP Warning:  Undefined array key "setting_key" in /home/academixsuite/public_html/tenant/{school-slug}/admin/student-list.php on line 133
[23-Feb-2026 23:05:32 Africa/Lagos] PHP Warning:  Undefined array key "setting_value" in /home/academixsuite/public_html/tenant/{school-slug}/admin/student-list.php on line 133
[23-Feb-2026 23:05:32 Africa/Lagos] PHP Warning:  Undefined array key "setting_key" in /home/academixsuite/public_html/tenant/{school-slug}/admin/student-list.php on line 133
[23-Feb-2026 23:05:32 Africa/Lagos] PHP Warning:  Undefined array key "setting_value" in /home/academixsuite/public_html/tenant/{school-slug}/admin/student-list.php on line 133
[23-Feb-2026 23:05:32 Africa/Lagos] PHP Warning:  Undefined array key "setting_key" in /home/academixsuite/public_html/tenant/{school-slug}/admin/student-list.php on line 133
[23-Feb-2026 23:05:32 Africa/Lagos] PHP Warning:  Undefined array key "setting_value" in /home/academixsuite/public_html/tenant/{school-slug}/admin/student-list.php on line 133
[23-Feb-2026 23:05:32 Africa/Lagos] PHP Warning:  Undefined array key "setting_key" in /home/academixsuite/public_html/tenant/{school-slug}/admin/student-list.php on line 133
[23-Feb-2026 23:05:32 Africa/Lagos] PHP Warning:  Undefined array key "setting_value" in /home/academixsuite/public_html/tenant/{school-slug}/admin/student-list.php on line 133
[23-Feb-2026 23:05:32 Africa/Lagos] Error fetching student data: SQLSTATE[42S22]: Column not found: 1054 Unknown column 'u.role_id' in 'ON'
[23-Feb-2026 23:05:32 Africa/Lagos] === STUDENT LIST PAGE END ===
[23-Feb-2026 23:05:32 Africa/Lagos] ROUTER END: Successfully served /home/academixsuite/public_html/tenant/{school-slug}/admin/student-list.php
[23-Feb-2026 23:08:17 Africa/Lagos] === STUDENT LIST PAGE START ===
[23-Feb-2026 23:08:17 Africa/Lagos] Request URI: /tenant/bitflux-wallet-1771434696/admin/student-list.php
[23-Feb-2026 23:08:17 Africa/Lagos] Script: /home/academixsuite/public_html/tenant/{school-slug}/admin/student-list.php
[23-Feb-2026 23:08:17 Africa/Lagos] School database connection successful
[23-Feb-2026 23:08:17 Africa/Lagos] PHP Warning:  Undefined array key "setting_key" in /home/academixsuite/public_html/tenant/{school-slug}/admin/student-list.php on line 133
[23-Feb-2026 23:08:17 Africa/Lagos] PHP Warning:  Undefined array key "setting_value" in /home/academixsuite/public_html/tenant/{school-slug}/admin/student-list.php on line 133
[23-Feb-2026 23:08:17 Africa/Lagos] PHP Warning:  Undefined array key "setting_key" in /home/academixsuite/public_html/tenant/{school-slug}/admin/student-list.php on line 133
[23-Feb-2026 23:08:17 Africa/Lagos] PHP Warning:  Undefined array key "setting_value" in /home/academixsuite/public_html/tenant/{school-slug}/admin/student-list.php on line 133
[23-Feb-2026 23:08:17 Africa/Lagos] PHP Warning:  Undefined array key "setting_key" in /home/academixsuite/public_html/tenant/{school-slug}/admin/student-list.php on line 133
[23-Feb-2026 23:08:17 Africa/Lagos] PHP Warning:  Undefined array key "setting_value" in /home/academixsuite/public_html/tenant/{school-slug}/admin/student-list.php on line 133
[23-Feb-2026 23:08:17 Africa/Lagos] PHP Warning:  Undefined array key "setting_key" in /home/academixsuite/public_html/tenant/{school-slug}/admin/student-list.php on line 133
[23-Feb-2026 23:08:17 Africa/Lagos] PHP Warning:  Undefined array key "setting_value" in /home/academixsuite/public_html/tenant/{school-slug}/admin/student-list.php on line 133
[23-Feb-2026 23:08:17 Africa/Lagos] PHP Warning:  Undefined array key "setting_key" in /home/academixsuite/public_html/tenant/{school-slug}/admin/student-list.php on line 133
[23-Feb-2026 23:08:17 Africa/Lagos] PHP Warning:  Undefined array key "setting_value" in /home/academixsuite/public_html/tenant/{school-slug}/admin/student-list.php on line 133
[23-Feb-2026 23:08:17 Africa/Lagos] PHP Warning:  Undefined array key "setting_key" in /home/academixsuite/public_html/tenant/{school-slug}/admin/student-list.php on line 133
[23-Feb-2026 23:08:17 Africa/Lagos] PHP Warning:  Undefined array key "setting_value" in /home/academixsuite/public_html/tenant/{school-slug}/admin/student-list.php on line 133
[23-Feb-2026 23:08:17 Africa/Lagos] PHP Warning:  Undefined array key "setting_key" in /home/academixsuite/public_html/tenant/{school-slug}/admin/student-list.php on line 133
[23-Feb-2026 23:08:17 Africa/Lagos] PHP Warning:  Undefined array key "setting_value" in /home/academixsuite/public_html/tenant/{school-slug}/admin/student-list.php on line 133
[23-Feb-2026 23:08:17 Africa/Lagos] PHP Warning:  Undefined array key "setting_key" in /home/academixsuite/public_html/tenant/{school-slug}/admin/student-list.php on line 133
[23-Feb-2026 23:08:17 Africa/Lagos] PHP Warning:  Undefined array key "setting_value" in /home/academixsuite/public_html/tenant/{school-slug}/admin/student-list.php on line 133
[23-Feb-2026 23:08:17 Africa/Lagos] PHP Warning:  Undefined array key "setting_key" in /home/academixsuite/public_html/tenant/{school-slug}/admin/student-list.php on line 133
[23-Feb-2026 23:08:17 Africa/Lagos] PHP Warning:  Undefined array key "setting_value" in /home/academixsuite/public_html/tenant/{school-slug}/admin/student-list.php on line 133
[23-Feb-2026 23:08:17 Africa/Lagos] PHP Warning:  Undefined array key "setting_key" in /home/academixsuite/public_html/tenant/{school-slug}/admin/student-list.php on line 133
[23-Feb-2026 23:08:17 Africa/Lagos] PHP Warning:  Undefined array key "setting_value" in /home/academixsuite/public_html/tenant/{school-slug}/admin/student-list.php on line 133
[23-Feb-2026 23:08:17 Africa/Lagos] PHP Warning:  Undefined array key "setting_key" in /home/academixsuite/public_html/tenant/{school-slug}/admin/student-list.php on line 133
[23-Feb-2026 23:08:17 Africa/Lagos] PHP Warning:  Undefined array key "setting_value" in /home/academixsuite/public_html/tenant/{school-slug}/admin/student-list.php on line 133
[23-Feb-2026 23:08:17 Africa/Lagos] Error fetching student data: SQLSTATE[42S22]: Column not found: 1054 Unknown column 'u.role_id' in 'ON'
[23-Feb-2026 23:08:17 Africa/Lagos] === STUDENT LIST PAGE END ===
[23-Feb-2026 23:08:17 Africa/Lagos] ROUTER END: Successfully served /home/academixsuite/public_html/tenant/{school-slug}/admin/student-list.php
[23-Feb-2026 23:10:21 Africa/Lagos] === STUDENT LIST PAGE START ===
[23-Feb-2026 23:10:21 Africa/Lagos] Request URI: /tenant/bitflux-wallet-1771434696/admin/student-list.php
[23-Feb-2026 23:10:21 Africa/Lagos] Script: /home/academixsuite/public_html/tenant/{school-slug}/admin/student-list.php
[23-Feb-2026 23:10:21 Africa/Lagos] School database connection successful
[23-Feb-2026 23:10:21 Africa/Lagos] PHP Warning:  Undefined array key "setting_key" in /home/academixsuite/public_html/tenant/{school-slug}/admin/student-list.php on line 133
[23-Feb-2026 23:10:21 Africa/Lagos] PHP Warning:  Undefined array key "setting_value" in /home/academixsuite/public_html/tenant/{school-slug}/admin/student-list.php on line 133
[23-Feb-2026 23:10:21 Africa/Lagos] PHP Warning:  Undefined array key "setting_key" in /home/academixsuite/public_html/tenant/{school-slug}/admin/student-list.php on line 133
[23-Feb-2026 23:10:21 Africa/Lagos] PHP Warning:  Undefined array key "setting_value" in /home/academixsuite/public_html/tenant/{school-slug}/admin/student-list.php on line 133
[23-Feb-2026 23:10:21 Africa/Lagos] PHP Warning:  Undefined array key "setting_key" in /home/academixsuite/public_html/tenant/{school-slug}/admin/student-list.php on line 133
[23-Feb-2026 23:10:21 Africa/Lagos] PHP Warning:  Undefined array key "setting_value" in /home/academixsuite/public_html/tenant/{school-slug}/admin/student-list.php on line 133
[23-Feb-2026 23:10:21 Africa/Lagos] PHP Warning:  Undefined array key "setting_key" in /home/academixsuite/public_html/tenant/{school-slug}/admin/student-list.php on line 133
[23-Feb-2026 23:10:21 Africa/Lagos] PHP Warning:  Undefined array key "setting_value" in /home/academixsuite/public_html/tenant/{school-slug}/admin/student-list.php on line 133
[23-Feb-2026 23:10:21 Africa/Lagos] PHP Warning:  Undefined array key "setting_key" in /home/academixsuite/public_html/tenant/{school-slug}/admin/student-list.php on line 133
[23-Feb-2026 23:10:21 Africa/Lagos] PHP Warning:  Undefined array key "setting_value" in /home/academixsuite/public_html/tenant/{school-slug}/admin/student-list.php on line 133
[23-Feb-2026 23:10:21 Africa/Lagos] PHP Warning:  Undefined array key "setting_key" in /home/academixsuite/public_html/tenant/{school-slug}/admin/student-list.php on line 133
[23-Feb-2026 23:10:21 Africa/Lagos] PHP Warning:  Undefined array key "setting_value" in /home/academixsuite/public_html/tenant/{school-slug}/admin/student-list.php on line 133
[23-Feb-2026 23:10:21 Africa/Lagos] PHP Warning:  Undefined array key "setting_key" in /home/academixsuite/public_html/tenant/{school-slug}/admin/student-list.php on line 133
[23-Feb-2026 23:10:21 Africa/Lagos] PHP Warning:  Undefined array key "setting_value" in /home/academixsuite/public_html/tenant/{school-slug}/admin/student-list.php on line 133
[23-Feb-2026 23:10:21 Africa/Lagos] PHP Warning:  Undefined array key "setting_key" in /home/academixsuite/public_html/tenant/{school-slug}/admin/student-list.php on line 133
[23-Feb-2026 23:10:21 Africa/Lagos] PHP Warning:  Undefined array key "setting_value" in /home/academixsuite/public_html/tenant/{school-slug}/admin/student-list.php on line 133
[23-Feb-2026 23:10:21 Africa/Lagos] PHP Warning:  Undefined array key "setting_key" in /home/academixsuite/public_html/tenant/{school-slug}/admin/student-list.php on line 133
[23-Feb-2026 23:10:21 Africa/Lagos] PHP Warning:  Undefined array key "setting_value" in /home/academixsuite/public_html/tenant/{school-slug}/admin/student-list.php on line 133
[23-Feb-2026 23:10:21 Africa/Lagos] PHP Warning:  Undefined array key "setting_key" in /home/academixsuite/public_html/tenant/{school-slug}/admin/student-list.php on line 133
[23-Feb-2026 23:10:21 Africa/Lagos] PHP Warning:  Undefined array key "setting_value" in /home/academixsuite/public_html/tenant/{school-slug}/admin/student-list.php on line 133
[23-Feb-2026 23:10:21 Africa/Lagos] PHP Warning:  Undefined array key "setting_key" in /home/academixsuite/public_html/tenant/{school-slug}/admin/student-list.php on line 133
[23-Feb-2026 23:10:21 Africa/Lagos] PHP Warning:  Undefined array key "setting_value" in /home/academixsuite/public_html/tenant/{school-slug}/admin/student-list.php on line 133
[23-Feb-2026 23:10:21 Africa/Lagos] Error fetching student data: SQLSTATE[42S22]: Column not found: 1054 Unknown column 'u.role_id' in 'ON'
[23-Feb-2026 23:10:21 Africa/Lagos] === STUDENT LIST PAGE END ===
[23-Feb-2026 23:10:21 Africa/Lagos] ROUTER END: Successfully served /home/academixsuite/public_html/tenant/{school-slug}/admin/student-list.php
[23-Feb-2026 23:22:47 Africa/Lagos] === STUDENT LIST PAGE START ===
[23-Feb-2026 23:22:47 Africa/Lagos] Request URI: /tenant/bitflux-wallet-1771434696/admin/student-list.php
[23-Feb-2026 23:22:47 Africa/Lagos] Script: /home/academixsuite/public_html/tenant/{school-slug}/admin/student-list.php
[23-Feb-2026 23:22:47 Africa/Lagos] School database connection successful
[23-Feb-2026 23:22:47 Africa/Lagos] PHP Warning:  Undefined array key "setting_key" in /home/academixsuite/public_html/tenant/{school-slug}/admin/student-list.php on line 133
[23-Feb-2026 23:22:47 Africa/Lagos] PHP Warning:  Undefined array key "setting_value" in /home/academixsuite/public_html/tenant/{school-slug}/admin/student-list.php on line 133
[23-Feb-2026 23:22:47 Africa/Lagos] PHP Warning:  Undefined array key "setting_key" in /home/academixsuite/public_html/tenant/{school-slug}/admin/student-list.php on line 133
[23-Feb-2026 23:22:47 Africa/Lagos] PHP Warning:  Undefined array key "setting_value" in /home/academixsuite/public_html/tenant/{school-slug}/admin/student-list.php on line 133
[23-Feb-2026 23:22:47 Africa/Lagos] PHP Warning:  Undefined array key "setting_key" in /home/academixsuite/public_html/tenant/{school-slug}/admin/student-list.php on line 133
[23-Feb-2026 23:22:47 Africa/Lagos] PHP Warning:  Undefined array key "setting_value" in /home/academixsuite/public_html/tenant/{school-slug}/admin/student-list.php on line 133
[23-Feb-2026 23:22:47 Africa/Lagos] PHP Warning:  Undefined array key "setting_key" in /home/academixsuite/public_html/tenant/{school-slug}/admin/student-list.php on line 133
[23-Feb-2026 23:22:47 Africa/Lagos] PHP Warning:  Undefined array key "setting_value" in /home/academixsuite/public_html/tenant/{school-slug}/admin/student-list.php on line 133
[23-Feb-2026 23:22:47 Africa/Lagos] PHP Warning:  Undefined array key "setting_key" in /home/academixsuite/public_html/tenant/{school-slug}/admin/student-list.php on line 133
[23-Feb-2026 23:22:47 Africa/Lagos] PHP Warning:  Undefined array key "setting_value" in /home/academixsuite/public_html/tenant/{school-slug}/admin/student-list.php on line 133
[23-Feb-2026 23:22:47 Africa/Lagos] PHP Warning:  Undefined array key "setting_key" in /home/academixsuite/public_html/tenant/{school-slug}/admin/student-list.php on line 133
[23-Feb-2026 23:22:47 Africa/Lagos] PHP Warning:  Undefined array key "setting_value" in /home/academixsuite/public_html/tenant/{school-slug}/admin/student-list.php on line 133
[23-Feb-2026 23:22:47 Africa/Lagos] PHP Warning:  Undefined array key "setting_key" in /home/academixsuite/public_html/tenant/{school-slug}/admin/student-list.php on line 133
[23-Feb-2026 23:22:47 Africa/Lagos] PHP Warning:  Undefined array key "setting_value" in /home/academixsuite/public_html/tenant/{school-slug}/admin/student-list.php on line 133
[23-Feb-2026 23:22:47 Africa/Lagos] PHP Warning:  Undefined array key "setting_key" in /home/academixsuite/public_html/tenant/{school-slug}/admin/student-list.php on line 133
[23-Feb-2026 23:22:47 Africa/Lagos] PHP Warning:  Undefined array key "setting_value" in /home/academixsuite/public_html/tenant/{school-slug}/admin/student-list.php on line 133
[23-Feb-2026 23:22:47 Africa/Lagos] PHP Warning:  Undefined array key "setting_key" in /home/academixsuite/public_html/tenant/{school-slug}/admin/student-list.php on line 133
[23-Feb-2026 23:22:47 Africa/Lagos] PHP Warning:  Undefined array key "setting_value" in /home/academixsuite/public_html/tenant/{school-slug}/admin/student-list.php on line 133
[23-Feb-2026 23:22:47 Africa/Lagos] PHP Warning:  Undefined array key "setting_key" in /home/academixsuite/public_html/tenant/{school-slug}/admin/student-list.php on line 133
[23-Feb-2026 23:22:47 Africa/Lagos] PHP Warning:  Undefined array key "setting_value" in /home/academixsuite/public_html/tenant/{school-slug}/admin/student-list.php on line 133
[23-Feb-2026 23:22:47 Africa/Lagos] PHP Warning:  Undefined array key "setting_key" in /home/academixsuite/public_html/tenant/{school-slug}/admin/student-list.php on line 133
[23-Feb-2026 23:22:47 Africa/Lagos] PHP Warning:  Undefined array key "setting_value" in /home/academixsuite/public_html/tenant/{school-slug}/admin/student-list.php on line 133
[23-Feb-2026 23:22:47 Africa/Lagos] Error fetching student data: SQLSTATE[42S22]: Column not found: 1054 Unknown column 'u.role_id' in 'ON'
[23-Feb-2026 23:22:47 Africa/Lagos] === STUDENT LIST PAGE END ===
[23-Feb-2026 23:22:47 Africa/Lagos] ROUTER END: Successfully served /home/academixsuite/public_html/tenant/{school-slug}/admin/student-list.php
[24-Feb-2026 01:04:05 Africa/Lagos] === STUDENT LIST PAGE START ===
[24-Feb-2026 01:04:05 Africa/Lagos] Request URI: /tenant/bitflux-wallet-1771434696/admin/student-list.php
[24-Feb-2026 01:04:05 Africa/Lagos] Script: /home/academixsuite/public_html/tenant/{school-slug}/admin/student-list.php
[24-Feb-2026 01:04:05 Africa/Lagos] School database connection successful
[24-Feb-2026 01:04:05 Africa/Lagos] PHP Warning:  Undefined array key "setting_key" in /home/academixsuite/public_html/tenant/{school-slug}/admin/student-list.php on line 133
[24-Feb-2026 01:04:05 Africa/Lagos] PHP Warning:  Undefined array key "setting_value" in /home/academixsuite/public_html/tenant/{school-slug}/admin/student-list.php on line 133
[24-Feb-2026 01:04:05 Africa/Lagos] PHP Warning:  Undefined array key "setting_key" in /home/academixsuite/public_html/tenant/{school-slug}/admin/student-list.php on line 133
[24-Feb-2026 01:04:05 Africa/Lagos] PHP Warning:  Undefined array key "setting_value" in /home/academixsuite/public_html/tenant/{school-slug}/admin/student-list.php on line 133
[24-Feb-2026 01:04:05 Africa/Lagos] PHP Warning:  Undefined array key "setting_key" in /home/academixsuite/public_html/tenant/{school-slug}/admin/student-list.php on line 133
[24-Feb-2026 01:04:05 Africa/Lagos] PHP Warning:  Undefined array key "setting_value" in /home/academixsuite/public_html/tenant/{school-slug}/admin/student-list.php on line 133
[24-Feb-2026 01:04:05 Africa/Lagos] PHP Warning:  Undefined array key "setting_key" in /home/academixsuite/public_html/tenant/{school-slug}/admin/student-list.php on line 133
[24-Feb-2026 01:04:05 Africa/Lagos] PHP Warning:  Undefined array key "setting_value" in /home/academixsuite/public_html/tenant/{school-slug}/admin/student-list.php on line 133
[24-Feb-2026 01:04:05 Africa/Lagos] PHP Warning:  Undefined array key "setting_key" in /home/academixsuite/public_html/tenant/{school-slug}/admin/student-list.php on line 133
[24-Feb-2026 01:04:05 Africa/Lagos] PHP Warning:  Undefined array key "setting_value" in /home/academixsuite/public_html/tenant/{school-slug}/admin/student-list.php on line 133
[24-Feb-2026 01:04:05 Africa/Lagos] PHP Warning:  Undefined array key "setting_key" in /home/academixsuite/public_html/tenant/{school-slug}/admin/student-list.php on line 133
[24-Feb-2026 01:04:05 Africa/Lagos] PHP Warning:  Undefined array key "setting_value" in /home/academixsuite/public_html/tenant/{school-slug}/admin/student-list.php on line 133
[24-Feb-2026 01:04:05 Africa/Lagos] PHP Warning:  Undefined array key "setting_key" in /home/academixsuite/public_html/tenant/{school-slug}/admin/student-list.php on line 133
[24-Feb-2026 01:04:05 Africa/Lagos] PHP Warning:  Undefined array key "setting_value" in /home/academixsuite/public_html/tenant/{school-slug}/admin/student-list.php on line 133
[24-Feb-2026 01:04:05 Africa/Lagos] PHP Warning:  Undefined array key "setting_key" in /home/academixsuite/public_html/tenant/{school-slug}/admin/student-list.php on line 133
[24-Feb-2026 01:04:05 Africa/Lagos] PHP Warning:  Undefined array key "setting_value" in /home/academixsuite/public_html/tenant/{school-slug}/admin/student-list.php on line 133
[24-Feb-2026 01:04:05 Africa/Lagos] PHP Warning:  Undefined array key "setting_key" in /home/academixsuite/public_html/tenant/{school-slug}/admin/student-list.php on line 133
[24-Feb-2026 01:04:05 Africa/Lagos] PHP Warning:  Undefined array key "setting_value" in /home/academixsuite/public_html/tenant/{school-slug}/admin/student-list.php on line 133
[24-Feb-2026 01:04:05 Africa/Lagos] PHP Warning:  Undefined array key "setting_key" in /home/academixsuite/public_html/tenant/{school-slug}/admin/student-list.php on line 133
[24-Feb-2026 01:04:05 Africa/Lagos] PHP Warning:  Undefined array key "setting_value" in /home/academixsuite/public_html/tenant/{school-slug}/admin/student-list.php on line 133
[24-Feb-2026 01:04:05 Africa/Lagos] PHP Warning:  Undefined array key "setting_key" in /home/academixsuite/public_html/tenant/{school-slug}/admin/student-list.php on line 133
[24-Feb-2026 01:04:05 Africa/Lagos] PHP Warning:  Undefined array key "setting_value" in /home/academixsuite/public_html/tenant/{school-slug}/admin/student-list.php on line 133
[24-Feb-2026 01:04:05 Africa/Lagos] Error fetching student data: SQLSTATE[42S22]: Column not found: 1054 Unknown column 'u.role_id' in 'ON'
[24-Feb-2026 01:04:05 Africa/Lagos] === STUDENT LIST PAGE END ===
[24-Feb-2026 01:04:05 Africa/Lagos] ROUTER END: Successfully served /home/academixsuite/public_html/tenant/{school-slug}/admin/student-list.php
[24-Feb-2026 07:26:56 Africa/Lagos] === STUDENT LIST PAGE START ===
[24-Feb-2026 07:26:56 Africa/Lagos] Request URI: /tenant/bitflux-wallet-1771434696/admin/student-list.php
[24-Feb-2026 07:26:56 Africa/Lagos] Script: /home/academixsuite/public_html/tenant/{school-slug}/admin/student-list.php
[24-Feb-2026 07:26:56 Africa/Lagos] School database connection successful
[24-Feb-2026 07:26:56 Africa/Lagos] PHP Warning:  Undefined array key "setting_key" in /home/academixsuite/public_html/tenant/{school-slug}/admin/student-list.php on line 133
[24-Feb-2026 07:26:56 Africa/Lagos] PHP Warning:  Undefined array key "setting_value" in /home/academixsuite/public_html/tenant/{school-slug}/admin/student-list.php on line 133
[24-Feb-2026 07:26:56 Africa/Lagos] PHP Warning:  Undefined array key "setting_key" in /home/academixsuite/public_html/tenant/{school-slug}/admin/student-list.php on line 133
[24-Feb-2026 07:26:56 Africa/Lagos] PHP Warning:  Undefined array key "setting_value" in /home/academixsuite/public_html/tenant/{school-slug}/admin/student-list.php on line 133
[24-Feb-2026 07:26:56 Africa/Lagos] PHP Warning:  Undefined array key "setting_key" in /home/academixsuite/public_html/tenant/{school-slug}/admin/student-list.php on line 133
[24-Feb-2026 07:26:56 Africa/Lagos] PHP Warning:  Undefined array key "setting_value" in /home/academixsuite/public_html/tenant/{school-slug}/admin/student-list.php on line 133
[24-Feb-2026 07:26:56 Africa/Lagos] PHP Warning:  Undefined array key "setting_key" in /home/academixsuite/public_html/tenant/{school-slug}/admin/student-list.php on line 133
[24-Feb-2026 07:26:56 Africa/Lagos] PHP Warning:  Undefined array key "setting_value" in /home/academixsuite/public_html/tenant/{school-slug}/admin/student-list.php on line 133
[24-Feb-2026 07:26:56 Africa/Lagos] PHP Warning:  Undefined array key "setting_key" in /home/academixsuite/public_html/tenant/{school-slug}/admin/student-list.php on line 133
[24-Feb-2026 07:26:56 Africa/Lagos] PHP Warning:  Undefined array key "setting_value" in /home/academixsuite/public_html/tenant/{school-slug}/admin/student-list.php on line 133
[24-Feb-2026 07:26:56 Africa/Lagos] PHP Warning:  Undefined array key "setting_key" in /home/academixsuite/public_html/tenant/{school-slug}/admin/student-list.php on line 133
[24-Feb-2026 07:26:56 Africa/Lagos] PHP Warning:  Undefined array key "setting_value" in /home/academixsuite/public_html/tenant/{school-slug}/admin/student-list.php on line 133
[24-Feb-2026 07:26:56 Africa/Lagos] PHP Warning:  Undefined array key "setting_key" in /home/academixsuite/public_html/tenant/{school-slug}/admin/student-list.php on line 133
[24-Feb-2026 07:26:56 Africa/Lagos] PHP Warning:  Undefined array key "setting_value" in /home/academixsuite/public_html/tenant/{school-slug}/admin/student-list.php on line 133
[24-Feb-2026 07:26:56 Africa/Lagos] PHP Warning:  Undefined array key "setting_key" in /home/academixsuite/public_html/tenant/{school-slug}/admin/student-list.php on line 133
[24-Feb-2026 07:26:56 Africa/Lagos] PHP Warning:  Undefined array key "setting_value" in /home/academixsuite/public_html/tenant/{school-slug}/admin/student-list.php on line 133
[24-Feb-2026 07:26:56 Africa/Lagos] PHP Warning:  Undefined array key "setting_key" in /home/academixsuite/public_html/tenant/{school-slug}/admin/student-list.php on line 133
[24-Feb-2026 07:26:56 Africa/Lagos] PHP Warning:  Undefined array key "setting_value" in /home/academixsuite/public_html/tenant/{school-slug}/admin/student-list.php on line 133
[24-Feb-2026 07:26:56 Africa/Lagos] PHP Warning:  Undefined array key "setting_key" in /home/academixsuite/public_html/tenant/{school-slug}/admin/student-list.php on line 133
[24-Feb-2026 07:26:56 Africa/Lagos] PHP Warning:  Undefined array key "setting_value" in /home/academixsuite/public_html/tenant/{school-slug}/admin/student-list.php on line 133
[24-Feb-2026 07:26:56 Africa/Lagos] PHP Warning:  Undefined array key "setting_key" in /home/academixsuite/public_html/tenant/{school-slug}/admin/student-list.php on line 133
[24-Feb-2026 07:26:56 Africa/Lagos] PHP Warning:  Undefined array key "setting_value" in /home/academixsuite/public_html/tenant/{school-slug}/admin/student-list.php on line 133
[24-Feb-2026 07:26:56 Africa/Lagos] Error fetching student data: SQLSTATE[42S22]: Column not found: 1054 Unknown column 'u.role_id' in 'ON'
[24-Feb-2026 07:26:56 Africa/Lagos] === STUDENT LIST PAGE END ===
[24-Feb-2026 07:26:56 Africa/Lagos] ROUTER END: Successfully served /home/academixsuite/public_html/tenant/{school-slug}/admin/student-list.php
[24-Feb-2026 19:18:13 Africa/Lagos] === STUDENT LIST PAGE START ===
[24-Feb-2026 19:18:13 Africa/Lagos] Request URI: /tenant/bitflux-wallet-1771434696/admin/student-list.php
[24-Feb-2026 19:18:13 Africa/Lagos] Script: /home/academixsuite/public_html/tenant/{school-slug}/admin/student-list.php
[24-Feb-2026 19:18:13 Africa/Lagos] School database connection successful
[24-Feb-2026 19:18:13 Africa/Lagos] PHP Warning:  Undefined array key "setting_key" in /home/academixsuite/public_html/tenant/{school-slug}/admin/student-list.php on line 133
[24-Feb-2026 19:18:13 Africa/Lagos] PHP Warning:  Undefined array key "setting_value" in /home/academixsuite/public_html/tenant/{school-slug}/admin/student-list.php on line 133
[24-Feb-2026 19:18:13 Africa/Lagos] PHP Warning:  Undefined array key "setting_key" in /home/academixsuite/public_html/tenant/{school-slug}/admin/student-list.php on line 133
[24-Feb-2026 19:18:13 Africa/Lagos] PHP Warning:  Undefined array key "setting_value" in /home/academixsuite/public_html/tenant/{school-slug}/admin/student-list.php on line 133
[24-Feb-2026 19:18:13 Africa/Lagos] PHP Warning:  Undefined array key "setting_key" in /home/academixsuite/public_html/tenant/{school-slug}/admin/student-list.php on line 133
[24-Feb-2026 19:18:13 Africa/Lagos] PHP Warning:  Undefined array key "setting_value" in /home/academixsuite/public_html/tenant/{school-slug}/admin/student-list.php on line 133
[24-Feb-2026 19:18:13 Africa/Lagos] PHP Warning:  Undefined array key "setting_key" in /home/academixsuite/public_html/tenant/{school-slug}/admin/student-list.php on line 133
[24-Feb-2026 19:18:13 Africa/Lagos] PHP Warning:  Undefined array key "setting_value" in /home/academixsuite/public_html/tenant/{school-slug}/admin/student-list.php on line 133
[24-Feb-2026 19:18:13 Africa/Lagos] PHP Warning:  Undefined array key "setting_key" in /home/academixsuite/public_html/tenant/{school-slug}/admin/student-list.php on line 133
[24-Feb-2026 19:18:13 Africa/Lagos] PHP Warning:  Undefined array key "setting_value" in /home/academixsuite/public_html/tenant/{school-slug}/admin/student-list.php on line 133
[24-Feb-2026 19:18:13 Africa/Lagos] PHP Warning:  Undefined array key "setting_key" in /home/academixsuite/public_html/tenant/{school-slug}/admin/student-list.php on line 133
[24-Feb-2026 19:18:13 Africa/Lagos] PHP Warning:  Undefined array key "setting_value" in /home/academixsuite/public_html/tenant/{school-slug}/admin/student-list.php on line 133
[24-Feb-2026 19:18:13 Africa/Lagos] PHP Warning:  Undefined array key "setting_key" in /home/academixsuite/public_html/tenant/{school-slug}/admin/student-list.php on line 133
[24-Feb-2026 19:18:13 Africa/Lagos] PHP Warning:  Undefined array key "setting_value" in /home/academixsuite/public_html/tenant/{school-slug}/admin/student-list.php on line 133
[24-Feb-2026 19:18:13 Africa/Lagos] PHP Warning:  Undefined array key "setting_key" in /home/academixsuite/public_html/tenant/{school-slug}/admin/student-list.php on line 133
[24-Feb-2026 19:18:13 Africa/Lagos] PHP Warning:  Undefined array key "setting_value" in /home/academixsuite/public_html/tenant/{school-slug}/admin/student-list.php on line 133
[24-Feb-2026 19:18:13 Africa/Lagos] PHP Warning:  Undefined array key "setting_key" in /home/academixsuite/public_html/tenant/{school-slug}/admin/student-list.php on line 133
[24-Feb-2026 19:18:13 Africa/Lagos] PHP Warning:  Undefined array key "setting_value" in /home/academixsuite/public_html/tenant/{school-slug}/admin/student-list.php on line 133
[24-Feb-2026 19:18:13 Africa/Lagos] PHP Warning:  Undefined array key "setting_key" in /home/academixsuite/public_html/tenant/{school-slug}/admin/student-list.php on line 133
[24-Feb-2026 19:18:13 Africa/Lagos] PHP Warning:  Undefined array key "setting_value" in /home/academixsuite/public_html/tenant/{school-slug}/admin/student-list.php on line 133
[24-Feb-2026 19:18:13 Africa/Lagos] PHP Warning:  Undefined array key "setting_key" in /home/academixsuite/public_html/tenant/{school-slug}/admin/student-list.php on line 133
[24-Feb-2026 19:18:13 Africa/Lagos] PHP Warning:  Undefined array key "setting_value" in /home/academixsuite/public_html/tenant/{school-slug}/admin/student-list.php on line 133
[24-Feb-2026 19:18:13 Africa/Lagos] Error fetching student data: SQLSTATE[42S22]: Column not found: 1054 Unknown column 'u.role_id' in 'ON'
[24-Feb-2026 19:18:13 Africa/Lagos] === STUDENT LIST PAGE END ===
[24-Feb-2026 19:18:13 Africa/Lagos] ROUTER END: Successfully served /home/academixsuite/public_html/tenant/{school-slug}/admin/student-list.php
[25-Feb-2026 08:50:07 Africa/Lagos] === STUDENT LIST PAGE START ===
[25-Feb-2026 08:50:07 Africa/Lagos] Request URI: /tenant/bitflux-wallet-1771434696/admin/student-list.php
[25-Feb-2026 08:50:07 Africa/Lagos] Script: /home/academixsuite/public_html/tenant/{school-slug}/admin/student-list.php
[25-Feb-2026 08:50:07 Africa/Lagos] School database connection successful
[25-Feb-2026 08:50:07 Africa/Lagos] PHP Warning:  Undefined array key "setting_key" in /home/academixsuite/public_html/tenant/{school-slug}/admin/student-list.php on line 133
[25-Feb-2026 08:50:07 Africa/Lagos] PHP Warning:  Undefined array key "setting_value" in /home/academixsuite/public_html/tenant/{school-slug}/admin/student-list.php on line 133
[25-Feb-2026 08:50:07 Africa/Lagos] PHP Warning:  Undefined array key "setting_key" in /home/academixsuite/public_html/tenant/{school-slug}/admin/student-list.php on line 133
[25-Feb-2026 08:50:07 Africa/Lagos] PHP Warning:  Undefined array key "setting_value" in /home/academixsuite/public_html/tenant/{school-slug}/admin/student-list.php on line 133
[25-Feb-2026 08:50:07 Africa/Lagos] PHP Warning:  Undefined array key "setting_key" in /home/academixsuite/public_html/tenant/{school-slug}/admin/student-list.php on line 133
[25-Feb-2026 08:50:07 Africa/Lagos] PHP Warning:  Undefined array key "setting_value" in /home/academixsuite/public_html/tenant/{school-slug}/admin/student-list.php on line 133
[25-Feb-2026 08:50:07 Africa/Lagos] PHP Warning:  Undefined array key "setting_key" in /home/academixsuite/public_html/tenant/{school-slug}/admin/student-list.php on line 133
[25-Feb-2026 08:50:07 Africa/Lagos] PHP Warning:  Undefined array key "setting_value" in /home/academixsuite/public_html/tenant/{school-slug}/admin/student-list.php on line 133
[25-Feb-2026 08:50:07 Africa/Lagos] PHP Warning:  Undefined array key "setting_key" in /home/academixsuite/public_html/tenant/{school-slug}/admin/student-list.php on line 133
[25-Feb-2026 08:50:07 Africa/Lagos] PHP Warning:  Undefined array key "setting_value" in /home/academixsuite/public_html/tenant/{school-slug}/admin/student-list.php on line 133
[25-Feb-2026 08:50:07 Africa/Lagos] PHP Warning:  Undefined array key "setting_key" in /home/academixsuite/public_html/tenant/{school-slug}/admin/student-list.php on line 133
[25-Feb-2026 08:50:07 Africa/Lagos] PHP Warning:  Undefined array key "setting_value" in /home/academixsuite/public_html/tenant/{school-slug}/admin/student-list.php on line 133
[25-Feb-2026 08:50:07 Africa/Lagos] PHP Warning:  Undefined array key "setting_key" in /home/academixsuite/public_html/tenant/{school-slug}/admin/student-list.php on line 133
[25-Feb-2026 08:50:07 Africa/Lagos] PHP Warning:  Undefined array key "setting_value" in /home/academixsuite/public_html/tenant/{school-slug}/admin/student-list.php on line 133
[25-Feb-2026 08:50:07 Africa/Lagos] PHP Warning:  Undefined array key "setting_key" in /home/academixsuite/public_html/tenant/{school-slug}/admin/student-list.php on line 133
[25-Feb-2026 08:50:07 Africa/Lagos] PHP Warning:  Undefined array key "setting_value" in /home/academixsuite/public_html/tenant/{school-slug}/admin/student-list.php on line 133
[25-Feb-2026 08:50:07 Africa/Lagos] PHP Warning:  Undefined array key "setting_key" in /home/academixsuite/public_html/tenant/{school-slug}/admin/student-list.php on line 133
[25-Feb-2026 08:50:07 Africa/Lagos] PHP Warning:  Undefined array key "setting_value" in /home/academixsuite/public_html/tenant/{school-slug}/admin/student-list.php on line 133
[25-Feb-2026 08:50:07 Africa/Lagos] PHP Warning:  Undefined array key "setting_key" in /home/academixsuite/public_html/tenant/{school-slug}/admin/student-list.php on line 133
[25-Feb-2026 08:50:07 Africa/Lagos] PHP Warning:  Undefined array key "setting_value" in /home/academixsuite/public_html/tenant/{school-slug}/admin/student-list.php on line 133
[25-Feb-2026 08:50:07 Africa/Lagos] PHP Warning:  Undefined array key "setting_key" in /home/academixsuite/public_html/tenant/{school-slug}/admin/student-list.php on line 133
[25-Feb-2026 08:50:07 Africa/Lagos] PHP Warning:  Undefined array key "setting_value" in /home/academixsuite/public_html/tenant/{school-slug}/admin/student-list.php on line 133
[25-Feb-2026 08:50:07 Africa/Lagos] Error fetching student data: SQLSTATE[42S22]: Column not found: 1054 Unknown column 'u.role_id' in 'ON'
[25-Feb-2026 08:50:07 Africa/Lagos] === STUDENT LIST PAGE END ===
[25-Feb-2026 08:50:07 Africa/Lagos] ROUTER END: Successfully served /home/academixsuite/public_html/tenant/{school-slug}/admin/student-list.php
[03-Mar-2026 16:15:41 Africa/Lagos] === STUDENT LIST PAGE START ===
[03-Mar-2026 16:15:41 Africa/Lagos] Request URI: /tenant/bitflux-wallet-1771434696/admin/student-list.php
[03-Mar-2026 16:15:41 Africa/Lagos] Script: /home/academixsuite/public_html/tenant/{school-slug}/admin/student-list.php
[03-Mar-2026 16:15:41 Africa/Lagos] School database connection successful
[03-Mar-2026 16:15:41 Africa/Lagos] PHP Warning:  Undefined array key "setting_key" in /home/academixsuite/public_html/tenant/{school-slug}/admin/student-list.php on line 133
[03-Mar-2026 16:15:41 Africa/Lagos] PHP Warning:  Undefined array key "setting_value" in /home/academixsuite/public_html/tenant/{school-slug}/admin/student-list.php on line 133
[03-Mar-2026 16:15:41 Africa/Lagos] PHP Warning:  Undefined array key "setting_key" in /home/academixsuite/public_html/tenant/{school-slug}/admin/student-list.php on line 133
[03-Mar-2026 16:15:41 Africa/Lagos] PHP Warning:  Undefined array key "setting_value" in /home/academixsuite/public_html/tenant/{school-slug}/admin/student-list.php on line 133
[03-Mar-2026 16:15:41 Africa/Lagos] PHP Warning:  Undefined array key "setting_key" in /home/academixsuite/public_html/tenant/{school-slug}/admin/student-list.php on line 133
[03-Mar-2026 16:15:41 Africa/Lagos] PHP Warning:  Undefined array key "setting_value" in /home/academixsuite/public_html/tenant/{school-slug}/admin/student-list.php on line 133
[03-Mar-2026 16:15:41 Africa/Lagos] PHP Warning:  Undefined array key "setting_key" in /home/academixsuite/public_html/tenant/{school-slug}/admin/student-list.php on line 133
[03-Mar-2026 16:15:41 Africa/Lagos] PHP Warning:  Undefined array key "setting_value" in /home/academixsuite/public_html/tenant/{school-slug}/admin/student-list.php on line 133
[03-Mar-2026 16:15:41 Africa/Lagos] PHP Warning:  Undefined array key "setting_key" in /home/academixsuite/public_html/tenant/{school-slug}/admin/student-list.php on line 133
[03-Mar-2026 16:15:41 Africa/Lagos] PHP Warning:  Undefined array key "setting_value" in /home/academixsuite/public_html/tenant/{school-slug}/admin/student-list.php on line 133
[03-Mar-2026 16:15:41 Africa/Lagos] PHP Warning:  Undefined array key "setting_key" in /home/academixsuite/public_html/tenant/{school-slug}/admin/student-list.php on line 133
[03-Mar-2026 16:15:41 Africa/Lagos] PHP Warning:  Undefined array key "setting_value" in /home/academixsuite/public_html/tenant/{school-slug}/admin/student-list.php on line 133
[03-Mar-2026 16:15:41 Africa/Lagos] PHP Warning:  Undefined array key "setting_key" in /home/academixsuite/public_html/tenant/{school-slug}/admin/student-list.php on line 133
[03-Mar-2026 16:15:41 Africa/Lagos] PHP Warning:  Undefined array key "setting_value" in /home/academixsuite/public_html/tenant/{school-slug}/admin/student-list.php on line 133
[03-Mar-2026 16:15:41 Africa/Lagos] PHP Warning:  Undefined array key "setting_key" in /home/academixsuite/public_html/tenant/{school-slug}/admin/student-list.php on line 133
[03-Mar-2026 16:15:41 Africa/Lagos] PHP Warning:  Undefined array key "setting_value" in /home/academixsuite/public_html/tenant/{school-slug}/admin/student-list.php on line 133
[03-Mar-2026 16:15:41 Africa/Lagos] PHP Warning:  Undefined array key "setting_key" in /home/academixsuite/public_html/tenant/{school-slug}/admin/student-list.php on line 133
[03-Mar-2026 16:15:41 Africa/Lagos] PHP Warning:  Undefined array key "setting_value" in /home/academixsuite/public_html/tenant/{school-slug}/admin/student-list.php on line 133
[03-Mar-2026 16:15:41 Africa/Lagos] PHP Warning:  Undefined array key "setting_key" in /home/academixsuite/public_html/tenant/{school-slug}/admin/student-list.php on line 133
[03-Mar-2026 16:15:41 Africa/Lagos] PHP Warning:  Undefined array key "setting_value" in /home/academixsuite/public_html/tenant/{school-slug}/admin/student-list.php on line 133
[03-Mar-2026 16:15:41 Africa/Lagos] PHP Warning:  Undefined array key "setting_key" in /home/academixsuite/public_html/tenant/{school-slug}/admin/student-list.php on line 133
[03-Mar-2026 16:15:41 Africa/Lagos] PHP Warning:  Undefined array key "setting_value" in /home/academixsuite/public_html/tenant/{school-slug}/admin/student-list.php on line 133
[03-Mar-2026 16:15:41 Africa/Lagos] PHP Warning:  Undefined array key "setting_key" in /home/academixsuite/public_html/tenant/{school-slug}/admin/student-list.php on line 133
[03-Mar-2026 16:15:41 Africa/Lagos] PHP Warning:  Undefined array key "setting_value" in /home/academixsuite/public_html/tenant/{school-slug}/admin/student-list.php on line 133
[03-Mar-2026 16:15:41 Africa/Lagos] PHP Warning:  Undefined array key "setting_key" in /home/academixsuite/public_html/tenant/{school-slug}/admin/student-list.php on line 133
[03-Mar-2026 16:15:41 Africa/Lagos] PHP Warning:  Undefined array key "setting_value" in /home/academixsuite/public_html/tenant/{school-slug}/admin/student-list.php on line 133
[03-Mar-2026 16:15:41 Africa/Lagos] PHP Warning:  Undefined array key "setting_key" in /home/academixsuite/public_html/tenant/{school-slug}/admin/student-list.php on line 133
[03-Mar-2026 16:15:41 Africa/Lagos] PHP Warning:  Undefined array key "setting_value" in /home/academixsuite/public_html/tenant/{school-slug}/admin/student-list.php on line 133
[03-Mar-2026 16:15:41 Africa/Lagos] PHP Warning:  Undefined array key "setting_key" in /home/academixsuite/public_html/tenant/{school-slug}/admin/student-list.php on line 133
[03-Mar-2026 16:15:41 Africa/Lagos] PHP Warning:  Undefined array key "setting_value" in /home/academixsuite/public_html/tenant/{school-slug}/admin/student-list.php on line 133
[03-Mar-2026 16:15:41 Africa/Lagos] PHP Warning:  Undefined array key "setting_key" in /home/academixsuite/public_html/tenant/{school-slug}/admin/student-list.php on line 133
[03-Mar-2026 16:15:41 Africa/Lagos] PHP Warning:  Undefined array key "setting_value" in /home/academixsuite/public_html/tenant/{school-slug}/admin/student-list.php on line 133
[03-Mar-2026 16:15:41 Africa/Lagos] PHP Warning:  Undefined array key "setting_key" in /home/academixsuite/public_html/tenant/{school-slug}/admin/student-list.php on line 133
[03-Mar-2026 16:15:41 Africa/Lagos] PHP Warning:  Undefined array key "setting_value" in /home/academixsuite/public_html/tenant/{school-slug}/admin/student-list.php on line 133
[03-Mar-2026 16:15:41 Africa/Lagos] PHP Warning:  Undefined array key "setting_key" in /home/academixsuite/public_html/tenant/{school-slug}/admin/student-list.php on line 133
[03-Mar-2026 16:15:41 Africa/Lagos] PHP Warning:  Undefined array key "setting_value" in /home/academixsuite/public_html/tenant/{school-slug}/admin/student-list.php on line 133
[03-Mar-2026 16:15:41 Africa/Lagos] PHP Warning:  Undefined array key "setting_key" in /home/academixsuite/public_html/tenant/{school-slug}/admin/student-list.php on line 133
[03-Mar-2026 16:15:41 Africa/Lagos] PHP Warning:  Undefined array key "setting_value" in /home/academixsuite/public_html/tenant/{school-slug}/admin/student-list.php on line 133
[03-Mar-2026 16:15:41 Africa/Lagos] PHP Warning:  Undefined array key "setting_key" in /home/academixsuite/public_html/tenant/{school-slug}/admin/student-list.php on line 133
[03-Mar-2026 16:15:41 Africa/Lagos] PHP Warning:  Undefined array key "setting_value" in /home/academixsuite/public_html/tenant/{school-slug}/admin/student-list.php on line 133
[03-Mar-2026 16:15:41 Africa/Lagos] PHP Warning:  Undefined array key "setting_key" in /home/academixsuite/public_html/tenant/{school-slug}/admin/student-list.php on line 133
[03-Mar-2026 16:15:41 Africa/Lagos] PHP Warning:  Undefined array key "setting_value" in /home/academixsuite/public_html/tenant/{school-slug}/admin/student-list.php on line 133
[03-Mar-2026 16:15:41 Africa/Lagos] Error fetching student data: SQLSTATE[42S22]: Column not found: 1054 Unknown column 'u.role_id' in 'ON'
[03-Mar-2026 16:15:41 Africa/Lagos] === STUDENT LIST PAGE END ===
[03-Mar-2026 16:15:41 Africa/Lagos] ROUTER END: Successfully served /home/academixsuite/public_html/tenant/{school-slug}/admin/student-list.php
[03-Mar-2026 21:07:44 Africa/Lagos] === STUDENT LIST PAGE START ===
[03-Mar-2026 21:07:44 Africa/Lagos] Request URI: /tenant/bitflux-wallet-1771434696/admin/student-list.php
[03-Mar-2026 21:07:44 Africa/Lagos] Script: /home/academixsuite/public_html/tenant/{school-slug}/admin/student-list.php
[03-Mar-2026 21:07:44 Africa/Lagos] School database connection successful
[03-Mar-2026 21:07:44 Africa/Lagos] PHP Warning:  Undefined array key "setting_key" in /home/academixsuite/public_html/tenant/{school-slug}/admin/student-list.php on line 133
[03-Mar-2026 21:07:44 Africa/Lagos] PHP Warning:  Undefined array key "setting_value" in /home/academixsuite/public_html/tenant/{school-slug}/admin/student-list.php on line 133
[03-Mar-2026 21:07:44 Africa/Lagos] PHP Warning:  Undefined array key "setting_key" in /home/academixsuite/public_html/tenant/{school-slug}/admin/student-list.php on line 133
[03-Mar-2026 21:07:44 Africa/Lagos] PHP Warning:  Undefined array key "setting_value" in /home/academixsuite/public_html/tenant/{school-slug}/admin/student-list.php on line 133
[03-Mar-2026 21:07:44 Africa/Lagos] PHP Warning:  Undefined array key "setting_key" in /home/academixsuite/public_html/tenant/{school-slug}/admin/student-list.php on line 133
[03-Mar-2026 21:07:44 Africa/Lagos] PHP Warning:  Undefined array key "setting_value" in /home/academixsuite/public_html/tenant/{school-slug}/admin/student-list.php on line 133
[03-Mar-2026 21:07:44 Africa/Lagos] PHP Warning:  Undefined array key "setting_key" in /home/academixsuite/public_html/tenant/{school-slug}/admin/student-list.php on line 133
[03-Mar-2026 21:07:44 Africa/Lagos] PHP Warning:  Undefined array key "setting_value" in /home/academixsuite/public_html/tenant/{school-slug}/admin/student-list.php on line 133
[03-Mar-2026 21:07:44 Africa/Lagos] PHP Warning:  Undefined array key "setting_key" in /home/academixsuite/public_html/tenant/{school-slug}/admin/student-list.php on line 133
[03-Mar-2026 21:07:44 Africa/Lagos] PHP Warning:  Undefined array key "setting_value" in /home/academixsuite/public_html/tenant/{school-slug}/admin/student-list.php on line 133
[03-Mar-2026 21:07:44 Africa/Lagos] PHP Warning:  Undefined array key "setting_key" in /home/academixsuite/public_html/tenant/{school-slug}/admin/student-list.php on line 133
[03-Mar-2026 21:07:44 Africa/Lagos] PHP Warning:  Undefined array key "setting_value" in /home/academixsuite/public_html/tenant/{school-slug}/admin/student-list.php on line 133
[03-Mar-2026 21:07:44 Africa/Lagos] PHP Warning:  Undefined array key "setting_key" in /home/academixsuite/public_html/tenant/{school-slug}/admin/student-list.php on line 133
[03-Mar-2026 21:07:44 Africa/Lagos] PHP Warning:  Undefined array key "setting_value" in /home/academixsuite/public_html/tenant/{school-slug}/admin/student-list.php on line 133
[03-Mar-2026 21:07:44 Africa/Lagos] PHP Warning:  Undefined array key "setting_key" in /home/academixsuite/public_html/tenant/{school-slug}/admin/student-list.php on line 133
[03-Mar-2026 21:07:44 Africa/Lagos] PHP Warning:  Undefined array key "setting_value" in /home/academixsuite/public_html/tenant/{school-slug}/admin/student-list.php on line 133
[03-Mar-2026 21:07:44 Africa/Lagos] PHP Warning:  Undefined array key "setting_key" in /home/academixsuite/public_html/tenant/{school-slug}/admin/student-list.php on line 133
[03-Mar-2026 21:07:44 Africa/Lagos] PHP Warning:  Undefined array key "setting_value" in /home/academixsuite/public_html/tenant/{school-slug}/admin/student-list.php on line 133
[03-Mar-2026 21:07:44 Africa/Lagos] PHP Warning:  Undefined array key "setting_key" in /home/academixsuite/public_html/tenant/{school-slug}/admin/student-list.php on line 133
[03-Mar-2026 21:07:44 Africa/Lagos] PHP Warning:  Undefined array key "setting_value" in /home/academixsuite/public_html/tenant/{school-slug}/admin/student-list.php on line 133
[03-Mar-2026 21:07:44 Africa/Lagos] PHP Warning:  Undefined array key "setting_key" in /home/academixsuite/public_html/tenant/{school-slug}/admin/student-list.php on line 133
[03-Mar-2026 21:07:44 Africa/Lagos] PHP Warning:  Undefined array key "setting_value" in /home/academixsuite/public_html/tenant/{school-slug}/admin/student-list.php on line 133
[03-Mar-2026 21:07:44 Africa/Lagos] PHP Warning:  Undefined array key "setting_key" in /home/academixsuite/public_html/tenant/{school-slug}/admin/student-list.php on line 133
[03-Mar-2026 21:07:44 Africa/Lagos] PHP Warning:  Undefined array key "setting_value" in /home/academixsuite/public_html/tenant/{school-slug}/admin/student-list.php on line 133
[03-Mar-2026 21:07:44 Africa/Lagos] PHP Warning:  Undefined array key "setting_key" in /home/academixsuite/public_html/tenant/{school-slug}/admin/student-list.php on line 133
[03-Mar-2026 21:07:44 Africa/Lagos] PHP Warning:  Undefined array key "setting_value" in /home/academixsuite/public_html/tenant/{school-slug}/admin/student-list.php on line 133
[03-Mar-2026 21:07:44 Africa/Lagos] PHP Warning:  Undefined array key "setting_key" in /home/academixsuite/public_html/tenant/{school-slug}/admin/student-list.php on line 133
[03-Mar-2026 21:07:44 Africa/Lagos] PHP Warning:  Undefined array key "setting_value" in /home/academixsuite/public_html/tenant/{school-slug}/admin/student-list.php on line 133
[03-Mar-2026 21:07:44 Africa/Lagos] PHP Warning:  Undefined array key "setting_key" in /home/academixsuite/public_html/tenant/{school-slug}/admin/student-list.php on line 133
[03-Mar-2026 21:07:44 Africa/Lagos] PHP Warning:  Undefined array key "setting_value" in /home/academixsuite/public_html/tenant/{school-slug}/admin/student-list.php on line 133
[03-Mar-2026 21:07:44 Africa/Lagos] PHP Warning:  Undefined array key "setting_key" in /home/academixsuite/public_html/tenant/{school-slug}/admin/student-list.php on line 133
[03-Mar-2026 21:07:44 Africa/Lagos] PHP Warning:  Undefined array key "setting_value" in /home/academixsuite/public_html/tenant/{school-slug}/admin/student-list.php on line 133
[03-Mar-2026 21:07:44 Africa/Lagos] PHP Warning:  Undefined array key "setting_key" in /home/academixsuite/public_html/tenant/{school-slug}/admin/student-list.php on line 133
[03-Mar-2026 21:07:44 Africa/Lagos] PHP Warning:  Undefined array key "setting_value" in /home/academixsuite/public_html/tenant/{school-slug}/admin/student-list.php on line 133
[03-Mar-2026 21:07:44 Africa/Lagos] PHP Warning:  Undefined array key "setting_key" in /home/academixsuite/public_html/tenant/{school-slug}/admin/student-list.php on line 133
[03-Mar-2026 21:07:44 Africa/Lagos] PHP Warning:  Undefined array key "setting_value" in /home/academixsuite/public_html/tenant/{school-slug}/admin/student-list.php on line 133
[03-Mar-2026 21:07:44 Africa/Lagos] PHP Warning:  Undefined array key "setting_key" in /home/academixsuite/public_html/tenant/{school-slug}/admin/student-list.php on line 133
[03-Mar-2026 21:07:44 Africa/Lagos] PHP Warning:  Undefined array key "setting_value" in /home/academixsuite/public_html/tenant/{school-slug}/admin/student-list.php on line 133
[03-Mar-2026 21:07:44 Africa/Lagos] PHP Warning:  Undefined array key "setting_key" in /home/academixsuite/public_html/tenant/{school-slug}/admin/student-list.php on line 133
[03-Mar-2026 21:07:44 Africa/Lagos] PHP Warning:  Undefined array key "setting_value" in /home/academixsuite/public_html/tenant/{school-slug}/admin/student-list.php on line 133
[03-Mar-2026 21:07:44 Africa/Lagos] PHP Warning:  Undefined array key "setting_key" in /home/academixsuite/public_html/tenant/{school-slug}/admin/student-list.php on line 133
[03-Mar-2026 21:07:44 Africa/Lagos] PHP Warning:  Undefined array key "setting_value" in /home/academixsuite/public_html/tenant/{school-slug}/admin/student-list.php on line 133
[03-Mar-2026 21:07:44 Africa/Lagos] Error fetching student data: SQLSTATE[42S22]: Column not found: 1054 Unknown column 'u.role_id' in 'ON'
[03-Mar-2026 21:07:44 Africa/Lagos] === STUDENT LIST PAGE END ===
[03-Mar-2026 21:07:44 Africa/Lagos] ROUTER END: Successfully served /home/academixsuite/public_html/tenant/{school-slug}/admin/student-list.php
[03-Mar-2026 21:09:48 Africa/Lagos] === STUDENT LIST PAGE START ===
[03-Mar-2026 21:09:48 Africa/Lagos] Request URI: /tenant/bitflux-wallet-1771434696/admin/student-list.php
[03-Mar-2026 21:09:48 Africa/Lagos] Script: /home/academixsuite/public_html/tenant/{school-slug}/admin/student-list.php
[03-Mar-2026 21:09:48 Africa/Lagos] School database connection successful
[03-Mar-2026 21:09:48 Africa/Lagos] PHP Warning:  Undefined array key "setting_key" in /home/academixsuite/public_html/tenant/{school-slug}/admin/student-list.php on line 133
[03-Mar-2026 21:09:48 Africa/Lagos] PHP Warning:  Undefined array key "setting_value" in /home/academixsuite/public_html/tenant/{school-slug}/admin/student-list.php on line 133
[03-Mar-2026 21:09:48 Africa/Lagos] PHP Warning:  Undefined array key "setting_key" in /home/academixsuite/public_html/tenant/{school-slug}/admin/student-list.php on line 133
[03-Mar-2026 21:09:48 Africa/Lagos] PHP Warning:  Undefined array key "setting_value" in /home/academixsuite/public_html/tenant/{school-slug}/admin/student-list.php on line 133
[03-Mar-2026 21:09:48 Africa/Lagos] PHP Warning:  Undefined array key "setting_key" in /home/academixsuite/public_html/tenant/{school-slug}/admin/student-list.php on line 133
[03-Mar-2026 21:09:48 Africa/Lagos] PHP Warning:  Undefined array key "setting_value" in /home/academixsuite/public_html/tenant/{school-slug}/admin/student-list.php on line 133
[03-Mar-2026 21:09:48 Africa/Lagos] PHP Warning:  Undefined array key "setting_key" in /home/academixsuite/public_html/tenant/{school-slug}/admin/student-list.php on line 133
[03-Mar-2026 21:09:48 Africa/Lagos] PHP Warning:  Undefined array key "setting_value" in /home/academixsuite/public_html/tenant/{school-slug}/admin/student-list.php on line 133
[03-Mar-2026 21:09:48 Africa/Lagos] PHP Warning:  Undefined array key "setting_key" in /home/academixsuite/public_html/tenant/{school-slug}/admin/student-list.php on line 133
[03-Mar-2026 21:09:48 Africa/Lagos] PHP Warning:  Undefined array key "setting_value" in /home/academixsuite/public_html/tenant/{school-slug}/admin/student-list.php on line 133
[03-Mar-2026 21:09:48 Africa/Lagos] PHP Warning:  Undefined array key "setting_key" in /home/academixsuite/public_html/tenant/{school-slug}/admin/student-list.php on line 133
[03-Mar-2026 21:09:48 Africa/Lagos] PHP Warning:  Undefined array key "setting_value" in /home/academixsuite/public_html/tenant/{school-slug}/admin/student-list.php on line 133
[03-Mar-2026 21:09:48 Africa/Lagos] PHP Warning:  Undefined array key "setting_key" in /home/academixsuite/public_html/tenant/{school-slug}/admin/student-list.php on line 133
[03-Mar-2026 21:09:48 Africa/Lagos] PHP Warning:  Undefined array key "setting_value" in /home/academixsuite/public_html/tenant/{school-slug}/admin/student-list.php on line 133
[03-Mar-2026 21:09:48 Africa/Lagos] PHP Warning:  Undefined array key "setting_key" in /home/academixsuite/public_html/tenant/{school-slug}/admin/student-list.php on line 133
[03-Mar-2026 21:09:48 Africa/Lagos] PHP Warning:  Undefined array key "setting_value" in /home/academixsuite/public_html/tenant/{school-slug}/admin/student-list.php on line 133
[03-Mar-2026 21:09:48 Africa/Lagos] PHP Warning:  Undefined array key "setting_key" in /home/academixsuite/public_html/tenant/{school-slug}/admin/student-list.php on line 133
[03-Mar-2026 21:09:48 Africa/Lagos] PHP Warning:  Undefined array key "setting_value" in /home/academixsuite/public_html/tenant/{school-slug}/admin/student-list.php on line 133
[03-Mar-2026 21:09:48 Africa/Lagos] PHP Warning:  Undefined array key "setting_key" in /home/academixsuite/public_html/tenant/{school-slug}/admin/student-list.php on line 133
[03-Mar-2026 21:09:48 Africa/Lagos] PHP Warning:  Undefined array key "setting_value" in /home/academixsuite/public_html/tenant/{school-slug}/admin/student-list.php on line 133
[03-Mar-2026 21:09:48 Africa/Lagos] PHP Warning:  Undefined array key "setting_key" in /home/academixsuite/public_html/tenant/{school-slug}/admin/student-list.php on line 133
[03-Mar-2026 21:09:48 Africa/Lagos] PHP Warning:  Undefined array key "setting_value" in /home/academixsuite/public_html/tenant/{school-slug}/admin/student-list.php on line 133
[03-Mar-2026 21:09:48 Africa/Lagos] PHP Warning:  Undefined array key "setting_key" in /home/academixsuite/public_html/tenant/{school-slug}/admin/student-list.php on line 133
[03-Mar-2026 21:09:48 Africa/Lagos] PHP Warning:  Undefined array key "setting_value" in /home/academixsuite/public_html/tenant/{school-slug}/admin/student-list.php on line 133
[03-Mar-2026 21:09:48 Africa/Lagos] PHP Warning:  Undefined array key "setting_key" in /home/academixsuite/public_html/tenant/{school-slug}/admin/student-list.php on line 133
[03-Mar-2026 21:09:48 Africa/Lagos] PHP Warning:  Undefined array key "setting_value" in /home/academixsuite/public_html/tenant/{school-slug}/admin/student-list.php on line 133
[03-Mar-2026 21:09:48 Africa/Lagos] PHP Warning:  Undefined array key "setting_key" in /home/academixsuite/public_html/tenant/{school-slug}/admin/student-list.php on line 133
[03-Mar-2026 21:09:48 Africa/Lagos] PHP Warning:  Undefined array key "setting_value" in /home/academixsuite/public_html/tenant/{school-slug}/admin/student-list.php on line 133
[03-Mar-2026 21:09:48 Africa/Lagos] PHP Warning:  Undefined array key "setting_key" in /home/academixsuite/public_html/tenant/{school-slug}/admin/student-list.php on line 133
[03-Mar-2026 21:09:48 Africa/Lagos] PHP Warning:  Undefined array key "setting_value" in /home/academixsuite/public_html/tenant/{school-slug}/admin/student-list.php on line 133
[03-Mar-2026 21:09:48 Africa/Lagos] PHP Warning:  Undefined array key "setting_key" in /home/academixsuite/public_html/tenant/{school-slug}/admin/student-list.php on line 133
[03-Mar-2026 21:09:48 Africa/Lagos] PHP Warning:  Undefined array key "setting_value" in /home/academixsuite/public_html/tenant/{school-slug}/admin/student-list.php on line 133
[03-Mar-2026 21:09:48 Africa/Lagos] PHP Warning:  Undefined array key "setting_key" in /home/academixsuite/public_html/tenant/{school-slug}/admin/student-list.php on line 133
[03-Mar-2026 21:09:48 Africa/Lagos] PHP Warning:  Undefined array key "setting_value" in /home/academixsuite/public_html/tenant/{school-slug}/admin/student-list.php on line 133
[03-Mar-2026 21:09:48 Africa/Lagos] PHP Warning:  Undefined array key "setting_key" in /home/academixsuite/public_html/tenant/{school-slug}/admin/student-list.php on line 133
[03-Mar-2026 21:09:48 Africa/Lagos] PHP Warning:  Undefined array key "setting_value" in /home/academixsuite/public_html/tenant/{school-slug}/admin/student-list.php on line 133
[03-Mar-2026 21:09:48 Africa/Lagos] PHP Warning:  Undefined array key "setting_key" in /home/academixsuite/public_html/tenant/{school-slug}/admin/student-list.php on line 133
[03-Mar-2026 21:09:48 Africa/Lagos] PHP Warning:  Undefined array key "setting_value" in /home/academixsuite/public_html/tenant/{school-slug}/admin/student-list.php on line 133
[03-Mar-2026 21:09:48 Africa/Lagos] PHP Warning:  Undefined array key "setting_key" in /home/academixsuite/public_html/tenant/{school-slug}/admin/student-list.php on line 133
[03-Mar-2026 21:09:48 Africa/Lagos] PHP Warning:  Undefined array key "setting_value" in /home/academixsuite/public_html/tenant/{school-slug}/admin/student-list.php on line 133
[03-Mar-2026 21:09:48 Africa/Lagos] PHP Warning:  Undefined array key "setting_key" in /home/academixsuite/public_html/tenant/{school-slug}/admin/student-list.php on line 133
[03-Mar-2026 21:09:48 Africa/Lagos] PHP Warning:  Undefined array key "setting_value" in /home/academixsuite/public_html/tenant/{school-slug}/admin/student-list.php on line 133
[03-Mar-2026 21:09:48 Africa/Lagos] Error fetching student data: SQLSTATE[42S22]: Column not found: 1054 Unknown column 'u.role_id' in 'ON'
[03-Mar-2026 21:09:48 Africa/Lagos] === STUDENT LIST PAGE END ===
[03-Mar-2026 21:09:48 Africa/Lagos] ROUTER END: Successfully served /home/academixsuite/public_html/tenant/{school-slug}/admin/student-list.php
[03-Mar-2026 21:10:17 Africa/Lagos] === STUDENT LIST PAGE START ===
[03-Mar-2026 21:10:17 Africa/Lagos] Request URI: /tenant/bitflux-wallet-1771434696/admin/student-list.php
[03-Mar-2026 21:10:17 Africa/Lagos] Script: /home/academixsuite/public_html/tenant/{school-slug}/admin/student-list.php
[03-Mar-2026 21:10:17 Africa/Lagos] School database connection successful
[03-Mar-2026 21:10:17 Africa/Lagos] PHP Warning:  Undefined array key "setting_key" in /home/academixsuite/public_html/tenant/{school-slug}/admin/student-list.php on line 133
[03-Mar-2026 21:10:17 Africa/Lagos] PHP Warning:  Undefined array key "setting_value" in /home/academixsuite/public_html/tenant/{school-slug}/admin/student-list.php on line 133
[03-Mar-2026 21:10:17 Africa/Lagos] PHP Warning:  Undefined array key "setting_key" in /home/academixsuite/public_html/tenant/{school-slug}/admin/student-list.php on line 133
[03-Mar-2026 21:10:17 Africa/Lagos] PHP Warning:  Undefined array key "setting_value" in /home/academixsuite/public_html/tenant/{school-slug}/admin/student-list.php on line 133
[03-Mar-2026 21:10:17 Africa/Lagos] PHP Warning:  Undefined array key "setting_key" in /home/academixsuite/public_html/tenant/{school-slug}/admin/student-list.php on line 133
[03-Mar-2026 21:10:17 Africa/Lagos] PHP Warning:  Undefined array key "setting_value" in /home/academixsuite/public_html/tenant/{school-slug}/admin/student-list.php on line 133
[03-Mar-2026 21:10:17 Africa/Lagos] PHP Warning:  Undefined array key "setting_key" in /home/academixsuite/public_html/tenant/{school-slug}/admin/student-list.php on line 133
[03-Mar-2026 21:10:17 Africa/Lagos] PHP Warning:  Undefined array key "setting_value" in /home/academixsuite/public_html/tenant/{school-slug}/admin/student-list.php on line 133
[03-Mar-2026 21:10:17 Africa/Lagos] PHP Warning:  Undefined array key "setting_key" in /home/academixsuite/public_html/tenant/{school-slug}/admin/student-list.php on line 133
[03-Mar-2026 21:10:17 Africa/Lagos] PHP Warning:  Undefined array key "setting_value" in /home/academixsuite/public_html/tenant/{school-slug}/admin/student-list.php on line 133
[03-Mar-2026 21:10:17 Africa/Lagos] PHP Warning:  Undefined array key "setting_key" in /home/academixsuite/public_html/tenant/{school-slug}/admin/student-list.php on line 133
[03-Mar-2026 21:10:17 Africa/Lagos] PHP Warning:  Undefined array key "setting_value" in /home/academixsuite/public_html/tenant/{school-slug}/admin/student-list.php on line 133
[03-Mar-2026 21:10:17 Africa/Lagos] PHP Warning:  Undefined array key "setting_key" in /home/academixsuite/public_html/tenant/{school-slug}/admin/student-list.php on line 133
[03-Mar-2026 21:10:17 Africa/Lagos] PHP Warning:  Undefined array key "setting_value" in /home/academixsuite/public_html/tenant/{school-slug}/admin/student-list.php on line 133
[03-Mar-2026 21:10:17 Africa/Lagos] PHP Warning:  Undefined array key "setting_key" in /home/academixsuite/public_html/tenant/{school-slug}/admin/student-list.php on line 133
[03-Mar-2026 21:10:17 Africa/Lagos] PHP Warning:  Undefined array key "setting_value" in /home/academixsuite/public_html/tenant/{school-slug}/admin/student-list.php on line 133
[03-Mar-2026 21:10:17 Africa/Lagos] PHP Warning:  Undefined array key "setting_key" in /home/academixsuite/public_html/tenant/{school-slug}/admin/student-list.php on line 133
[03-Mar-2026 21:10:17 Africa/Lagos] PHP Warning:  Undefined array key "setting_value" in /home/academixsuite/public_html/tenant/{school-slug}/admin/student-list.php on line 133
[03-Mar-2026 21:10:17 Africa/Lagos] PHP Warning:  Undefined array key "setting_key" in /home/academixsuite/public_html/tenant/{school-slug}/admin/student-list.php on line 133
[03-Mar-2026 21:10:17 Africa/Lagos] PHP Warning:  Undefined array key "setting_value" in /home/academixsuite/public_html/tenant/{school-slug}/admin/student-list.php on line 133
[03-Mar-2026 21:10:17 Africa/Lagos] PHP Warning:  Undefined array key "setting_key" in /home/academixsuite/public_html/tenant/{school-slug}/admin/student-list.php on line 133
[03-Mar-2026 21:10:17 Africa/Lagos] PHP Warning:  Undefined array key "setting_value" in /home/academixsuite/public_html/tenant/{school-slug}/admin/student-list.php on line 133
[03-Mar-2026 21:10:17 Africa/Lagos] PHP Warning:  Undefined array key "setting_key" in /home/academixsuite/public_html/tenant/{school-slug}/admin/student-list.php on line 133
[03-Mar-2026 21:10:17 Africa/Lagos] PHP Warning:  Undefined array key "setting_value" in /home/academixsuite/public_html/tenant/{school-slug}/admin/student-list.php on line 133
[03-Mar-2026 21:10:17 Africa/Lagos] PHP Warning:  Undefined array key "setting_key" in /home/academixsuite/public_html/tenant/{school-slug}/admin/student-list.php on line 133
[03-Mar-2026 21:10:17 Africa/Lagos] PHP Warning:  Undefined array key "setting_value" in /home/academixsuite/public_html/tenant/{school-slug}/admin/student-list.php on line 133
[03-Mar-2026 21:10:17 Africa/Lagos] PHP Warning:  Undefined array key "setting_key" in /home/academixsuite/public_html/tenant/{school-slug}/admin/student-list.php on line 133
[03-Mar-2026 21:10:17 Africa/Lagos] PHP Warning:  Undefined array key "setting_value" in /home/academixsuite/public_html/tenant/{school-slug}/admin/student-list.php on line 133
[03-Mar-2026 21:10:17 Africa/Lagos] PHP Warning:  Undefined array key "setting_key" in /home/academixsuite/public_html/tenant/{school-slug}/admin/student-list.php on line 133
[03-Mar-2026 21:10:17 Africa/Lagos] PHP Warning:  Undefined array key "setting_value" in /home/academixsuite/public_html/tenant/{school-slug}/admin/student-list.php on line 133
[03-Mar-2026 21:10:17 Africa/Lagos] PHP Warning:  Undefined array key "setting_key" in /home/academixsuite/public_html/tenant/{school-slug}/admin/student-list.php on line 133
[03-Mar-2026 21:10:17 Africa/Lagos] PHP Warning:  Undefined array key "setting_value" in /home/academixsuite/public_html/tenant/{school-slug}/admin/student-list.php on line 133
[03-Mar-2026 21:10:17 Africa/Lagos] PHP Warning:  Undefined array key "setting_key" in /home/academixsuite/public_html/tenant/{school-slug}/admin/student-list.php on line 133
[03-Mar-2026 21:10:17 Africa/Lagos] PHP Warning:  Undefined array key "setting_value" in /home/academixsuite/public_html/tenant/{school-slug}/admin/student-list.php on line 133
[03-Mar-2026 21:10:17 Africa/Lagos] PHP Warning:  Undefined array key "setting_key" in /home/academixsuite/public_html/tenant/{school-slug}/admin/student-list.php on line 133
[03-Mar-2026 21:10:17 Africa/Lagos] PHP Warning:  Undefined array key "setting_value" in /home/academixsuite/public_html/tenant/{school-slug}/admin/student-list.php on line 133
[03-Mar-2026 21:10:17 Africa/Lagos] PHP Warning:  Undefined array key "setting_key" in /home/academixsuite/public_html/tenant/{school-slug}/admin/student-list.php on line 133
[03-Mar-2026 21:10:17 Africa/Lagos] PHP Warning:  Undefined array key "setting_value" in /home/academixsuite/public_html/tenant/{school-slug}/admin/student-list.php on line 133
[03-Mar-2026 21:10:17 Africa/Lagos] PHP Warning:  Undefined array key "setting_key" in /home/academixsuite/public_html/tenant/{school-slug}/admin/student-list.php on line 133
[03-Mar-2026 21:10:17 Africa/Lagos] PHP Warning:  Undefined array key "setting_value" in /home/academixsuite/public_html/tenant/{school-slug}/admin/student-list.php on line 133
[03-Mar-2026 21:10:17 Africa/Lagos] PHP Warning:  Undefined array key "setting_key" in /home/academixsuite/public_html/tenant/{school-slug}/admin/student-list.php on line 133
[03-Mar-2026 21:10:17 Africa/Lagos] PHP Warning:  Undefined array key "setting_value" in /home/academixsuite/public_html/tenant/{school-slug}/admin/student-list.php on line 133
[03-Mar-2026 21:10:17 Africa/Lagos] Error fetching student data: SQLSTATE[42S22]: Column not found: 1054 Unknown column 'u.role_id' in 'ON'
[03-Mar-2026 21:10:17 Africa/Lagos] === STUDENT LIST PAGE END ===
[03-Mar-2026 21:10:17 Africa/Lagos] ROUTER END: Successfully served /home/academixsuite/public_html/tenant/{school-slug}/admin/student-list.php
[03-Mar-2026 21:33:50 Africa/Lagos] === STUDENT LIST PAGE START ===
[03-Mar-2026 21:33:50 Africa/Lagos] Request URI: /tenant/bitflux-wallet-1771434696/admin/student-list.php
[03-Mar-2026 21:33:50 Africa/Lagos] Script: /home/academixsuite/public_html/tenant/{school-slug}/admin/student-list.php
[03-Mar-2026 21:33:50 Africa/Lagos] School database connection successful
[03-Mar-2026 21:33:50 Africa/Lagos] PHP Warning:  Undefined array key "setting_key" in /home/academixsuite/public_html/tenant/{school-slug}/admin/student-list.php on line 133
[03-Mar-2026 21:33:50 Africa/Lagos] PHP Warning:  Undefined array key "setting_value" in /home/academixsuite/public_html/tenant/{school-slug}/admin/student-list.php on line 133
[03-Mar-2026 21:33:50 Africa/Lagos] PHP Warning:  Undefined array key "setting_key" in /home/academixsuite/public_html/tenant/{school-slug}/admin/student-list.php on line 133
[03-Mar-2026 21:33:50 Africa/Lagos] PHP Warning:  Undefined array key "setting_value" in /home/academixsuite/public_html/tenant/{school-slug}/admin/student-list.php on line 133
[03-Mar-2026 21:33:50 Africa/Lagos] PHP Warning:  Undefined array key "setting_key" in /home/academixsuite/public_html/tenant/{school-slug}/admin/student-list.php on line 133
[03-Mar-2026 21:33:50 Africa/Lagos] PHP Warning:  Undefined array key "setting_value" in /home/academixsuite/public_html/tenant/{school-slug}/admin/student-list.php on line 133
[03-Mar-2026 21:33:50 Africa/Lagos] PHP Warning:  Undefined array key "setting_key" in /home/academixsuite/public_html/tenant/{school-slug}/admin/student-list.php on line 133
[03-Mar-2026 21:33:50 Africa/Lagos] PHP Warning:  Undefined array key "setting_value" in /home/academixsuite/public_html/tenant/{school-slug}/admin/student-list.php on line 133
[03-Mar-2026 21:33:50 Africa/Lagos] PHP Warning:  Undefined array key "setting_key" in /home/academixsuite/public_html/tenant/{school-slug}/admin/student-list.php on line 133
[03-Mar-2026 21:33:50 Africa/Lagos] PHP Warning:  Undefined array key "setting_value" in /home/academixsuite/public_html/tenant/{school-slug}/admin/student-list.php on line 133
[03-Mar-2026 21:33:50 Africa/Lagos] PHP Warning:  Undefined array key "setting_key" in /home/academixsuite/public_html/tenant/{school-slug}/admin/student-list.php on line 133
[03-Mar-2026 21:33:50 Africa/Lagos] PHP Warning:  Undefined array key "setting_value" in /home/academixsuite/public_html/tenant/{school-slug}/admin/student-list.php on line 133
[03-Mar-2026 21:33:50 Africa/Lagos] PHP Warning:  Undefined array key "setting_key" in /home/academixsuite/public_html/tenant/{school-slug}/admin/student-list.php on line 133
[03-Mar-2026 21:33:50 Africa/Lagos] PHP Warning:  Undefined array key "setting_value" in /home/academixsuite/public_html/tenant/{school-slug}/admin/student-list.php on line 133
[03-Mar-2026 21:33:50 Africa/Lagos] PHP Warning:  Undefined array key "setting_key" in /home/academixsuite/public_html/tenant/{school-slug}/admin/student-list.php on line 133
[03-Mar-2026 21:33:50 Africa/Lagos] PHP Warning:  Undefined array key "setting_value" in /home/academixsuite/public_html/tenant/{school-slug}/admin/student-list.php on line 133
[03-Mar-2026 21:33:50 Africa/Lagos] PHP Warning:  Undefined array key "setting_key" in /home/academixsuite/public_html/tenant/{school-slug}/admin/student-list.php on line 133
[03-Mar-2026 21:33:50 Africa/Lagos] PHP Warning:  Undefined array key "setting_value" in /home/academixsuite/public_html/tenant/{school-slug}/admin/student-list.php on line 133
[03-Mar-2026 21:33:50 Africa/Lagos] PHP Warning:  Undefined array key "setting_key" in /home/academixsuite/public_html/tenant/{school-slug}/admin/student-list.php on line 133
[03-Mar-2026 21:33:50 Africa/Lagos] PHP Warning:  Undefined array key "setting_value" in /home/academixsuite/public_html/tenant/{school-slug}/admin/student-list.php on line 133
[03-Mar-2026 21:33:50 Africa/Lagos] PHP Warning:  Undefined array key "setting_key" in /home/academixsuite/public_html/tenant/{school-slug}/admin/student-list.php on line 133
[03-Mar-2026 21:33:50 Africa/Lagos] PHP Warning:  Undefined array key "setting_value" in /home/academixsuite/public_html/tenant/{school-slug}/admin/student-list.php on line 133
[03-Mar-2026 21:33:50 Africa/Lagos] PHP Warning:  Undefined array key "setting_key" in /home/academixsuite/public_html/tenant/{school-slug}/admin/student-list.php on line 133
[03-Mar-2026 21:33:50 Africa/Lagos] PHP Warning:  Undefined array key "setting_value" in /home/academixsuite/public_html/tenant/{school-slug}/admin/student-list.php on line 133
[03-Mar-2026 21:33:50 Africa/Lagos] PHP Warning:  Undefined array key "setting_key" in /home/academixsuite/public_html/tenant/{school-slug}/admin/student-list.php on line 133
[03-Mar-2026 21:33:50 Africa/Lagos] PHP Warning:  Undefined array key "setting_value" in /home/academixsuite/public_html/tenant/{school-slug}/admin/student-list.php on line 133
[03-Mar-2026 21:33:50 Africa/Lagos] PHP Warning:  Undefined array key "setting_key" in /home/academixsuite/public_html/tenant/{school-slug}/admin/student-list.php on line 133
[03-Mar-2026 21:33:50 Africa/Lagos] PHP Warning:  Undefined array key "setting_value" in /home/academixsuite/public_html/tenant/{school-slug}/admin/student-list.php on line 133
[03-Mar-2026 21:33:50 Africa/Lagos] PHP Warning:  Undefined array key "setting_key" in /home/academixsuite/public_html/tenant/{school-slug}/admin/student-list.php on line 133
[03-Mar-2026 21:33:50 Africa/Lagos] PHP Warning:  Undefined array key "setting_value" in /home/academixsuite/public_html/tenant/{school-slug}/admin/student-list.php on line 133
[03-Mar-2026 21:33:50 Africa/Lagos] PHP Warning:  Undefined array key "setting_key" in /home/academixsuite/public_html/tenant/{school-slug}/admin/student-list.php on line 133
[03-Mar-2026 21:33:50 Africa/Lagos] PHP Warning:  Undefined array key "setting_value" in /home/academixsuite/public_html/tenant/{school-slug}/admin/student-list.php on line 133
[03-Mar-2026 21:33:50 Africa/Lagos] PHP Warning:  Undefined array key "setting_key" in /home/academixsuite/public_html/tenant/{school-slug}/admin/student-list.php on line 133
[03-Mar-2026 21:33:50 Africa/Lagos] PHP Warning:  Undefined array key "setting_value" in /home/academixsuite/public_html/tenant/{school-slug}/admin/student-list.php on line 133
[03-Mar-2026 21:33:50 Africa/Lagos] PHP Warning:  Undefined array key "setting_key" in /home/academixsuite/public_html/tenant/{school-slug}/admin/student-list.php on line 133
[03-Mar-2026 21:33:50 Africa/Lagos] PHP Warning:  Undefined array key "setting_value" in /home/academixsuite/public_html/tenant/{school-slug}/admin/student-list.php on line 133
[03-Mar-2026 21:33:50 Africa/Lagos] PHP Warning:  Undefined array key "setting_key" in /home/academixsuite/public_html/tenant/{school-slug}/admin/student-list.php on line 133
[03-Mar-2026 21:33:50 Africa/Lagos] PHP Warning:  Undefined array key "setting_value" in /home/academixsuite/public_html/tenant/{school-slug}/admin/student-list.php on line 133
[03-Mar-2026 21:33:50 Africa/Lagos] PHP Warning:  Undefined array key "setting_key" in /home/academixsuite/public_html/tenant/{school-slug}/admin/student-list.php on line 133
[03-Mar-2026 21:33:50 Africa/Lagos] PHP Warning:  Undefined array key "setting_value" in /home/academixsuite/public_html/tenant/{school-slug}/admin/student-list.php on line 133
[03-Mar-2026 21:33:50 Africa/Lagos] PHP Warning:  Undefined array key "setting_key" in /home/academixsuite/public_html/tenant/{school-slug}/admin/student-list.php on line 133
[03-Mar-2026 21:33:50 Africa/Lagos] PHP Warning:  Undefined array key "setting_value" in /home/academixsuite/public_html/tenant/{school-slug}/admin/student-list.php on line 133
[03-Mar-2026 21:33:50 Africa/Lagos] Error fetching student data: SQLSTATE[42S22]: Column not found: 1054 Unknown column 'u.role_id' in 'ON'
[03-Mar-2026 21:33:50 Africa/Lagos] === STUDENT LIST PAGE END ===
[03-Mar-2026 21:33:50 Africa/Lagos] ROUTER END: Successfully served /home/academixsuite/public_html/tenant/{school-slug}/admin/student-list.php
[04-Mar-2026 21:33:50 Africa/Lagos] === STUDENT LIST PAGE START ===
[04-Mar-2026 21:33:50 Africa/Lagos] Request URI: /tenant/bitflux-wallet-1771434696/admin/student-list.php
[04-Mar-2026 21:33:50 Africa/Lagos] Script: /home/academixsuite/public_html/tenant/{school-slug}/admin/student-list.php
[04-Mar-2026 21:33:50 Africa/Lagos] School database connection successful
[04-Mar-2026 21:33:50 Africa/Lagos] PHP Warning:  Undefined array key "setting_key" in /home/academixsuite/public_html/tenant/{school-slug}/admin/student-list.php on line 133
[04-Mar-2026 21:33:50 Africa/Lagos] PHP Warning:  Undefined array key "setting_value" in /home/academixsuite/public_html/tenant/{school-slug}/admin/student-list.php on line 133
[04-Mar-2026 21:33:50 Africa/Lagos] PHP Warning:  Undefined array key "setting_key" in /home/academixsuite/public_html/tenant/{school-slug}/admin/student-list.php on line 133
[04-Mar-2026 21:33:50 Africa/Lagos] PHP Warning:  Undefined array key "setting_value" in /home/academixsuite/public_html/tenant/{school-slug}/admin/student-list.php on line 133
[04-Mar-2026 21:33:50 Africa/Lagos] PHP Warning:  Undefined array key "setting_key" in /home/academixsuite/public_html/tenant/{school-slug}/admin/student-list.php on line 133
[04-Mar-2026 21:33:50 Africa/Lagos] PHP Warning:  Undefined array key "setting_value" in /home/academixsuite/public_html/tenant/{school-slug}/admin/student-list.php on line 133
[04-Mar-2026 21:33:50 Africa/Lagos] PHP Warning:  Undefined array key "setting_key" in /home/academixsuite/public_html/tenant/{school-slug}/admin/student-list.php on line 133
[04-Mar-2026 21:33:50 Africa/Lagos] PHP Warning:  Undefined array key "setting_value" in /home/academixsuite/public_html/tenant/{school-slug}/admin/student-list.php on line 133
[04-Mar-2026 21:33:50 Africa/Lagos] PHP Warning:  Undefined array key "setting_key" in /home/academixsuite/public_html/tenant/{school-slug}/admin/student-list.php on line 133
[04-Mar-2026 21:33:50 Africa/Lagos] PHP Warning:  Undefined array key "setting_value" in /home/academixsuite/public_html/tenant/{school-slug}/admin/student-list.php on line 133
[04-Mar-2026 21:33:50 Africa/Lagos] PHP Warning:  Undefined array key "setting_key" in /home/academixsuite/public_html/tenant/{school-slug}/admin/student-list.php on line 133
[04-Mar-2026 21:33:50 Africa/Lagos] PHP Warning:  Undefined array key "setting_value" in /home/academixsuite/public_html/tenant/{school-slug}/admin/student-list.php on line 133
[04-Mar-2026 21:33:50 Africa/Lagos] PHP Warning:  Undefined array key "setting_key" in /home/academixsuite/public_html/tenant/{school-slug}/admin/student-list.php on line 133
[04-Mar-2026 21:33:50 Africa/Lagos] PHP Warning:  Undefined array key "setting_value" in /home/academixsuite/public_html/tenant/{school-slug}/admin/student-list.php on line 133
[04-Mar-2026 21:33:50 Africa/Lagos] PHP Warning:  Undefined array key "setting_key" in /home/academixsuite/public_html/tenant/{school-slug}/admin/student-list.php on line 133
[04-Mar-2026 21:33:50 Africa/Lagos] PHP Warning:  Undefined array key "setting_value" in /home/academixsuite/public_html/tenant/{school-slug}/admin/student-list.php on line 133
[04-Mar-2026 21:33:50 Africa/Lagos] PHP Warning:  Undefined array key "setting_key" in /home/academixsuite/public_html/tenant/{school-slug}/admin/student-list.php on line 133
[04-Mar-2026 21:33:50 Africa/Lagos] PHP Warning:  Undefined array key "setting_value" in /home/academixsuite/public_html/tenant/{school-slug}/admin/student-list.php on line 133
[04-Mar-2026 21:33:50 Africa/Lagos] PHP Warning:  Undefined array key "setting_key" in /home/academixsuite/public_html/tenant/{school-slug}/admin/student-list.php on line 133
[04-Mar-2026 21:33:50 Africa/Lagos] PHP Warning:  Undefined array key "setting_value" in /home/academixsuite/public_html/tenant/{school-slug}/admin/student-list.php on line 133
[04-Mar-2026 21:33:50 Africa/Lagos] PHP Warning:  Undefined array key "setting_key" in /home/academixsuite/public_html/tenant/{school-slug}/admin/student-list.php on line 133
[04-Mar-2026 21:33:50 Africa/Lagos] PHP Warning:  Undefined array key "setting_value" in /home/academixsuite/public_html/tenant/{school-slug}/admin/student-list.php on line 133
[04-Mar-2026 21:33:50 Africa/Lagos] PHP Warning:  Undefined array key "setting_key" in /home/academixsuite/public_html/tenant/{school-slug}/admin/student-list.php on line 133
[04-Mar-2026 21:33:50 Africa/Lagos] PHP Warning:  Undefined array key "setting_value" in /home/academixsuite/public_html/tenant/{school-slug}/admin/student-list.php on line 133
[04-Mar-2026 21:33:50 Africa/Lagos] PHP Warning:  Undefined array key "setting_key" in /home/academixsuite/public_html/tenant/{school-slug}/admin/student-list.php on line 133
[04-Mar-2026 21:33:50 Africa/Lagos] PHP Warning:  Undefined array key "setting_value" in /home/academixsuite/public_html/tenant/{school-slug}/admin/student-list.php on line 133
[04-Mar-2026 21:33:50 Africa/Lagos] PHP Warning:  Undefined array key "setting_key" in /home/academixsuite/public_html/tenant/{school-slug}/admin/student-list.php on line 133
[04-Mar-2026 21:33:50 Africa/Lagos] PHP Warning:  Undefined array key "setting_value" in /home/academixsuite/public_html/tenant/{school-slug}/admin/student-list.php on line 133
[04-Mar-2026 21:33:50 Africa/Lagos] PHP Warning:  Undefined array key "setting_key" in /home/academixsuite/public_html/tenant/{school-slug}/admin/student-list.php on line 133
[04-Mar-2026 21:33:50 Africa/Lagos] PHP Warning:  Undefined array key "setting_value" in /home/academixsuite/public_html/tenant/{school-slug}/admin/student-list.php on line 133
[04-Mar-2026 21:33:50 Africa/Lagos] PHP Warning:  Undefined array key "setting_key" in /home/academixsuite/public_html/tenant/{school-slug}/admin/student-list.php on line 133
[04-Mar-2026 21:33:50 Africa/Lagos] PHP Warning:  Undefined array key "setting_value" in /home/academixsuite/public_html/tenant/{school-slug}/admin/student-list.php on line 133
[04-Mar-2026 21:33:50 Africa/Lagos] PHP Warning:  Undefined array key "setting_key" in /home/academixsuite/public_html/tenant/{school-slug}/admin/student-list.php on line 133
[04-Mar-2026 21:33:50 Africa/Lagos] PHP Warning:  Undefined array key "setting_value" in /home/academixsuite/public_html/tenant/{school-slug}/admin/student-list.php on line 133
[04-Mar-2026 21:33:50 Africa/Lagos] PHP Warning:  Undefined array key "setting_key" in /home/academixsuite/public_html/tenant/{school-slug}/admin/student-list.php on line 133
[04-Mar-2026 21:33:50 Africa/Lagos] PHP Warning:  Undefined array key "setting_value" in /home/academixsuite/public_html/tenant/{school-slug}/admin/student-list.php on line 133
[04-Mar-2026 21:33:50 Africa/Lagos] PHP Warning:  Undefined array key "setting_key" in /home/academixsuite/public_html/tenant/{school-slug}/admin/student-list.php on line 133
[04-Mar-2026 21:33:50 Africa/Lagos] PHP Warning:  Undefined array key "setting_value" in /home/academixsuite/public_html/tenant/{school-slug}/admin/student-list.php on line 133
[04-Mar-2026 21:33:50 Africa/Lagos] PHP Warning:  Undefined array key "setting_key" in /home/academixsuite/public_html/tenant/{school-slug}/admin/student-list.php on line 133
[04-Mar-2026 21:33:50 Africa/Lagos] PHP Warning:  Undefined array key "setting_value" in /home/academixsuite/public_html/tenant/{school-slug}/admin/student-list.php on line 133
[04-Mar-2026 21:33:50 Africa/Lagos] PHP Warning:  Undefined array key "setting_key" in /home/academixsuite/public_html/tenant/{school-slug}/admin/student-list.php on line 133
[04-Mar-2026 21:33:50 Africa/Lagos] PHP Warning:  Undefined array key "setting_value" in /home/academixsuite/public_html/tenant/{school-slug}/admin/student-list.php on line 133
[04-Mar-2026 21:33:50 Africa/Lagos] Error fetching student data: SQLSTATE[42S22]: Column not found: 1054 Unknown column 'u.role_id' in 'ON'
[04-Mar-2026 21:33:50 Africa/Lagos] === STUDENT LIST PAGE END ===
[04-Mar-2026 21:33:50 Africa/Lagos] ROUTER END: Successfully served /home/academixsuite/public_html/tenant/{school-slug}/admin/student-list.php
[04-Mar-2026 22:04:29 Africa/Lagos] === STUDENT LIST PAGE START ===
[04-Mar-2026 22:04:29 Africa/Lagos] Request URI: /tenant/bitflux-wallet-1771434696/admin/student-list.php
[04-Mar-2026 22:04:29 Africa/Lagos] Script: /home/academixsuite/public_html/tenant/{school-slug}/admin/student-list.php
[04-Mar-2026 22:04:29 Africa/Lagos] School database connection successful
[04-Mar-2026 22:04:29 Africa/Lagos] PHP Warning:  Undefined array key "setting_key" in /home/academixsuite/public_html/tenant/{school-slug}/admin/student-list.php on line 133
[04-Mar-2026 22:04:29 Africa/Lagos] PHP Warning:  Undefined array key "setting_value" in /home/academixsuite/public_html/tenant/{school-slug}/admin/student-list.php on line 133
[04-Mar-2026 22:04:29 Africa/Lagos] PHP Warning:  Undefined array key "setting_key" in /home/academixsuite/public_html/tenant/{school-slug}/admin/student-list.php on line 133
[04-Mar-2026 22:04:29 Africa/Lagos] PHP Warning:  Undefined array key "setting_value" in /home/academixsuite/public_html/tenant/{school-slug}/admin/student-list.php on line 133
[04-Mar-2026 22:04:29 Africa/Lagos] PHP Warning:  Undefined array key "setting_key" in /home/academixsuite/public_html/tenant/{school-slug}/admin/student-list.php on line 133
[04-Mar-2026 22:04:29 Africa/Lagos] PHP Warning:  Undefined array key "setting_value" in /home/academixsuite/public_html/tenant/{school-slug}/admin/student-list.php on line 133
[04-Mar-2026 22:04:29 Africa/Lagos] PHP Warning:  Undefined array key "setting_key" in /home/academixsuite/public_html/tenant/{school-slug}/admin/student-list.php on line 133
[04-Mar-2026 22:04:29 Africa/Lagos] PHP Warning:  Undefined array key "setting_value" in /home/academixsuite/public_html/tenant/{school-slug}/admin/student-list.php on line 133
[04-Mar-2026 22:04:29 Africa/Lagos] PHP Warning:  Undefined array key "setting_key" in /home/academixsuite/public_html/tenant/{school-slug}/admin/student-list.php on line 133
[04-Mar-2026 22:04:29 Africa/Lagos] PHP Warning:  Undefined array key "setting_value" in /home/academixsuite/public_html/tenant/{school-slug}/admin/student-list.php on line 133
[04-Mar-2026 22:04:29 Africa/Lagos] PHP Warning:  Undefined array key "setting_key" in /home/academixsuite/public_html/tenant/{school-slug}/admin/student-list.php on line 133
[04-Mar-2026 22:04:29 Africa/Lagos] PHP Warning:  Undefined array key "setting_value" in /home/academixsuite/public_html/tenant/{school-slug}/admin/student-list.php on line 133
[04-Mar-2026 22:04:29 Africa/Lagos] PHP Warning:  Undefined array key "setting_key" in /home/academixsuite/public_html/tenant/{school-slug}/admin/student-list.php on line 133
[04-Mar-2026 22:04:29 Africa/Lagos] PHP Warning:  Undefined array key "setting_value" in /home/academixsuite/public_html/tenant/{school-slug}/admin/student-list.php on line 133
[04-Mar-2026 22:04:29 Africa/Lagos] PHP Warning:  Undefined array key "setting_key" in /home/academixsuite/public_html/tenant/{school-slug}/admin/student-list.php on line 133
[04-Mar-2026 22:04:29 Africa/Lagos] PHP Warning:  Undefined array key "setting_value" in /home/academixsuite/public_html/tenant/{school-slug}/admin/student-list.php on line 133
[04-Mar-2026 22:04:29 Africa/Lagos] PHP Warning:  Undefined array key "setting_key" in /home/academixsuite/public_html/tenant/{school-slug}/admin/student-list.php on line 133
[04-Mar-2026 22:04:29 Africa/Lagos] PHP Warning:  Undefined array key "setting_value" in /home/academixsuite/public_html/tenant/{school-slug}/admin/student-list.php on line 133
[04-Mar-2026 22:04:29 Africa/Lagos] PHP Warning:  Undefined array key "setting_key" in /home/academixsuite/public_html/tenant/{school-slug}/admin/student-list.php on line 133
[04-Mar-2026 22:04:29 Africa/Lagos] PHP Warning:  Undefined array key "setting_value" in /home/academixsuite/public_html/tenant/{school-slug}/admin/student-list.php on line 133
[04-Mar-2026 22:04:29 Africa/Lagos] PHP Warning:  Undefined array key "setting_key" in /home/academixsuite/public_html/tenant/{school-slug}/admin/student-list.php on line 133
[04-Mar-2026 22:04:29 Africa/Lagos] PHP Warning:  Undefined array key "setting_value" in /home/academixsuite/public_html/tenant/{school-slug}/admin/student-list.php on line 133
[04-Mar-2026 22:04:29 Africa/Lagos] PHP Warning:  Undefined array key "setting_key" in /home/academixsuite/public_html/tenant/{school-slug}/admin/student-list.php on line 133
[04-Mar-2026 22:04:29 Africa/Lagos] PHP Warning:  Undefined array key "setting_value" in /home/academixsuite/public_html/tenant/{school-slug}/admin/student-list.php on line 133
[04-Mar-2026 22:04:29 Africa/Lagos] PHP Warning:  Undefined array key "setting_key" in /home/academixsuite/public_html/tenant/{school-slug}/admin/student-list.php on line 133
[04-Mar-2026 22:04:29 Africa/Lagos] PHP Warning:  Undefined array key "setting_value" in /home/academixsuite/public_html/tenant/{school-slug}/admin/student-list.php on line 133
[04-Mar-2026 22:04:29 Africa/Lagos] PHP Warning:  Undefined array key "setting_key" in /home/academixsuite/public_html/tenant/{school-slug}/admin/student-list.php on line 133
[04-Mar-2026 22:04:29 Africa/Lagos] PHP Warning:  Undefined array key "setting_value" in /home/academixsuite/public_html/tenant/{school-slug}/admin/student-list.php on line 133
[04-Mar-2026 22:04:29 Africa/Lagos] PHP Warning:  Undefined array key "setting_key" in /home/academixsuite/public_html/tenant/{school-slug}/admin/student-list.php on line 133
[04-Mar-2026 22:04:29 Africa/Lagos] PHP Warning:  Undefined array key "setting_value" in /home/academixsuite/public_html/tenant/{school-slug}/admin/student-list.php on line 133
[04-Mar-2026 22:04:29 Africa/Lagos] PHP Warning:  Undefined array key "setting_key" in /home/academixsuite/public_html/tenant/{school-slug}/admin/student-list.php on line 133
[04-Mar-2026 22:04:29 Africa/Lagos] PHP Warning:  Undefined array key "setting_value" in /home/academixsuite/public_html/tenant/{school-slug}/admin/student-list.php on line 133
[04-Mar-2026 22:04:29 Africa/Lagos] PHP Warning:  Undefined array key "setting_key" in /home/academixsuite/public_html/tenant/{school-slug}/admin/student-list.php on line 133
[04-Mar-2026 22:04:29 Africa/Lagos] PHP Warning:  Undefined array key "setting_value" in /home/academixsuite/public_html/tenant/{school-slug}/admin/student-list.php on line 133
[04-Mar-2026 22:04:29 Africa/Lagos] PHP Warning:  Undefined array key "setting_key" in /home/academixsuite/public_html/tenant/{school-slug}/admin/student-list.php on line 133
[04-Mar-2026 22:04:29 Africa/Lagos] PHP Warning:  Undefined array key "setting_value" in /home/academixsuite/public_html/tenant/{school-slug}/admin/student-list.php on line 133
[04-Mar-2026 22:04:29 Africa/Lagos] PHP Warning:  Undefined array key "setting_key" in /home/academixsuite/public_html/tenant/{school-slug}/admin/student-list.php on line 133
[04-Mar-2026 22:04:29 Africa/Lagos] PHP Warning:  Undefined array key "setting_value" in /home/academixsuite/public_html/tenant/{school-slug}/admin/student-list.php on line 133
[04-Mar-2026 22:04:29 Africa/Lagos] PHP Warning:  Undefined array key "setting_key" in /home/academixsuite/public_html/tenant/{school-slug}/admin/student-list.php on line 133
[04-Mar-2026 22:04:29 Africa/Lagos] PHP Warning:  Undefined array key "setting_value" in /home/academixsuite/public_html/tenant/{school-slug}/admin/student-list.php on line 133
[04-Mar-2026 22:04:29 Africa/Lagos] PHP Warning:  Undefined array key "setting_key" in /home/academixsuite/public_html/tenant/{school-slug}/admin/student-list.php on line 133
[04-Mar-2026 22:04:29 Africa/Lagos] PHP Warning:  Undefined array key "setting_value" in /home/academixsuite/public_html/tenant/{school-slug}/admin/student-list.php on line 133
[04-Mar-2026 22:04:29 Africa/Lagos] Error fetching student data: SQLSTATE[42S22]: Column not found: 1054 Unknown column 'u.role_id' in 'ON'
[04-Mar-2026 22:04:29 Africa/Lagos] === STUDENT LIST PAGE END ===
[04-Mar-2026 22:04:29 Africa/Lagos] ROUTER END: Successfully served /home/academixsuite/public_html/tenant/{school-slug}/admin/student-list.php
[05-Mar-2026 14:01:04 Africa/Lagos] === STUDENT LIST PAGE START ===
[05-Mar-2026 14:01:04 Africa/Lagos] Request URI: /tenant/bitflux-wallet-1771434696/admin/student-list.php
[05-Mar-2026 14:01:04 Africa/Lagos] Script: /home/academixsuite/public_html/tenant/{school-slug}/admin/student-list.php
[05-Mar-2026 14:01:04 Africa/Lagos] School database connection successful
[05-Mar-2026 14:01:04 Africa/Lagos] PHP Warning:  Undefined array key "setting_key" in /home/academixsuite/public_html/tenant/{school-slug}/admin/student-list.php on line 133
[05-Mar-2026 14:01:04 Africa/Lagos] PHP Warning:  Undefined array key "setting_value" in /home/academixsuite/public_html/tenant/{school-slug}/admin/student-list.php on line 133
[05-Mar-2026 14:01:04 Africa/Lagos] PHP Warning:  Undefined array key "setting_key" in /home/academixsuite/public_html/tenant/{school-slug}/admin/student-list.php on line 133
[05-Mar-2026 14:01:04 Africa/Lagos] PHP Warning:  Undefined array key "setting_value" in /home/academixsuite/public_html/tenant/{school-slug}/admin/student-list.php on line 133
[05-Mar-2026 14:01:04 Africa/Lagos] PHP Warning:  Undefined array key "setting_key" in /home/academixsuite/public_html/tenant/{school-slug}/admin/student-list.php on line 133
[05-Mar-2026 14:01:04 Africa/Lagos] PHP Warning:  Undefined array key "setting_value" in /home/academixsuite/public_html/tenant/{school-slug}/admin/student-list.php on line 133
[05-Mar-2026 14:01:04 Africa/Lagos] PHP Warning:  Undefined array key "setting_key" in /home/academixsuite/public_html/tenant/{school-slug}/admin/student-list.php on line 133
[05-Mar-2026 14:01:04 Africa/Lagos] PHP Warning:  Undefined array key "setting_value" in /home/academixsuite/public_html/tenant/{school-slug}/admin/student-list.php on line 133
[05-Mar-2026 14:01:04 Africa/Lagos] PHP Warning:  Undefined array key "setting_key" in /home/academixsuite/public_html/tenant/{school-slug}/admin/student-list.php on line 133
[05-Mar-2026 14:01:04 Africa/Lagos] PHP Warning:  Undefined array key "setting_value" in /home/academixsuite/public_html/tenant/{school-slug}/admin/student-list.php on line 133
[05-Mar-2026 14:01:04 Africa/Lagos] PHP Warning:  Undefined array key "setting_key" in /home/academixsuite/public_html/tenant/{school-slug}/admin/student-list.php on line 133
[05-Mar-2026 14:01:04 Africa/Lagos] PHP Warning:  Undefined array key "setting_value" in /home/academixsuite/public_html/tenant/{school-slug}/admin/student-list.php on line 133
[05-Mar-2026 14:01:04 Africa/Lagos] PHP Warning:  Undefined array key "setting_key" in /home/academixsuite/public_html/tenant/{school-slug}/admin/student-list.php on line 133
[05-Mar-2026 14:01:04 Africa/Lagos] PHP Warning:  Undefined array key "setting_value" in /home/academixsuite/public_html/tenant/{school-slug}/admin/student-list.php on line 133
[05-Mar-2026 14:01:04 Africa/Lagos] PHP Warning:  Undefined array key "setting_key" in /home/academixsuite/public_html/tenant/{school-slug}/admin/student-list.php on line 133
[05-Mar-2026 14:01:04 Africa/Lagos] PHP Warning:  Undefined array key "setting_value" in /home/academixsuite/public_html/tenant/{school-slug}/admin/student-list.php on line 133
[05-Mar-2026 14:01:04 Africa/Lagos] PHP Warning:  Undefined array key "setting_key" in /home/academixsuite/public_html/tenant/{school-slug}/admin/student-list.php on line 133
[05-Mar-2026 14:01:04 Africa/Lagos] PHP Warning:  Undefined array key "setting_value" in /home/academixsuite/public_html/tenant/{school-slug}/admin/student-list.php on line 133
[05-Mar-2026 14:01:04 Africa/Lagos] PHP Warning:  Undefined array key "setting_key" in /home/academixsuite/public_html/tenant/{school-slug}/admin/student-list.php on line 133
[05-Mar-2026 14:01:04 Africa/Lagos] PHP Warning:  Undefined array key "setting_value" in /home/academixsuite/public_html/tenant/{school-slug}/admin/student-list.php on line 133
[05-Mar-2026 14:01:04 Africa/Lagos] PHP Warning:  Undefined array key "setting_key" in /home/academixsuite/public_html/tenant/{school-slug}/admin/student-list.php on line 133
[05-Mar-2026 14:01:04 Africa/Lagos] PHP Warning:  Undefined array key "setting_value" in /home/academixsuite/public_html/tenant/{school-slug}/admin/student-list.php on line 133
[05-Mar-2026 14:01:04 Africa/Lagos] PHP Warning:  Undefined array key "setting_key" in /home/academixsuite/public_html/tenant/{school-slug}/admin/student-list.php on line 133
[05-Mar-2026 14:01:04 Africa/Lagos] PHP Warning:  Undefined array key "setting_value" in /home/academixsuite/public_html/tenant/{school-slug}/admin/student-list.php on line 133
[05-Mar-2026 14:01:04 Africa/Lagos] PHP Warning:  Undefined array key "setting_key" in /home/academixsuite/public_html/tenant/{school-slug}/admin/student-list.php on line 133
[05-Mar-2026 14:01:04 Africa/Lagos] PHP Warning:  Undefined array key "setting_value" in /home/academixsuite/public_html/tenant/{school-slug}/admin/student-list.php on line 133
[05-Mar-2026 14:01:04 Africa/Lagos] PHP Warning:  Undefined array key "setting_key" in /home/academixsuite/public_html/tenant/{school-slug}/admin/student-list.php on line 133
[05-Mar-2026 14:01:04 Africa/Lagos] PHP Warning:  Undefined array key "setting_value" in /home/academixsuite/public_html/tenant/{school-slug}/admin/student-list.php on line 133
[05-Mar-2026 14:01:04 Africa/Lagos] PHP Warning:  Undefined array key "setting_key" in /home/academixsuite/public_html/tenant/{school-slug}/admin/student-list.php on line 133
[05-Mar-2026 14:01:04 Africa/Lagos] PHP Warning:  Undefined array key "setting_value" in /home/academixsuite/public_html/tenant/{school-slug}/admin/student-list.php on line 133
[05-Mar-2026 14:01:04 Africa/Lagos] PHP Warning:  Undefined array key "setting_key" in /home/academixsuite/public_html/tenant/{school-slug}/admin/student-list.php on line 133
[05-Mar-2026 14:01:04 Africa/Lagos] PHP Warning:  Undefined array key "setting_value" in /home/academixsuite/public_html/tenant/{school-slug}/admin/student-list.php on line 133
[05-Mar-2026 14:01:04 Africa/Lagos] PHP Warning:  Undefined array key "setting_key" in /home/academixsuite/public_html/tenant/{school-slug}/admin/student-list.php on line 133
[05-Mar-2026 14:01:04 Africa/Lagos] PHP Warning:  Undefined array key "setting_value" in /home/academixsuite/public_html/tenant/{school-slug}/admin/student-list.php on line 133
[05-Mar-2026 14:01:04 Africa/Lagos] PHP Warning:  Undefined array key "setting_key" in /home/academixsuite/public_html/tenant/{school-slug}/admin/student-list.php on line 133
[05-Mar-2026 14:01:04 Africa/Lagos] PHP Warning:  Undefined array key "setting_value" in /home/academixsuite/public_html/tenant/{school-slug}/admin/student-list.php on line 133
[05-Mar-2026 14:01:04 Africa/Lagos] PHP Warning:  Undefined array key "setting_key" in /home/academixsuite/public_html/tenant/{school-slug}/admin/student-list.php on line 133
[05-Mar-2026 14:01:04 Africa/Lagos] PHP Warning:  Undefined array key "setting_value" in /home/academixsuite/public_html/tenant/{school-slug}/admin/student-list.php on line 133
[05-Mar-2026 14:01:04 Africa/Lagos] PHP Warning:  Undefined array key "setting_key" in /home/academixsuite/public_html/tenant/{school-slug}/admin/student-list.php on line 133
[05-Mar-2026 14:01:04 Africa/Lagos] PHP Warning:  Undefined array key "setting_value" in /home/academixsuite/public_html/tenant/{school-slug}/admin/student-list.php on line 133
[05-Mar-2026 14:01:04 Africa/Lagos] PHP Warning:  Undefined array key "setting_key" in /home/academixsuite/public_html/tenant/{school-slug}/admin/student-list.php on line 133
[05-Mar-2026 14:01:04 Africa/Lagos] PHP Warning:  Undefined array key "setting_value" in /home/academixsuite/public_html/tenant/{school-slug}/admin/student-list.php on line 133
[05-Mar-2026 14:01:04 Africa/Lagos] Error fetching student data: SQLSTATE[42S22]: Column not found: 1054 Unknown column 'u.role_id' in 'ON'
[05-Mar-2026 14:01:04 Africa/Lagos] === STUDENT LIST PAGE END ===
[05-Mar-2026 14:01:04 Africa/Lagos] ROUTER END: Successfully served /home/academixsuite/public_html/tenant/{school-slug}/admin/student-list.php
[05-Mar-2026 14:01:39 Africa/Lagos] === STUDENT LIST PAGE START ===
[05-Mar-2026 14:01:39 Africa/Lagos] Request URI: /tenant/bitflux-wallet-1771434696/admin/student-list.php
[05-Mar-2026 14:01:39 Africa/Lagos] Script: /home/academixsuite/public_html/tenant/{school-slug}/admin/student-list.php
[05-Mar-2026 14:01:39 Africa/Lagos] School database connection successful
[05-Mar-2026 14:01:39 Africa/Lagos] PHP Warning:  Undefined array key "setting_key" in /home/academixsuite/public_html/tenant/{school-slug}/admin/student-list.php on line 133
[05-Mar-2026 14:01:39 Africa/Lagos] PHP Warning:  Undefined array key "setting_value" in /home/academixsuite/public_html/tenant/{school-slug}/admin/student-list.php on line 133
[05-Mar-2026 14:01:39 Africa/Lagos] PHP Warning:  Undefined array key "setting_key" in /home/academixsuite/public_html/tenant/{school-slug}/admin/student-list.php on line 133
[05-Mar-2026 14:01:39 Africa/Lagos] PHP Warning:  Undefined array key "setting_value" in /home/academixsuite/public_html/tenant/{school-slug}/admin/student-list.php on line 133
[05-Mar-2026 14:01:39 Africa/Lagos] PHP Warning:  Undefined array key "setting_key" in /home/academixsuite/public_html/tenant/{school-slug}/admin/student-list.php on line 133
[05-Mar-2026 14:01:39 Africa/Lagos] PHP Warning:  Undefined array key "setting_value" in /home/academixsuite/public_html/tenant/{school-slug}/admin/student-list.php on line 133
[05-Mar-2026 14:01:39 Africa/Lagos] PHP Warning:  Undefined array key "setting_key" in /home/academixsuite/public_html/tenant/{school-slug}/admin/student-list.php on line 133
[05-Mar-2026 14:01:39 Africa/Lagos] PHP Warning:  Undefined array key "setting_value" in /home/academixsuite/public_html/tenant/{school-slug}/admin/student-list.php on line 133
[05-Mar-2026 14:01:39 Africa/Lagos] PHP Warning:  Undefined array key "setting_key" in /home/academixsuite/public_html/tenant/{school-slug}/admin/student-list.php on line 133
[05-Mar-2026 14:01:39 Africa/Lagos] PHP Warning:  Undefined array key "setting_value" in /home/academixsuite/public_html/tenant/{school-slug}/admin/student-list.php on line 133
[05-Mar-2026 14:01:39 Africa/Lagos] PHP Warning:  Undefined array key "setting_key" in /home/academixsuite/public_html/tenant/{school-slug}/admin/student-list.php on line 133
[05-Mar-2026 14:01:39 Africa/Lagos] PHP Warning:  Undefined array key "setting_value" in /home/academixsuite/public_html/tenant/{school-slug}/admin/student-list.php on line 133
[05-Mar-2026 14:01:39 Africa/Lagos] PHP Warning:  Undefined array key "setting_key" in /home/academixsuite/public_html/tenant/{school-slug}/admin/student-list.php on line 133
[05-Mar-2026 14:01:39 Africa/Lagos] PHP Warning:  Undefined array key "setting_value" in /home/academixsuite/public_html/tenant/{school-slug}/admin/student-list.php on line 133
[05-Mar-2026 14:01:39 Africa/Lagos] PHP Warning:  Undefined array key "setting_key" in /home/academixsuite/public_html/tenant/{school-slug}/admin/student-list.php on line 133
[05-Mar-2026 14:01:39 Africa/Lagos] PHP Warning:  Undefined array key "setting_value" in /home/academixsuite/public_html/tenant/{school-slug}/admin/student-list.php on line 133
[05-Mar-2026 14:01:39 Africa/Lagos] PHP Warning:  Undefined array key "setting_key" in /home/academixsuite/public_html/tenant/{school-slug}/admin/student-list.php on line 133
[05-Mar-2026 14:01:39 Africa/Lagos] PHP Warning:  Undefined array key "setting_value" in /home/academixsuite/public_html/tenant/{school-slug}/admin/student-list.php on line 133
[05-Mar-2026 14:01:39 Africa/Lagos] PHP Warning:  Undefined array key "setting_key" in /home/academixsuite/public_html/tenant/{school-slug}/admin/student-list.php on line 133
[05-Mar-2026 14:01:39 Africa/Lagos] PHP Warning:  Undefined array key "setting_value" in /home/academixsuite/public_html/tenant/{school-slug}/admin/student-list.php on line 133
[05-Mar-2026 14:01:39 Africa/Lagos] PHP Warning:  Undefined array key "setting_key" in /home/academixsuite/public_html/tenant/{school-slug}/admin/student-list.php on line 133
[05-Mar-2026 14:01:39 Africa/Lagos] PHP Warning:  Undefined array key "setting_value" in /home/academixsuite/public_html/tenant/{school-slug}/admin/student-list.php on line 133
[05-Mar-2026 14:01:39 Africa/Lagos] PHP Warning:  Undefined array key "setting_key" in /home/academixsuite/public_html/tenant/{school-slug}/admin/student-list.php on line 133
[05-Mar-2026 14:01:39 Africa/Lagos] PHP Warning:  Undefined array key "setting_value" in /home/academixsuite/public_html/tenant/{school-slug}/admin/student-list.php on line 133
[05-Mar-2026 14:01:39 Africa/Lagos] PHP Warning:  Undefined array key "setting_key" in /home/academixsuite/public_html/tenant/{school-slug}/admin/student-list.php on line 133
[05-Mar-2026 14:01:39 Africa/Lagos] PHP Warning:  Undefined array key "setting_value" in /home/academixsuite/public_html/tenant/{school-slug}/admin/student-list.php on line 133
[05-Mar-2026 14:01:39 Africa/Lagos] PHP Warning:  Undefined array key "setting_key" in /home/academixsuite/public_html/tenant/{school-slug}/admin/student-list.php on line 133
[05-Mar-2026 14:01:39 Africa/Lagos] PHP Warning:  Undefined array key "setting_value" in /home/academixsuite/public_html/tenant/{school-slug}/admin/student-list.php on line 133
[05-Mar-2026 14:01:39 Africa/Lagos] PHP Warning:  Undefined array key "setting_key" in /home/academixsuite/public_html/tenant/{school-slug}/admin/student-list.php on line 133
[05-Mar-2026 14:01:39 Africa/Lagos] PHP Warning:  Undefined array key "setting_value" in /home/academixsuite/public_html/tenant/{school-slug}/admin/student-list.php on line 133
[05-Mar-2026 14:01:39 Africa/Lagos] PHP Warning:  Undefined array key "setting_key" in /home/academixsuite/public_html/tenant/{school-slug}/admin/student-list.php on line 133
[05-Mar-2026 14:01:39 Africa/Lagos] PHP Warning:  Undefined array key "setting_value" in /home/academixsuite/public_html/tenant/{school-slug}/admin/student-list.php on line 133
[05-Mar-2026 14:01:39 Africa/Lagos] PHP Warning:  Undefined array key "setting_key" in /home/academixsuite/public_html/tenant/{school-slug}/admin/student-list.php on line 133
[05-Mar-2026 14:01:39 Africa/Lagos] PHP Warning:  Undefined array key "setting_value" in /home/academixsuite/public_html/tenant/{school-slug}/admin/student-list.php on line 133
[05-Mar-2026 14:01:39 Africa/Lagos] PHP Warning:  Undefined array key "setting_key" in /home/academixsuite/public_html/tenant/{school-slug}/admin/student-list.php on line 133
[05-Mar-2026 14:01:39 Africa/Lagos] PHP Warning:  Undefined array key "setting_value" in /home/academixsuite/public_html/tenant/{school-slug}/admin/student-list.php on line 133
[05-Mar-2026 14:01:39 Africa/Lagos] PHP Warning:  Undefined array key "setting_key" in /home/academixsuite/public_html/tenant/{school-slug}/admin/student-list.php on line 133
[05-Mar-2026 14:01:39 Africa/Lagos] PHP Warning:  Undefined array key "setting_value" in /home/academixsuite/public_html/tenant/{school-slug}/admin/student-list.php on line 133
[05-Mar-2026 14:01:39 Africa/Lagos] PHP Warning:  Undefined array key "setting_key" in /home/academixsuite/public_html/tenant/{school-slug}/admin/student-list.php on line 133
[05-Mar-2026 14:01:39 Africa/Lagos] PHP Warning:  Undefined array key "setting_value" in /home/academixsuite/public_html/tenant/{school-slug}/admin/student-list.php on line 133
[05-Mar-2026 14:01:39 Africa/Lagos] PHP Warning:  Undefined array key "setting_key" in /home/academixsuite/public_html/tenant/{school-slug}/admin/student-list.php on line 133
[05-Mar-2026 14:01:39 Africa/Lagos] PHP Warning:  Undefined array key "setting_value" in /home/academixsuite/public_html/tenant/{school-slug}/admin/student-list.php on line 133
[05-Mar-2026 14:01:39 Africa/Lagos] Error fetching student data: SQLSTATE[42S22]: Column not found: 1054 Unknown column 'u.role_id' in 'ON'
[05-Mar-2026 14:01:39 Africa/Lagos] === STUDENT LIST PAGE END ===
[05-Mar-2026 14:01:39 Africa/Lagos] ROUTER END: Successfully served /home/academixsuite/public_html/tenant/{school-slug}/admin/student-list.php
[05-Mar-2026 14:22:49 Africa/Lagos] === STUDENT LIST PAGE START ===
[05-Mar-2026 14:22:49 Africa/Lagos] Request URI: /tenant/bitflux-wallet-1771434696/admin/student-list.php
[05-Mar-2026 14:22:49 Africa/Lagos] Script: /home/academixsuite/public_html/tenant/{school-slug}/admin/student-list.php
[05-Mar-2026 14:22:49 Africa/Lagos] School database connection successful
[05-Mar-2026 14:22:49 Africa/Lagos] Loaded 21 settings
[05-Mar-2026 14:22:49 Africa/Lagos] Loaded user data for ID: 1
[05-Mar-2026 14:22:49 Africa/Lagos] Loaded 1 classes
[05-Mar-2026 14:22:49 Africa/Lagos] Fetched 1 students
[05-Mar-2026 14:22:49 Africa/Lagos] Sample student data: {"id":1,"school_id":6,"campus_id":null,"user_id":3,"admission_number":"BIT-2025-0001","roll_number":"3","class_id":1,"section_id":1,"admission_date":"2026-03-05","first_name":"favour","middle_name":"nzube","last_name":"Zubetech","date_of_birth":"2020-03-05","birth_place":null,"nationality":null,"mother_tongue":null,"current_address":"chokocho","permanent_address":"etche","previous_school":"nobsams","previous_class":"ss3","transfer_certificate_no":"null","blood_group":"A+","allergies":"ull","medical_conditions":"null","doctor_name":"","doctor_phone":"","status":"active","graduation_date":null,"created_at":"2026-03-05 13:59:28","updated_at":"2026-03-05 13:59:28","user_name":"favour nzube Zubetech","user_email":"zubetechhub@gmail.com","user_phone":"09070525288","profile_photo":null,"class_name":"grade 10","section_name":"section a"}
[05-Mar-2026 14:22:49 Africa/Lagos] === STUDENT LIST PAGE END ===
[05-Mar-2026 14:22:49 Africa/Lagos] ROUTER END: Successfully served /home/academixsuite/public_html/tenant/{school-slug}/admin/student-list.php
[05-Mar-2026 14:24:55 Africa/Lagos] === STUDENT LIST PAGE START ===
[05-Mar-2026 14:24:55 Africa/Lagos] Request URI: /tenant/bitflux-wallet-1771434696/admin/student-list.php
[05-Mar-2026 14:24:55 Africa/Lagos] Script: /home/academixsuite/public_html/tenant/{school-slug}/admin/student-list.php
[05-Mar-2026 14:24:55 Africa/Lagos] School database connection successful
[05-Mar-2026 14:24:55 Africa/Lagos] Loaded 21 settings
[05-Mar-2026 14:24:55 Africa/Lagos] Loaded user data for ID: 1
[05-Mar-2026 14:24:55 Africa/Lagos] Loaded 1 classes
[05-Mar-2026 14:24:55 Africa/Lagos] Fetched 1 students
[05-Mar-2026 14:24:55 Africa/Lagos] Sample student data: {"id":1,"school_id":6,"campus_id":null,"user_id":3,"admission_number":"BIT-2025-0001","roll_number":"3","class_id":1,"section_id":1,"admission_date":"2026-03-05","first_name":"favour","middle_name":"nzube","last_name":"Zubetech","date_of_birth":"2020-03-05","birth_place":null,"nationality":null,"mother_tongue":null,"current_address":"chokocho","permanent_address":"etche","previous_school":"nobsams","previous_class":"ss3","transfer_certificate_no":"null","blood_group":"A+","allergies":"ull","medical_conditions":"null","doctor_name":"","doctor_phone":"","status":"active","graduation_date":null,"created_at":"2026-03-05 13:59:28","updated_at":"2026-03-05 13:59:28","user_name":"favour nzube Zubetech","user_email":"zubetechhub@gmail.com","user_phone":"09070525288","profile_photo":null,"class_name":"grade 10","section_name":"section a"}
[05-Mar-2026 14:24:55 Africa/Lagos] === STUDENT LIST PAGE END ===
[05-Mar-2026 14:24:55 Africa/Lagos] ROUTER END: Successfully served /home/academixsuite/public_html/tenant/{school-slug}/admin/student-list.php
[05-Mar-2026 14:35:00 Africa/Lagos] === STUDENT LIST PAGE START ===
[05-Mar-2026 14:35:00 Africa/Lagos] Request URI: /tenant/bitflux-wallet-1771434696/admin/student-list.php
[05-Mar-2026 14:35:00 Africa/Lagos] Script: /home/academixsuite/public_html/tenant/{school-slug}/admin/student-list.php
[05-Mar-2026 14:35:00 Africa/Lagos] School database connection successful
[05-Mar-2026 14:35:00 Africa/Lagos] Loaded 21 settings
[05-Mar-2026 14:35:00 Africa/Lagos] Loaded user data for ID: 1
[05-Mar-2026 14:35:00 Africa/Lagos] Loaded 1 classes
[05-Mar-2026 14:35:00 Africa/Lagos] Fetched 1 students
[05-Mar-2026 14:35:00 Africa/Lagos] Sample student data: {"id":1,"school_id":6,"campus_id":null,"user_id":3,"admission_number":"BIT-2025-0001","roll_number":"3","class_id":1,"section_id":1,"admission_date":"2026-03-05","first_name":"favour","middle_name":"nzube","last_name":"Zubetech","date_of_birth":"2020-03-05","birth_place":null,"nationality":null,"mother_tongue":null,"current_address":"chokocho","permanent_address":"etche","previous_school":"nobsams","previous_class":"ss3","transfer_certificate_no":"null","blood_group":"A+","allergies":"ull","medical_conditions":"null","doctor_name":"","doctor_phone":"","status":"active","graduation_date":null,"created_at":"2026-03-05 13:59:28","updated_at":"2026-03-05 13:59:28","user_name":"favour nzube Zubetech","user_email":"zubetechhub@gmail.com","user_phone":"09070525288","profile_photo":null,"class_name":"grade 10","section_name":"section a"}
[05-Mar-2026 14:35:00 Africa/Lagos] === STUDENT LIST PAGE END ===
[05-Mar-2026 14:35:00 Africa/Lagos] ROUTER END: Successfully served /home/academixsuite/public_html/tenant/{school-slug}/admin/student-list.php
[05-Mar-2026 14:36:01 Africa/Lagos] === STUDENT LIST PAGE START ===
[05-Mar-2026 14:36:01 Africa/Lagos] Request URI: /tenant/bitflux-wallet-1771434696/admin/student-list.php
[05-Mar-2026 14:36:01 Africa/Lagos] Script: /home/academixsuite/public_html/tenant/{school-slug}/admin/student-list.php
[05-Mar-2026 14:36:01 Africa/Lagos] School database connection successful
[05-Mar-2026 14:36:01 Africa/Lagos] Loaded 21 settings
[05-Mar-2026 14:36:01 Africa/Lagos] Loaded user data for ID: 1
[05-Mar-2026 14:36:01 Africa/Lagos] Loaded 1 classes
[05-Mar-2026 14:36:01 Africa/Lagos] Fetched 1 students
[05-Mar-2026 14:36:01 Africa/Lagos] Sample student data: {"id":1,"school_id":6,"campus_id":null,"user_id":3,"admission_number":"BIT-2025-0001","roll_number":"3","class_id":1,"section_id":1,"admission_date":"2026-03-05","first_name":"favour","middle_name":"nzube","last_name":"Zubetech","date_of_birth":"2020-03-05","birth_place":null,"nationality":null,"mother_tongue":null,"current_address":"chokocho","permanent_address":"etche","previous_school":"nobsams","previous_class":"ss3","transfer_certificate_no":"null","blood_group":"A+","allergies":"ull","medical_conditions":"null","doctor_name":"","doctor_phone":"","status":"active","graduation_date":null,"created_at":"2026-03-05 13:59:28","updated_at":"2026-03-05 13:59:28","user_name":"favour nzube Zubetech","user_email":"zubetechhub@gmail.com","user_phone":"09070525288","profile_photo":null,"class_name":"grade 10","section_name":"section a"}
[05-Mar-2026 14:36:01 Africa/Lagos] === STUDENT LIST PAGE END ===
[05-Mar-2026 14:36:01 Africa/Lagos] ROUTER END: Successfully served /home/academixsuite/public_html/tenant/{school-slug}/admin/student-list.php
[05-Mar-2026 15:01:45 Africa/Lagos] === STUDENT LIST PAGE START ===
[05-Mar-2026 15:01:45 Africa/Lagos] Request URI: /tenant/bitflux-wallet-1771434696/admin/student-list.php
[05-Mar-2026 15:01:45 Africa/Lagos] Script: /home/academixsuite/public_html/tenant/{school-slug}/admin/student-list.php
[05-Mar-2026 15:01:45 Africa/Lagos] School database connection successful
[05-Mar-2026 15:01:45 Africa/Lagos] Loaded 21 settings
[05-Mar-2026 15:01:45 Africa/Lagos] Loaded user data for ID: 1
[05-Mar-2026 15:01:45 Africa/Lagos] Loaded 1 classes
[05-Mar-2026 15:01:45 Africa/Lagos] Fetched 2 students
[05-Mar-2026 15:01:45 Africa/Lagos] Sample student data: {"id":2,"school_id":6,"campus_id":null,"user_id":5,"admission_number":"BIT-2025-0002","roll_number":"3","class_id":1,"section_id":1,"admission_date":"2026-03-05","first_name":"Bibi","middle_name":"Steph","last_name":"Agundu","date_of_birth":"2006-10-05","birth_place":null,"nationality":null,"mother_tongue":null,"current_address":"Umuchima","permanent_address":"Etche","previous_school":"Damtoj","previous_class":"Ss3","transfer_certificate_no":"2943283","blood_group":"O+","allergies":"Dust","medical_conditions":"Ulcer","doctor_name":"","doctor_phone":"","status":"active","graduation_date":null,"created_at":"2026-03-05 15:01:27","updated_at":"2026-03-05 15:01:27","user_name":"Bibi Steph Agundu","user_email":"fs@gmail.com","user_phone":"080525288","profile_photo":null,"class_name":"grade 10","section_name":"section a"}
[05-Mar-2026 15:01:45 Africa/Lagos] === STUDENT LIST PAGE END ===
[05-Mar-2026 15:01:45 Africa/Lagos] ROUTER END: Successfully served /home/academixsuite/public_html/tenant/{school-slug}/admin/student-list.php
[05-Mar-2026 15:03:57 Africa/Lagos] === STUDENT LIST PAGE START ===
[05-Mar-2026 15:03:57 Africa/Lagos] Request URI: /tenant/bitflux-wallet-1771434696/admin/student-list.php?class=1&gender=&status=
[05-Mar-2026 15:03:57 Africa/Lagos] Script: /home/academixsuite/public_html/tenant/{school-slug}/admin/student-list.php
[05-Mar-2026 15:03:57 Africa/Lagos] School database connection successful
[05-Mar-2026 15:03:57 Africa/Lagos] Loaded 21 settings
[05-Mar-2026 15:03:57 Africa/Lagos] Loaded user data for ID: 1
[05-Mar-2026 15:03:57 Africa/Lagos] Loaded 1 classes
[05-Mar-2026 15:03:57 Africa/Lagos] Fetched 2 students
[05-Mar-2026 15:03:57 Africa/Lagos] Sample student data: {"id":2,"school_id":6,"campus_id":null,"user_id":5,"admission_number":"BIT-2025-0002","roll_number":"3","class_id":1,"section_id":1,"admission_date":"2026-03-05","first_name":"Bibi","middle_name":"Steph","last_name":"Agundu","date_of_birth":"2006-10-05","birth_place":null,"nationality":null,"mother_tongue":null,"current_address":"Umuchima","permanent_address":"Etche","previous_school":"Damtoj","previous_class":"Ss3","transfer_certificate_no":"2943283","blood_group":"O+","allergies":"Dust","medical_conditions":"Ulcer","doctor_name":"","doctor_phone":"","status":"active","graduation_date":null,"created_at":"2026-03-05 15:01:27","updated_at":"2026-03-05 15:01:27","user_name":"Bibi Steph Agundu","user_email":"fs@gmail.com","user_phone":"080525288","profile_photo":null,"class_name":"grade 10","section_name":"section a"}
[05-Mar-2026 15:03:57 Africa/Lagos] After filtering: 2 students
[05-Mar-2026 15:03:57 Africa/Lagos] === STUDENT LIST PAGE END ===
[05-Mar-2026 15:03:57 Africa/Lagos] ROUTER END: Successfully served /home/academixsuite/public_html/tenant/{school-slug}/admin/student-list.php
[05-Mar-2026 15:04:05 Africa/Lagos] === STUDENT LIST PAGE START ===
[05-Mar-2026 15:04:05 Africa/Lagos] Request URI: /tenant/bitflux-wallet-1771434696/admin/student-list.php?class=1&gender=&status=inactive
[05-Mar-2026 15:04:05 Africa/Lagos] Script: /home/academixsuite/public_html/tenant/{school-slug}/admin/student-list.php
[05-Mar-2026 15:04:05 Africa/Lagos] School database connection successful
[05-Mar-2026 15:04:05 Africa/Lagos] Loaded 21 settings
[05-Mar-2026 15:04:05 Africa/Lagos] Loaded user data for ID: 1
[05-Mar-2026 15:04:05 Africa/Lagos] Loaded 1 classes
[05-Mar-2026 15:04:05 Africa/Lagos] Fetched 2 students
[05-Mar-2026 15:04:05 Africa/Lagos] Sample student data: {"id":2,"school_id":6,"campus_id":null,"user_id":5,"admission_number":"BIT-2025-0002","roll_number":"3","class_id":1,"section_id":1,"admission_date":"2026-03-05","first_name":"Bibi","middle_name":"Steph","last_name":"Agundu","date_of_birth":"2006-10-05","birth_place":null,"nationality":null,"mother_tongue":null,"current_address":"Umuchima","permanent_address":"Etche","previous_school":"Damtoj","previous_class":"Ss3","transfer_certificate_no":"2943283","blood_group":"O+","allergies":"Dust","medical_conditions":"Ulcer","doctor_name":"","doctor_phone":"","status":"active","graduation_date":null,"created_at":"2026-03-05 15:01:27","updated_at":"2026-03-05 15:01:27","user_name":"Bibi Steph Agundu","user_email":"fs@gmail.com","user_phone":"080525288","profile_photo":null,"class_name":"grade 10","section_name":"section a"}
[05-Mar-2026 15:04:05 Africa/Lagos] After filtering: 0 students
[05-Mar-2026 15:04:05 Africa/Lagos] === STUDENT LIST PAGE END ===
[05-Mar-2026 15:04:05 Africa/Lagos] ROUTER END: Successfully served /home/academixsuite/public_html/tenant/{school-slug}/admin/student-list.php
[05-Mar-2026 15:14:50 Africa/Lagos] === STUDENT LIST PAGE START ===
[05-Mar-2026 15:14:50 Africa/Lagos] Request URI: /tenant/bitflux-wallet-1771434696/admin/student-list.php
[05-Mar-2026 15:14:50 Africa/Lagos] Script: /home/academixsuite/public_html/tenant/{school-slug}/admin/student-list.php
[05-Mar-2026 15:14:50 Africa/Lagos] School database connection successful
[05-Mar-2026 15:14:50 Africa/Lagos] Loaded 21 settings
[05-Mar-2026 15:14:50 Africa/Lagos] Loaded user data for ID: 1
[05-Mar-2026 15:14:50 Africa/Lagos] Loaded 1 classes
[05-Mar-2026 15:14:50 Africa/Lagos] Fetched 2 students
[05-Mar-2026 15:14:50 Africa/Lagos] Sample student data: {"id":2,"school_id":6,"campus_id":null,"user_id":5,"admission_number":"BIT-2025-0002","roll_number":"3","class_id":1,"section_id":1,"admission_date":"2026-03-05","first_name":"Bibi","middle_name":"Steph","last_name":"Agundu","date_of_birth":"2006-10-05","birth_place":null,"nationality":null,"mother_tongue":null,"current_address":"Umuchima","permanent_address":"Etche","previous_school":"Damtoj","previous_class":"Ss3","transfer_certificate_no":"2943283","blood_group":"O+","allergies":"Dust","medical_conditions":"Ulcer","doctor_name":"","doctor_phone":"","status":"active","graduation_date":null,"created_at":"2026-03-05 15:01:27","updated_at":"2026-03-05 15:01:27","user_name":"Bibi Steph Agundu","user_email":"fs@gmail.com","user_phone":"080525288","profile_photo":null,"class_name":"grade 10","section_name":"section a"}
[05-Mar-2026 15:14:50 Africa/Lagos] === STUDENT LIST PAGE END ===
[05-Mar-2026 15:14:50 Africa/Lagos] ROUTER END: Successfully served /home/academixsuite/public_html/tenant/{school-slug}/admin/student-list.php
[05-Mar-2026 16:25:36 Africa/Lagos] === STUDENT LIST PAGE START ===
[05-Mar-2026 16:25:36 Africa/Lagos] Request URI: /tenant/bitflux-wallet-1771434696/admin/student-list.php
[05-Mar-2026 16:25:36 Africa/Lagos] Script: /home/academixsuite/public_html/tenant/{school-slug}/admin/student-list.php
[05-Mar-2026 16:25:36 Africa/Lagos] School database connection successful
[05-Mar-2026 16:25:36 Africa/Lagos] Loaded 21 settings
[05-Mar-2026 16:25:36 Africa/Lagos] Loaded user data for ID: 1
[05-Mar-2026 16:25:36 Africa/Lagos] Loaded 1 classes
[05-Mar-2026 16:25:36 Africa/Lagos] Fetched 2 students
[05-Mar-2026 16:25:36 Africa/Lagos] Sample student data: {"id":2,"school_id":6,"campus_id":null,"user_id":5,"admission_number":"BIT-2025-0002","roll_number":"3","class_id":1,"section_id":1,"admission_date":"2026-03-05","first_name":"Bibi","middle_name":"Steph","last_name":"Agundu","date_of_birth":"2006-10-05","birth_place":null,"nationality":null,"mother_tongue":null,"current_address":"Umuchima","permanent_address":"Etche","previous_school":"Damtoj","previous_class":"Ss3","transfer_certificate_no":"2943283","blood_group":"O+","allergies":"Dust","medical_conditions":"Ulcer","doctor_name":"","doctor_phone":"","status":"active","graduation_date":null,"created_at":"2026-03-05 15:01:27","updated_at":"2026-03-05 15:01:27","user_name":"Bibi Steph Agundu","user_email":"fs@gmail.com","user_phone":"080525288","profile_photo":null,"class_name":"grade 10","section_name":"section a"}
[05-Mar-2026 16:25:36 Africa/Lagos] === STUDENT LIST PAGE END ===
[05-Mar-2026 16:25:36 Africa/Lagos] ROUTER END: Successfully served /home/academixsuite/public_html/tenant/{school-slug}/admin/student-list.php
[05-Mar-2026 16:33:19 Africa/Lagos] === STUDENT LIST PAGE START ===
[05-Mar-2026 16:33:19 Africa/Lagos] Request URI: /tenant/bitflux-wallet-1771434696/admin/student-list.php
[05-Mar-2026 16:33:19 Africa/Lagos] Script: /home/academixsuite/public_html/tenant/{school-slug}/admin/student-list.php
[05-Mar-2026 16:33:19 Africa/Lagos] School database connection successful
[05-Mar-2026 16:33:19 Africa/Lagos] Loaded 21 settings records
[05-Mar-2026 16:33:19 Africa/Lagos] Loaded user data for ID: 1
[05-Mar-2026 16:33:19 Africa/Lagos] Loaded 1 classes
[05-Mar-2026 16:33:19 Africa/Lagos] Loaded 1 sections
[05-Mar-2026 16:33:19 Africa/Lagos] Fetched 2 students from database
[05-Mar-2026 16:33:19 Africa/Lagos] Sample student data: {"id":2,"first_name":"Bibi","last_name":"Agundu","class_name":"grade 10","section_name":"section a"}
[05-Mar-2026 16:33:19 Africa/Lagos] === STUDENT LIST PAGE END ===
[05-Mar-2026 16:33:19 Africa/Lagos] Total students displayed: 2
[05-Mar-2026 16:33:19 Africa/Lagos] ROUTER END: Successfully served /home/academixsuite/public_html/tenant/{school-slug}/admin/student-list.php
[05-Mar-2026 16:47:52 Africa/Lagos] === STUDENT LIST PAGE START ===
[05-Mar-2026 16:47:52 Africa/Lagos] Request URI: /tenant/bitflux-wallet-1771434696/admin/student-list.php
[05-Mar-2026 16:47:52 Africa/Lagos] Script: /home/academixsuite/public_html/tenant/{school-slug}/admin/student-list.php
[05-Mar-2026 16:47:52 Africa/Lagos] School database connection successful
[05-Mar-2026 16:47:52 Africa/Lagos] Loaded 21 settings records
[05-Mar-2026 16:47:52 Africa/Lagos] Loaded user data for ID: 1
[05-Mar-2026 16:47:52 Africa/Lagos] Loaded 1 classes
[05-Mar-2026 16:47:52 Africa/Lagos] Loaded 1 sections
[05-Mar-2026 16:47:52 Africa/Lagos] Fetched 2 students from database
[05-Mar-2026 16:47:52 Africa/Lagos] Sample student data: {"id":2,"first_name":"Bibi","last_name":"Agundu","class_name":"grade 10","section_name":"section a"}
[05-Mar-2026 16:47:52 Africa/Lagos] === STUDENT LIST PAGE END ===
[05-Mar-2026 16:47:52 Africa/Lagos] Total students displayed: 2
[05-Mar-2026 16:47:52 Africa/Lagos] ROUTER END: Successfully served /home/academixsuite/public_html/tenant/{school-slug}/admin/student-list.php
[05-Mar-2026 17:08:02 Africa/Lagos] === STUDENT LIST PAGE START ===
[05-Mar-2026 17:08:02 Africa/Lagos] Request URI: /tenant/bitflux-wallet-1771434696/admin/student-list.php
[05-Mar-2026 17:08:02 Africa/Lagos] Script: /home/academixsuite/public_html/tenant/{school-slug}/admin/student-list.php
[05-Mar-2026 17:08:02 Africa/Lagos] School database connection successful
[05-Mar-2026 17:08:02 Africa/Lagos] Loaded 21 settings records
[05-Mar-2026 17:08:02 Africa/Lagos] Loaded user data for ID: 1
[05-Mar-2026 17:08:02 Africa/Lagos] Loaded 1 classes
[05-Mar-2026 17:08:02 Africa/Lagos] Loaded 1 sections
[05-Mar-2026 17:08:02 Africa/Lagos] Fetched 2 students from database
[05-Mar-2026 17:08:02 Africa/Lagos] Sample student data: {"id":2,"first_name":"Bibi","last_name":"Agundu","class_name":"grade 10","section_name":"section a"}
[05-Mar-2026 17:08:02 Africa/Lagos] === STUDENT LIST PAGE END ===
[05-Mar-2026 17:08:02 Africa/Lagos] Total students displayed: 2
[05-Mar-2026 17:08:02 Africa/Lagos] ROUTER END: Successfully served /home/academixsuite/public_html/tenant/{school-slug}/admin/student-list.php
[05-Mar-2026 17:14:16 Africa/Lagos] === STUDENT LIST PAGE START ===
[05-Mar-2026 17:14:16 Africa/Lagos] Request URI: /tenant/bitflux-wallet-1771434696/admin/student-list.php
[05-Mar-2026 17:14:16 Africa/Lagos] Script: /home/academixsuite/public_html/tenant/{school-slug}/admin/student-list.php
[05-Mar-2026 17:14:16 Africa/Lagos] School database connection successful
[05-Mar-2026 17:14:16 Africa/Lagos] Loaded 21 settings records
[05-Mar-2026 17:14:16 Africa/Lagos] Loaded user data for ID: 1
[05-Mar-2026 17:14:16 Africa/Lagos] Loaded 1 classes
[05-Mar-2026 17:14:16 Africa/Lagos] Loaded 1 sections
[05-Mar-2026 17:14:16 Africa/Lagos] Fetched 2 students from database
[05-Mar-2026 17:14:16 Africa/Lagos] Sample student data: {"id":2,"first_name":"Bibi","last_name":"Agundu","class_name":"grade 10","section_name":"section a"}
[05-Mar-2026 17:14:16 Africa/Lagos] === STUDENT LIST PAGE END ===
[05-Mar-2026 17:14:16 Africa/Lagos] Total students displayed: 2
[05-Mar-2026 17:14:16 Africa/Lagos] ROUTER END: Successfully served /home/academixsuite/public_html/tenant/{school-slug}/admin/student-list.php
[05-Mar-2026 17:15:07 Africa/Lagos] === STUDENT LIST PAGE START ===
[05-Mar-2026 17:15:07 Africa/Lagos] Request URI: /tenant/bitflux-wallet-1771434696/admin/student-list.php
[05-Mar-2026 17:15:07 Africa/Lagos] Script: /home/academixsuite/public_html/tenant/{school-slug}/admin/student-list.php
[05-Mar-2026 17:15:07 Africa/Lagos] School database connection successful
[05-Mar-2026 17:15:07 Africa/Lagos] Loaded 21 settings records
[05-Mar-2026 17:15:07 Africa/Lagos] Loaded user data for ID: 1
[05-Mar-2026 17:15:07 Africa/Lagos] Loaded 1 classes
[05-Mar-2026 17:15:07 Africa/Lagos] Loaded 1 sections
[05-Mar-2026 17:15:07 Africa/Lagos] Fetched 2 students from database
[05-Mar-2026 17:15:07 Africa/Lagos] Sample student data: {"id":2,"first_name":"Bibi","last_name":"Agundu","class_name":"grade 10","section_name":"section a"}
[05-Mar-2026 17:15:07 Africa/Lagos] === STUDENT LIST PAGE END ===
[05-Mar-2026 17:15:07 Africa/Lagos] Total students displayed: 2
[05-Mar-2026 17:15:07 Africa/Lagos] ROUTER END: Successfully served /home/academixsuite/public_html/tenant/{school-slug}/admin/student-list.php
[05-Mar-2026 17:16:24 Africa/Lagos] === STUDENT LIST PAGE START ===
[05-Mar-2026 17:16:24 Africa/Lagos] Request URI: /tenant/bitflux-wallet-1771434696/admin/student-list.php
[05-Mar-2026 17:16:24 Africa/Lagos] Script: /home/academixsuite/public_html/tenant/{school-slug}/admin/student-list.php
[05-Mar-2026 17:16:24 Africa/Lagos] School database connection successful
[05-Mar-2026 17:16:24 Africa/Lagos] Loaded 21 settings records
[05-Mar-2026 17:16:24 Africa/Lagos] Loaded user data for ID: 1
[05-Mar-2026 17:16:24 Africa/Lagos] Loaded 1 classes
[05-Mar-2026 17:16:24 Africa/Lagos] Loaded 1 sections
[05-Mar-2026 17:16:24 Africa/Lagos] Fetched 2 students from database
[05-Mar-2026 17:16:24 Africa/Lagos] Sample student data: {"id":2,"first_name":"Bibi","last_name":"Agundu","class_name":"grade 10","section_name":"section a"}
[05-Mar-2026 17:16:24 Africa/Lagos] === STUDENT LIST PAGE END ===
[05-Mar-2026 17:16:24 Africa/Lagos] Total students displayed: 2
[05-Mar-2026 17:16:24 Africa/Lagos] ROUTER END: Successfully served /home/academixsuite/public_html/tenant/{school-slug}/admin/student-list.php
[05-Mar-2026 17:21:33 Africa/Lagos] === STUDENT LIST PAGE START ===
[05-Mar-2026 17:21:33 Africa/Lagos] Request URI: /tenant/bitflux-wallet-1771434696/admin/student-list.php
[05-Mar-2026 17:21:33 Africa/Lagos] Script: /home/academixsuite/public_html/tenant/{school-slug}/admin/student-list.php
[05-Mar-2026 17:21:33 Africa/Lagos] School database connection successful
[05-Mar-2026 17:21:33 Africa/Lagos] Loaded 21 settings records
[05-Mar-2026 17:21:33 Africa/Lagos] Loaded user data for ID: 1
[05-Mar-2026 17:21:33 Africa/Lagos] Loaded 1 classes
[05-Mar-2026 17:21:33 Africa/Lagos] Loaded 1 sections
[05-Mar-2026 17:21:33 Africa/Lagos] Fetched 2 students from database
[05-Mar-2026 17:21:33 Africa/Lagos] Sample student data: {"id":2,"first_name":"Bibi","last_name":"Agundu","class_name":"grade 10","section_name":"section a"}
[05-Mar-2026 17:21:33 Africa/Lagos] === STUDENT LIST PAGE END ===
[05-Mar-2026 17:21:33 Africa/Lagos] Total students displayed: 2
[05-Mar-2026 17:21:33 Africa/Lagos] ROUTER END: Successfully served /home/academixsuite/public_html/tenant/{school-slug}/admin/student-list.php
[05-Mar-2026 18:35:29 Africa/Lagos] === STUDENT LIST PAGE START ===
[05-Mar-2026 18:35:29 Africa/Lagos] Request URI: /tenant/bitflux-wallet-1771434696/admin/student-list.php
[05-Mar-2026 18:35:29 Africa/Lagos] Script: /home/academixsuite/public_html/tenant/{school-slug}/admin/student-list.php
[05-Mar-2026 18:35:29 Africa/Lagos] School database connection successful
[05-Mar-2026 18:35:29 Africa/Lagos] Loaded 21 settings records
[05-Mar-2026 18:35:29 Africa/Lagos] Loaded user data for ID: 1
[05-Mar-2026 18:35:29 Africa/Lagos] Loaded 1 classes
[05-Mar-2026 18:35:29 Africa/Lagos] Loaded 1 sections
[05-Mar-2026 18:35:29 Africa/Lagos] Fetched 2 students from database
[05-Mar-2026 18:35:29 Africa/Lagos] Sample student data: {"id":2,"first_name":"Bibi","last_name":"Agundu","class_name":"grade 10","section_name":"section a"}
[05-Mar-2026 18:35:29 Africa/Lagos] === STUDENT LIST PAGE END ===
[05-Mar-2026 18:35:29 Africa/Lagos] Total students displayed: 2
[05-Mar-2026 18:35:29 Africa/Lagos] ROUTER END: Successfully served /home/academixsuite/public_html/tenant/{school-slug}/admin/student-list.php
[05-Mar-2026 18:35:57 Africa/Lagos] === STUDENT LIST PAGE START ===
[05-Mar-2026 18:35:57 Africa/Lagos] Request URI: /tenant/bitflux-wallet-1771434696/admin/student-list.php
[05-Mar-2026 18:35:57 Africa/Lagos] Script: /home/academixsuite/public_html/tenant/{school-slug}/admin/student-list.php
[05-Mar-2026 18:35:57 Africa/Lagos] School database connection successful
[05-Mar-2026 18:35:57 Africa/Lagos] Loaded 21 settings records
[05-Mar-2026 18:35:57 Africa/Lagos] Loaded user data for ID: 1
[05-Mar-2026 18:35:57 Africa/Lagos] Loaded 1 classes
[05-Mar-2026 18:35:57 Africa/Lagos] Loaded 1 sections
[05-Mar-2026 18:35:57 Africa/Lagos] Fetched 2 students from database
[05-Mar-2026 18:35:57 Africa/Lagos] Sample student data: {"id":2,"first_name":"Bibi","last_name":"Agundu","class_name":"grade 10","section_name":"section a"}
[05-Mar-2026 18:35:57 Africa/Lagos] === STUDENT LIST PAGE END ===
[05-Mar-2026 18:35:57 Africa/Lagos] Total students displayed: 2
[05-Mar-2026 18:35:57 Africa/Lagos] ROUTER END: Successfully served /home/academixsuite/public_html/tenant/{school-slug}/admin/student-list.php
[05-Mar-2026 18:36:55 Africa/Lagos] === STUDENT LIST PAGE START ===
[05-Mar-2026 18:36:55 Africa/Lagos] Request URI: /tenant/bitflux-wallet-1771434696/admin/student-list.php
[05-Mar-2026 18:36:55 Africa/Lagos] Script: /home/academixsuite/public_html/tenant/{school-slug}/admin/student-list.php
[05-Mar-2026 18:36:55 Africa/Lagos] School database connection successful
[05-Mar-2026 18:36:55 Africa/Lagos] Loaded 21 settings records
[05-Mar-2026 18:36:55 Africa/Lagos] Loaded user data for ID: 1
[05-Mar-2026 18:36:55 Africa/Lagos] Loaded 1 classes
[05-Mar-2026 18:36:55 Africa/Lagos] Loaded 1 sections
[05-Mar-2026 18:36:55 Africa/Lagos] Fetched 2 students from database
[05-Mar-2026 18:36:55 Africa/Lagos] Sample student data: {"id":2,"first_name":"Bibi","last_name":"Agundu","class_name":"grade 10","section_name":"section a"}
[05-Mar-2026 18:36:55 Africa/Lagos] === STUDENT LIST PAGE END ===
[05-Mar-2026 18:36:55 Africa/Lagos] Total students displayed: 2
[05-Mar-2026 18:36:55 Africa/Lagos] ROUTER END: Successfully served /home/academixsuite/public_html/tenant/{school-slug}/admin/student-list.php
[05-Mar-2026 20:56:48 Africa/Lagos] === STUDENT LIST PAGE START ===
[05-Mar-2026 20:56:48 Africa/Lagos] Request URI: /tenant/bitflux-wallet-1771434696/admin/student-list.php
[05-Mar-2026 20:56:48 Africa/Lagos] Script: /home/academixsuite/public_html/tenant/{school-slug}/admin/student-list.php
[05-Mar-2026 20:56:48 Africa/Lagos] School database connection successful
[05-Mar-2026 20:56:48 Africa/Lagos] Loaded 21 settings records
[05-Mar-2026 20:56:48 Africa/Lagos] Loaded user data for ID: 1
[05-Mar-2026 20:56:48 Africa/Lagos] Loaded 2 classes
[05-Mar-2026 20:56:48 Africa/Lagos] Loaded 2 sections
[05-Mar-2026 20:56:48 Africa/Lagos] Fetched 2 students from database
[05-Mar-2026 20:56:48 Africa/Lagos] Sample student data: {"id":2,"first_name":"Bibi","last_name":"Agundu","class_name":"grade 10","section_name":"section a"}
[05-Mar-2026 20:56:48 Africa/Lagos] === STUDENT LIST PAGE END ===
[05-Mar-2026 20:56:48 Africa/Lagos] Total students displayed: 2
[05-Mar-2026 20:56:48 Africa/Lagos] ROUTER END: Successfully served /home/academixsuite/public_html/tenant/{school-slug}/admin/student-list.php
[05-Mar-2026 21:07:00 Africa/Lagos] === STUDENT LIST PAGE START ===
[05-Mar-2026 21:07:00 Africa/Lagos] Request URI: /tenant/bitflux-wallet-1771434696/admin/student-list.php
[05-Mar-2026 21:07:00 Africa/Lagos] Script: /home/academixsuite/public_html/tenant/{school-slug}/admin/student-list.php
[05-Mar-2026 21:07:00 Africa/Lagos] School database connection successful
[05-Mar-2026 21:07:00 Africa/Lagos] Loaded 21 settings records
[05-Mar-2026 21:07:00 Africa/Lagos] Loaded user data for ID: 1
[05-Mar-2026 21:07:00 Africa/Lagos] Loaded 2 classes
[05-Mar-2026 21:07:00 Africa/Lagos] Loaded 2 sections
[05-Mar-2026 21:07:00 Africa/Lagos] Fetched 2 students from database
[05-Mar-2026 21:07:00 Africa/Lagos] Sample student data: {"id":2,"first_name":"Bibi","last_name":"Agundu","class_name":"grade 10","section_name":"section a"}
[05-Mar-2026 21:07:00 Africa/Lagos] === STUDENT LIST PAGE END ===
[05-Mar-2026 21:07:00 Africa/Lagos] Total students displayed: 2
[05-Mar-2026 21:07:00 Africa/Lagos] ROUTER END: Successfully served /home/academixsuite/public_html/tenant/{school-slug}/admin/student-list.php
[06-Mar-2026 02:31:43 Africa/Lagos] === STUDENT LIST PAGE START ===
[06-Mar-2026 02:31:43 Africa/Lagos] Request URI: /tenant/bitflux-wallet-1771434696/admin/student-list.php
[06-Mar-2026 02:31:43 Africa/Lagos] Script: /home/academixsuite/public_html/tenant/{school-slug}/admin/student-list.php
[06-Mar-2026 02:31:43 Africa/Lagos] School database connection successful
[06-Mar-2026 02:31:43 Africa/Lagos] Loaded 21 settings records
[06-Mar-2026 02:31:43 Africa/Lagos] Loaded user data for ID: 1
[06-Mar-2026 02:31:43 Africa/Lagos] Loaded 2 classes
[06-Mar-2026 02:31:43 Africa/Lagos] Loaded 2 sections
[06-Mar-2026 02:31:43 Africa/Lagos] Fetched 2 students from database
[06-Mar-2026 02:31:43 Africa/Lagos] Sample student data: {"id":2,"first_name":"Bibi","last_name":"Agundu","class_name":"grade 10","section_name":"section a"}
[06-Mar-2026 02:31:43 Africa/Lagos] === STUDENT LIST PAGE END ===
[06-Mar-2026 02:31:43 Africa/Lagos] Total students displayed: 2
[06-Mar-2026 02:31:43 Africa/Lagos] ROUTER END: Successfully served /home/academixsuite/public_html/tenant/{school-slug}/admin/student-list.php
[06-Mar-2026 02:33:03 Africa/Lagos] === STUDENT LIST PAGE START ===
[06-Mar-2026 02:33:03 Africa/Lagos] Request URI: /tenant/bitflux-wallet-1771434696/admin/student-list.php
[06-Mar-2026 02:33:03 Africa/Lagos] Script: /home/academixsuite/public_html/tenant/{school-slug}/admin/student-list.php
[06-Mar-2026 02:33:03 Africa/Lagos] School database connection successful
[06-Mar-2026 02:33:03 Africa/Lagos] Loaded 21 settings records
[06-Mar-2026 02:33:03 Africa/Lagos] Loaded user data for ID: 1
[06-Mar-2026 02:33:03 Africa/Lagos] Loaded 2 classes
[06-Mar-2026 02:33:03 Africa/Lagos] Loaded 2 sections
[06-Mar-2026 02:33:03 Africa/Lagos] Fetched 2 students from database
[06-Mar-2026 02:33:03 Africa/Lagos] Sample student data: {"id":2,"first_name":"Bibi","last_name":"Agundu","class_name":"grade 10","section_name":"section a"}
[06-Mar-2026 02:33:03 Africa/Lagos] === STUDENT LIST PAGE END ===
[06-Mar-2026 02:33:03 Africa/Lagos] Total students displayed: 2
[06-Mar-2026 02:33:03 Africa/Lagos] ROUTER END: Successfully served /home/academixsuite/public_html/tenant/{school-slug}/admin/student-list.php
[06-Mar-2026 08:53:48 Africa/Lagos] === STUDENT LIST PAGE START ===
[06-Mar-2026 08:53:48 Africa/Lagos] Request URI: /tenant/bitflux-wallet-1771434696/admin/student-list.php
[06-Mar-2026 08:53:48 Africa/Lagos] Script: /home/academixsuite/public_html/tenant/{school-slug}/admin/student-list.php
[06-Mar-2026 08:53:48 Africa/Lagos] School database connection successful
[06-Mar-2026 08:53:48 Africa/Lagos] Loaded 21 settings records
[06-Mar-2026 08:53:48 Africa/Lagos] Loaded user data for ID: 1
[06-Mar-2026 08:53:48 Africa/Lagos] Loaded 2 classes
[06-Mar-2026 08:53:48 Africa/Lagos] Loaded 2 sections
[06-Mar-2026 08:53:48 Africa/Lagos] Fetched 3 students from database
[06-Mar-2026 08:53:48 Africa/Lagos] Sample student data: {"id":3,"first_name":"Uzochukwu","last_name":"Jessica","class_name":"grade 1","section_name":"afternoon"}
[06-Mar-2026 08:53:48 Africa/Lagos] === STUDENT LIST PAGE END ===
[06-Mar-2026 08:53:48 Africa/Lagos] Total students displayed: 3
[06-Mar-2026 08:53:48 Africa/Lagos] ROUTER END: Successfully served /home/academixsuite/public_html/tenant/{school-slug}/admin/student-list.php
[06-Mar-2026 10:40:03 Africa/Lagos] === STUDENT LIST PAGE START ===
[06-Mar-2026 10:40:03 Africa/Lagos] Request URI: /tenant/bitflux-wallet-1771434696/admin/student-list.php
[06-Mar-2026 10:40:03 Africa/Lagos] Script: /home/academixsuite/public_html/tenant/{school-slug}/admin/student-list.php
[06-Mar-2026 10:40:03 Africa/Lagos] School database connection successful
[06-Mar-2026 10:40:03 Africa/Lagos] Loaded 21 settings records
[06-Mar-2026 10:40:03 Africa/Lagos] Loaded user data for ID: 1
[06-Mar-2026 10:40:03 Africa/Lagos] Loaded 16 classes
[06-Mar-2026 10:40:03 Africa/Lagos] Loaded 3 sections
[06-Mar-2026 10:40:03 Africa/Lagos] Fetched 3 students from database
[06-Mar-2026 10:40:03 Africa/Lagos] Sample student data: {"id":3,"first_name":"Uzochukwu","last_name":"Jessica","class_name":"grade 1","section_name":"afternoon"}
[06-Mar-2026 10:40:03 Africa/Lagos] === STUDENT LIST PAGE END ===
[06-Mar-2026 10:40:03 Africa/Lagos] Total students displayed: 3
[06-Mar-2026 10:40:03 Africa/Lagos] ROUTER END: Successfully served /home/academixsuite/public_html/tenant/{school-slug}/admin/student-list.php
[06-Mar-2026 10:43:41 Africa/Lagos] === STUDENT LIST PAGE START ===
[06-Mar-2026 10:43:41 Africa/Lagos] Request URI: /tenant/bitflux-wallet-1771434696/admin/student-list.php
[06-Mar-2026 10:43:41 Africa/Lagos] Script: /home/academixsuite/public_html/tenant/{school-slug}/admin/student-list.php
[06-Mar-2026 10:43:41 Africa/Lagos] School database connection successful
[06-Mar-2026 10:43:41 Africa/Lagos] Loaded 21 settings records
[06-Mar-2026 10:43:41 Africa/Lagos] Loaded user data for ID: 1
[06-Mar-2026 10:43:41 Africa/Lagos] Loaded 16 classes
[06-Mar-2026 10:43:41 Africa/Lagos] Loaded 3 sections
[06-Mar-2026 10:43:41 Africa/Lagos] Fetched 3 students from database
[06-Mar-2026 10:43:41 Africa/Lagos] Sample student data: {"id":3,"first_name":"Uzochukwu","last_name":"Jessica","class_name":"grade 1","section_name":"afternoon"}
[06-Mar-2026 10:43:41 Africa/Lagos] === STUDENT LIST PAGE END ===
[06-Mar-2026 10:43:41 Africa/Lagos] Total students displayed: 3
[06-Mar-2026 10:43:41 Africa/Lagos] ROUTER END: Successfully served /home/academixsuite/public_html/tenant/{school-slug}/admin/student-list.php
[06-Mar-2026 11:08:16 Africa/Lagos] === STUDENT LIST PAGE START ===
[06-Mar-2026 11:08:16 Africa/Lagos] Request URI: /tenant/bitflux-wallet-1771434696/admin/student-list.php
[06-Mar-2026 11:08:16 Africa/Lagos] Script: /home/academixsuite/public_html/tenant/{school-slug}/admin/student-list.php
[06-Mar-2026 11:08:16 Africa/Lagos] School database connection successful
[06-Mar-2026 11:08:16 Africa/Lagos] Loaded 21 settings records
[06-Mar-2026 11:08:16 Africa/Lagos] Loaded user data for ID: 1
[06-Mar-2026 11:08:16 Africa/Lagos] Loaded 16 classes
[06-Mar-2026 11:08:16 Africa/Lagos] Loaded 3 sections
[06-Mar-2026 11:08:16 Africa/Lagos] Fetched 3 students from database
[06-Mar-2026 11:08:16 Africa/Lagos] Sample student data: {"id":3,"first_name":"Uzochukwu","last_name":"Jessica","class_name":"grade 1","section_name":"afternoon"}
[06-Mar-2026 11:08:16 Africa/Lagos] === STUDENT LIST PAGE END ===
[06-Mar-2026 11:08:16 Africa/Lagos] Total students displayed: 3
[06-Mar-2026 11:08:16 Africa/Lagos] ROUTER END: Successfully served /home/academixsuite/public_html/tenant/{school-slug}/admin/student-list.php
[06-Mar-2026 12:03:42 Africa/Lagos] === STUDENT LIST PAGE START ===
[06-Mar-2026 12:03:42 Africa/Lagos] Request URI: /tenant/bitflux-wallet-1771434696/admin/student-list.php
[06-Mar-2026 12:03:42 Africa/Lagos] Script: /home/academixsuite/public_html/tenant/{school-slug}/admin/student-list.php
[06-Mar-2026 12:03:42 Africa/Lagos] School database connection successful
[06-Mar-2026 12:03:42 Africa/Lagos] Loaded 21 settings records
[06-Mar-2026 12:03:42 Africa/Lagos] Loaded user data for ID: 1
[06-Mar-2026 12:03:42 Africa/Lagos] Loaded 16 classes
[06-Mar-2026 12:03:42 Africa/Lagos] Loaded 3 sections
[06-Mar-2026 12:03:42 Africa/Lagos] Fetched 3 students from database
[06-Mar-2026 12:03:42 Africa/Lagos] Sample student data: {"id":3,"first_name":"Uzochukwu","last_name":"Jessica","class_name":"grade 1","section_name":"afternoon"}
[06-Mar-2026 12:03:42 Africa/Lagos] === STUDENT LIST PAGE END ===
[06-Mar-2026 12:03:42 Africa/Lagos] Total students displayed: 3
[06-Mar-2026 12:03:42 Africa/Lagos] ROUTER END: Successfully served /home/academixsuite/public_html/tenant/{school-slug}/admin/student-list.php
[06-Mar-2026 12:19:45 Africa/Lagos] === STUDENT LIST PAGE START ===
[06-Mar-2026 12:19:45 Africa/Lagos] Request URI: /tenant/bitflux-wallet-1771434696/admin/student-list.php
[06-Mar-2026 12:19:45 Africa/Lagos] Script: /home/academixsuite/public_html/tenant/{school-slug}/admin/student-list.php
[06-Mar-2026 12:19:45 Africa/Lagos] School database connection successful
[06-Mar-2026 12:19:45 Africa/Lagos] Loaded 21 settings records
[06-Mar-2026 12:19:45 Africa/Lagos] Loaded user data for ID: 1
[06-Mar-2026 12:19:45 Africa/Lagos] Loaded 16 classes
[06-Mar-2026 12:19:45 Africa/Lagos] Loaded 3 sections
[06-Mar-2026 12:19:45 Africa/Lagos] Fetched 3 students from database
[06-Mar-2026 12:19:45 Africa/Lagos] Sample student data: {"id":3,"first_name":"Uzochukwu","last_name":"Jessica","class_name":"grade 1","section_name":"afternoon"}
[06-Mar-2026 12:19:45 Africa/Lagos] === STUDENT LIST PAGE END ===
[06-Mar-2026 12:19:45 Africa/Lagos] Total students displayed: 3
[06-Mar-2026 12:19:45 Africa/Lagos] ROUTER END: Successfully served /home/academixsuite/public_html/tenant/{school-slug}/admin/student-list.php
[06-Mar-2026 12:29:18 Africa/Lagos] === STUDENT LIST PAGE START ===
[06-Mar-2026 12:29:18 Africa/Lagos] Request URI: /tenant/bitflux-wallet-1771434696/admin/student-list.php
[06-Mar-2026 12:29:18 Africa/Lagos] Script: /home/academixsuite/public_html/tenant/{school-slug}/admin/student-list.php
[06-Mar-2026 12:29:18 Africa/Lagos] School database connection successful
[06-Mar-2026 12:29:18 Africa/Lagos] Loaded 21 settings records
[06-Mar-2026 12:29:18 Africa/Lagos] Loaded user data for ID: 1
[06-Mar-2026 12:29:18 Africa/Lagos] Loaded 16 classes
[06-Mar-2026 12:29:18 Africa/Lagos] Loaded 3 sections
[06-Mar-2026 12:29:18 Africa/Lagos] Fetched 3 students from database
[06-Mar-2026 12:29:18 Africa/Lagos] Sample student data: {"id":3,"first_name":"Uzochukwu","last_name":"Jessica","class_name":"grade 1","section_name":"afternoon"}
[06-Mar-2026 12:29:18 Africa/Lagos] === STUDENT LIST PAGE END ===
[06-Mar-2026 12:29:18 Africa/Lagos] Total students displayed: 3
[06-Mar-2026 12:29:18 Africa/Lagos] ROUTER END: Successfully served /home/academixsuite/public_html/tenant/{school-slug}/admin/student-list.php
[06-Mar-2026 13:08:47 Africa/Lagos] === STUDENT LIST PAGE START ===
[06-Mar-2026 13:08:47 Africa/Lagos] Request URI: /tenant/bitflux-wallet-1771434696/admin/student-list.php
[06-Mar-2026 13:08:47 Africa/Lagos] Script: /home/academixsuite/public_html/tenant/{school-slug}/admin/student-list.php
[06-Mar-2026 13:08:47 Africa/Lagos] School database connection successful
[06-Mar-2026 13:08:47 Africa/Lagos] Loaded 21 settings records
[06-Mar-2026 13:08:47 Africa/Lagos] Loaded user data for ID: 1
[06-Mar-2026 13:08:47 Africa/Lagos] Loaded 16 classes
[06-Mar-2026 13:08:47 Africa/Lagos] Loaded 3 sections
[06-Mar-2026 13:08:47 Africa/Lagos] Fetched 3 students from database
[06-Mar-2026 13:08:47 Africa/Lagos] Sample student data: {"id":3,"first_name":"Uzochukwu","last_name":"Jessica","class_name":"grade 1","section_name":"afternoon"}
[06-Mar-2026 13:08:47 Africa/Lagos] === STUDENT LIST PAGE END ===
[06-Mar-2026 13:08:47 Africa/Lagos] Total students displayed: 3
[06-Mar-2026 13:08:47 Africa/Lagos] ROUTER END: Successfully served /home/academixsuite/public_html/tenant/{school-slug}/admin/student-list.php
[06-Mar-2026 13:09:19 Africa/Lagos] === STUDENT LIST PAGE START ===
[06-Mar-2026 13:09:19 Africa/Lagos] Request URI: /tenant/bitflux-wallet-1771434696/admin/student-list.php
[06-Mar-2026 13:09:19 Africa/Lagos] Script: /home/academixsuite/public_html/tenant/{school-slug}/admin/student-list.php
[06-Mar-2026 13:09:19 Africa/Lagos] School database connection successful
[06-Mar-2026 13:09:19 Africa/Lagos] Loaded 21 settings records
[06-Mar-2026 13:09:19 Africa/Lagos] Loaded user data for ID: 1
[06-Mar-2026 13:09:19 Africa/Lagos] Loaded 16 classes
[06-Mar-2026 13:09:19 Africa/Lagos] Loaded 3 sections
[06-Mar-2026 13:09:19 Africa/Lagos] Fetched 3 students from database
[06-Mar-2026 13:09:19 Africa/Lagos] Sample student data: {"id":3,"first_name":"Uzochukwu","last_name":"Jessica","class_name":"grade 1","section_name":"afternoon"}
[06-Mar-2026 13:09:19 Africa/Lagos] === STUDENT LIST PAGE END ===
[06-Mar-2026 13:09:19 Africa/Lagos] Total students displayed: 3
[06-Mar-2026 13:09:19 Africa/Lagos] ROUTER END: Successfully served /home/academixsuite/public_html/tenant/{school-slug}/admin/student-list.php
[06-Mar-2026 19:54:25 Africa/Lagos] === STUDENT LIST PAGE START ===
[06-Mar-2026 19:54:25 Africa/Lagos] Request URI: /tenant/bitflux-wallet-1771434696/admin/student-list.php?section_id=2
[06-Mar-2026 19:54:25 Africa/Lagos] Script: /home/academixsuite/public_html/tenant/{school-slug}/admin/student-list.php
[06-Mar-2026 19:54:25 Africa/Lagos] School database connection successful
[06-Mar-2026 19:54:25 Africa/Lagos] Loaded 21 settings records
[06-Mar-2026 19:54:25 Africa/Lagos] Loaded user data for ID: 1
[06-Mar-2026 19:54:25 Africa/Lagos] Loaded 16 classes
[06-Mar-2026 19:54:25 Africa/Lagos] Loaded 3 sections
[06-Mar-2026 19:54:25 Africa/Lagos] Fetched 3 students from database
[06-Mar-2026 19:54:25 Africa/Lagos] Sample student data: {"id":3,"first_name":"Uzochukwu","last_name":"Jessica","class_name":"grade 1","section_name":"afternoon"}
[06-Mar-2026 19:54:25 Africa/Lagos] === STUDENT LIST PAGE END ===
[06-Mar-2026 19:54:25 Africa/Lagos] Total students displayed: 3
[06-Mar-2026 19:54:25 Africa/Lagos] ROUTER END: Successfully served /home/academixsuite/public_html/tenant/{school-slug}/admin/student-list.php
[06-Mar-2026 19:58:55 Africa/Lagos] === STUDENT LIST PAGE START ===
[06-Mar-2026 19:58:55 Africa/Lagos] Request URI: /tenant/bitflux-wallet-1771434696/admin/student-list.php
[06-Mar-2026 19:58:55 Africa/Lagos] Script: /home/academixsuite/public_html/tenant/{school-slug}/admin/student-list.php
[06-Mar-2026 19:58:55 Africa/Lagos] School database connection successful
[06-Mar-2026 19:58:55 Africa/Lagos] Loaded 21 settings records
[06-Mar-2026 19:58:55 Africa/Lagos] Loaded user data for ID: 1
[06-Mar-2026 19:58:55 Africa/Lagos] Loaded 16 classes
[06-Mar-2026 19:58:55 Africa/Lagos] Loaded 3 sections
[06-Mar-2026 19:58:55 Africa/Lagos] Fetched 3 students from database
[06-Mar-2026 19:58:55 Africa/Lagos] Sample student data: {"id":3,"first_name":"Uzochukwu","last_name":"Jessica","class_name":"grade 1","section_name":"afternoon"}
[06-Mar-2026 19:58:55 Africa/Lagos] === STUDENT LIST PAGE END ===
[06-Mar-2026 19:58:55 Africa/Lagos] Total students displayed: 3
[06-Mar-2026 19:58:55 Africa/Lagos] ROUTER END: Successfully served /home/academixsuite/public_html/tenant/{school-slug}/admin/student-list.php
[06-Mar-2026 20:06:16 Africa/Lagos] === STUDENT LIST PAGE START ===
[06-Mar-2026 20:06:16 Africa/Lagos] Request URI: /tenant/bitflux-wallet-1771434696/admin/student-list.php
[06-Mar-2026 20:06:16 Africa/Lagos] Script: /home/academixsuite/public_html/tenant/{school-slug}/admin/student-list.php
[06-Mar-2026 20:06:16 Africa/Lagos] School database connection successful
[06-Mar-2026 20:06:16 Africa/Lagos] GuardianManager initialized for school ID: 6
[06-Mar-2026 20:06:16 Africa/Lagos] Loaded 21 settings records
[06-Mar-2026 20:06:16 Africa/Lagos] Loaded user data for ID: 1
[06-Mar-2026 20:06:16 Africa/Lagos] Loaded 16 classes
[06-Mar-2026 20:06:16 Africa/Lagos] Loaded 3 sections
[06-Mar-2026 20:06:16 Africa/Lagos] Fetched 3 students from database
[06-Mar-2026 20:06:16 Africa/Lagos] Sample student data: {"id":3,"first_name":"Uzochukwu","last_name":"Jessica","class_name":"grade 1","section_name":"afternoon"}
[06-Mar-2026 20:06:16 Africa/Lagos] === STUDENT LIST PAGE END ===
[06-Mar-2026 20:06:16 Africa/Lagos] Total students displayed: 3
[06-Mar-2026 20:06:16 Africa/Lagos] ROUTER END: Successfully served /home/academixsuite/public_html/tenant/{school-slug}/admin/student-list.php
[06-Mar-2026 20:06:42 Africa/Lagos] === STUDENT LIST PAGE START ===
[06-Mar-2026 20:06:42 Africa/Lagos] Request URI: /tenant/bitflux-wallet-1771434696/admin/student-list.php
[06-Mar-2026 20:06:42 Africa/Lagos] Script: /home/academixsuite/public_html/tenant/{school-slug}/admin/student-list.php
[06-Mar-2026 20:06:42 Africa/Lagos] School database connection successful
[06-Mar-2026 20:06:42 Africa/Lagos] GuardianManager initialized for school ID: 6
[06-Mar-2026 20:06:42 Africa/Lagos] Loaded 21 settings records
[06-Mar-2026 20:06:42 Africa/Lagos] Loaded user data for ID: 1
[06-Mar-2026 20:06:42 Africa/Lagos] Loaded 16 classes
[06-Mar-2026 20:06:42 Africa/Lagos] Loaded 3 sections
[06-Mar-2026 20:06:42 Africa/Lagos] Fetched 3 students from database
[06-Mar-2026 20:06:42 Africa/Lagos] Sample student data: {"id":3,"first_name":"Uzochukwu","last_name":"Jessica","class_name":"grade 1","section_name":"afternoon"}
[06-Mar-2026 20:06:42 Africa/Lagos] === STUDENT LIST PAGE END ===
[06-Mar-2026 20:06:42 Africa/Lagos] Total students displayed: 3
[06-Mar-2026 20:06:42 Africa/Lagos] ROUTER END: Successfully served /home/academixsuite/public_html/tenant/{school-slug}/admin/student-list.php
[06-Mar-2026 20:07:29 Africa/Lagos] === STUDENT LIST PAGE START ===
[06-Mar-2026 20:07:29 Africa/Lagos] Request URI: /tenant/bitflux-wallet-1771434696/admin/student-list.php
[06-Mar-2026 20:07:29 Africa/Lagos] Script: /home/academixsuite/public_html/tenant/{school-slug}/admin/student-list.php
[06-Mar-2026 20:07:29 Africa/Lagos] School database connection successful
[06-Mar-2026 20:07:29 Africa/Lagos] GuardianManager initialized for school ID: 6
[06-Mar-2026 20:07:29 Africa/Lagos] Loaded 21 settings records
[06-Mar-2026 20:07:29 Africa/Lagos] Loaded user data for ID: 1
[06-Mar-2026 20:07:29 Africa/Lagos] Loaded 16 classes
[06-Mar-2026 20:07:29 Africa/Lagos] Loaded 3 sections
[06-Mar-2026 20:07:29 Africa/Lagos] Fetched 3 students from database
[06-Mar-2026 20:07:29 Africa/Lagos] Sample student data: {"id":3,"first_name":"Uzochukwu","last_name":"Jessica","class_name":"grade 1","section_name":"afternoon"}
[06-Mar-2026 20:07:29 Africa/Lagos] === STUDENT LIST PAGE END ===
[06-Mar-2026 20:07:29 Africa/Lagos] Total students displayed: 3
[06-Mar-2026 20:07:29 Africa/Lagos] ROUTER END: Successfully served /home/academixsuite/public_html/tenant/{school-slug}/admin/student-list.php
[06-Mar-2026 20:16:26 Africa/Lagos] === STUDENT LIST PAGE START ===
[06-Mar-2026 20:16:26 Africa/Lagos] Request URI: /tenant/bitflux-wallet-1771434696/admin/student-list.php
[06-Mar-2026 20:16:26 Africa/Lagos] Script: /home/academixsuite/public_html/tenant/{school-slug}/admin/student-list.php
[06-Mar-2026 20:16:26 Africa/Lagos] School database connection successful
[06-Mar-2026 20:16:26 Africa/Lagos] GuardianManager initialized for school ID: 6
[06-Mar-2026 20:16:26 Africa/Lagos] Loaded 21 settings records
[06-Mar-2026 20:16:26 Africa/Lagos] Loaded user data for ID: 1
[06-Mar-2026 20:16:26 Africa/Lagos] Loaded 16 classes
[06-Mar-2026 20:16:26 Africa/Lagos] Loaded 3 sections
[06-Mar-2026 20:16:26 Africa/Lagos] Fetched 3 students from database
[06-Mar-2026 20:16:26 Africa/Lagos] Sample student data: {"id":3,"first_name":"Uzochukwu","last_name":"Jessica","class_name":"grade 1","section_name":"afternoon"}
[06-Mar-2026 20:16:26 Africa/Lagos] === STUDENT LIST PAGE END ===
[06-Mar-2026 20:16:26 Africa/Lagos] Total students displayed: 3
[06-Mar-2026 20:16:26 Africa/Lagos] ROUTER END: Successfully served /home/academixsuite/public_html/tenant/{school-slug}/admin/student-list.php
[07-Mar-2026 07:01:21 Africa/Lagos] === STUDENT LIST PAGE START ===
[07-Mar-2026 07:01:21 Africa/Lagos] Request URI: /tenant/bitflux-wallet-1771434696/admin/student-list.php
[07-Mar-2026 07:01:21 Africa/Lagos] Script: /home/academixsuite/public_html/tenant/{school-slug}/admin/student-list.php
[07-Mar-2026 07:01:21 Africa/Lagos] School database connection successful
[07-Mar-2026 07:01:21 Africa/Lagos] GuardianManager initialized for school ID: 6
[07-Mar-2026 07:01:21 Africa/Lagos] Loaded 21 settings records
[07-Mar-2026 07:01:21 Africa/Lagos] Loaded user data for ID: 1
[07-Mar-2026 07:01:21 Africa/Lagos] Loaded 16 classes
[07-Mar-2026 07:01:21 Africa/Lagos] Loaded 3 sections
[07-Mar-2026 07:01:21 Africa/Lagos] Fetched 3 students from database
[07-Mar-2026 07:01:21 Africa/Lagos] Sample student data: {"id":3,"first_name":"Uzochukwu","last_name":"Jessica","class_name":"grade 1","section_name":"afternoon"}
[07-Mar-2026 07:01:21 Africa/Lagos] === STUDENT LIST PAGE END ===
[07-Mar-2026 07:01:21 Africa/Lagos] Total students displayed: 3
[07-Mar-2026 07:01:21 Africa/Lagos] ROUTER END: Successfully served /home/academixsuite/public_html/tenant/{school-slug}/admin/student-list.php
[08-Mar-2026 18:31:26 Africa/Lagos] === STUDENT LIST PAGE START ===
[08-Mar-2026 18:31:26 Africa/Lagos] Request URI: /tenant/bitflux-wallet-1771434696/admin/student-list.php
[08-Mar-2026 18:31:26 Africa/Lagos] Script: /home/academixsuite/public_html/tenant/{school-slug}/admin/student-list.php
[08-Mar-2026 18:31:26 Africa/Lagos] School database connection successful
[08-Mar-2026 18:31:26 Africa/Lagos] GuardianManager initialized for school ID: 6
[08-Mar-2026 18:31:26 Africa/Lagos] Loaded 21 settings records
[08-Mar-2026 18:31:26 Africa/Lagos] Loaded user data for ID: 1
[08-Mar-2026 18:31:26 Africa/Lagos] Loaded 16 classes
[08-Mar-2026 18:31:26 Africa/Lagos] Loaded 3 sections
[08-Mar-2026 18:31:26 Africa/Lagos] Fetched 3 students from database
[08-Mar-2026 18:31:26 Africa/Lagos] Sample student data: {"id":3,"first_name":"Uzochukwu","last_name":"Jessica","class_name":"grade 1","section_name":"afternoon"}
[08-Mar-2026 18:31:26 Africa/Lagos] === STUDENT LIST PAGE END ===
[08-Mar-2026 18:31:26 Africa/Lagos] Total students displayed: 3
[08-Mar-2026 18:31:26 Africa/Lagos] ROUTER END: Successfully served /home/academixsuite/public_html/tenant/{school-slug}/admin/student-list.php
[08-Mar-2026 18:35:28 Africa/Lagos] === STUDENT LIST PAGE START ===
[08-Mar-2026 18:35:28 Africa/Lagos] Request URI: /tenant/bitflux-wallet-1771434696/admin/student-list.php
[08-Mar-2026 18:35:28 Africa/Lagos] Script: /home/academixsuite/public_html/tenant/{school-slug}/admin/student-list.php
[08-Mar-2026 18:35:28 Africa/Lagos] School database connection successful
[08-Mar-2026 18:35:28 Africa/Lagos] GuardianManager initialized for school ID: 6
[08-Mar-2026 18:35:28 Africa/Lagos] Loaded 21 settings records
[08-Mar-2026 18:35:28 Africa/Lagos] Loaded user data for ID: 1
[08-Mar-2026 18:35:28 Africa/Lagos] Loaded 16 classes
[08-Mar-2026 18:35:28 Africa/Lagos] Loaded 3 sections
[08-Mar-2026 18:35:28 Africa/Lagos] Fetched 3 students from database
[08-Mar-2026 18:35:28 Africa/Lagos] Sample student data: {"id":3,"first_name":"Uzochukwu","last_name":"Jessica","class_name":"grade 1","section_name":"afternoon"}
[08-Mar-2026 18:35:28 Africa/Lagos] === STUDENT LIST PAGE END ===
[08-Mar-2026 18:35:28 Africa/Lagos] Total students displayed: 3
[08-Mar-2026 18:35:28 Africa/Lagos] ROUTER END: Successfully served /home/academixsuite/public_html/tenant/{school-slug}/admin/student-list.php
[08-Mar-2026 18:39:35 Africa/Lagos] === STUDENT LIST PAGE START ===
[08-Mar-2026 18:39:35 Africa/Lagos] Request URI: /tenant/bitflux-wallet-1771434696/admin/student-list.php
[08-Mar-2026 18:39:35 Africa/Lagos] Script: /home/academixsuite/public_html/tenant/{school-slug}/admin/student-list.php
[08-Mar-2026 18:39:35 Africa/Lagos] School database connection successful
[08-Mar-2026 18:39:35 Africa/Lagos] GuardianManager initialized for school ID: 6
[08-Mar-2026 18:39:35 Africa/Lagos] Loaded 21 settings records
[08-Mar-2026 18:39:35 Africa/Lagos] Loaded user data for ID: 1
[08-Mar-2026 18:39:35 Africa/Lagos] Loaded 16 classes
[08-Mar-2026 18:39:35 Africa/Lagos] Loaded 3 sections
[08-Mar-2026 18:39:35 Africa/Lagos] Fetched 3 students from database
[08-Mar-2026 18:39:35 Africa/Lagos] Sample student data: {"id":3,"first_name":"Uzochukwu","last_name":"Jessica","class_name":"grade 1","section_name":"afternoon"}
[08-Mar-2026 18:39:35 Africa/Lagos] === STUDENT LIST PAGE END ===
[08-Mar-2026 18:39:35 Africa/Lagos] Total students displayed: 3
[08-Mar-2026 18:39:35 Africa/Lagos] ROUTER END: Successfully served /home/academixsuite/public_html/tenant/{school-slug}/admin/student-list.php
[09-Mar-2026 02:11:46 Africa/Lagos] === STUDENT LIST PAGE START ===
[09-Mar-2026 02:11:46 Africa/Lagos] Request URI: /tenant/bitflux-wallet-1771434696/admin/student-list.php
[09-Mar-2026 02:11:46 Africa/Lagos] Script: /home/academixsuite/public_html/tenant/{school-slug}/admin/student-list.php
[09-Mar-2026 02:11:46 Africa/Lagos] School database connection successful
[09-Mar-2026 02:11:46 Africa/Lagos] GuardianManager initialized for school ID: 6
[09-Mar-2026 02:11:46 Africa/Lagos] Loaded 21 settings records
[09-Mar-2026 02:11:46 Africa/Lagos] Loaded user data for ID: 1
[09-Mar-2026 02:11:46 Africa/Lagos] Loaded 16 classes
[09-Mar-2026 02:11:46 Africa/Lagos] Loaded 3 sections
[09-Mar-2026 02:11:46 Africa/Lagos] Fetched 3 students from database
[09-Mar-2026 02:11:46 Africa/Lagos] Sample student data: {"id":3,"first_name":"Uzochukwu","last_name":"Jessica","class_name":"grade 1","section_name":"afternoon"}
[09-Mar-2026 02:11:46 Africa/Lagos] === STUDENT LIST PAGE END ===
[09-Mar-2026 02:11:46 Africa/Lagos] Total students displayed: 3
[09-Mar-2026 02:11:46 Africa/Lagos] ROUTER END: Successfully served /home/academixsuite/public_html/tenant/{school-slug}/admin/student-list.php
[09-Mar-2026 02:16:51 Africa/Lagos] === STUDENT LIST PAGE START ===
[09-Mar-2026 02:16:51 Africa/Lagos] Request URI: /tenant/bitflux-wallet-1771434696/admin/student-list.php
[09-Mar-2026 02:16:51 Africa/Lagos] Script: /home/academixsuite/public_html/tenant/{school-slug}/admin/student-list.php
[09-Mar-2026 02:16:51 Africa/Lagos] School database connection successful
[09-Mar-2026 02:16:51 Africa/Lagos] GuardianManager initialized for school ID: 6
[09-Mar-2026 02:16:51 Africa/Lagos] Loaded 21 settings records
[09-Mar-2026 02:16:51 Africa/Lagos] Loaded user data for ID: 1
[09-Mar-2026 02:16:51 Africa/Lagos] Loaded 16 classes
[09-Mar-2026 02:16:51 Africa/Lagos] Loaded 3 sections
[09-Mar-2026 02:16:51 Africa/Lagos] Fetched 3 students from database
[09-Mar-2026 02:16:51 Africa/Lagos] Sample student data: {"id":3,"first_name":"Uzochukwu","last_name":"Jessica","class_name":"grade 1","section_name":"afternoon"}
[09-Mar-2026 02:16:51 Africa/Lagos] === STUDENT LIST PAGE END ===
[09-Mar-2026 02:16:51 Africa/Lagos] Total students displayed: 3
[09-Mar-2026 02:16:51 Africa/Lagos] ROUTER END: Successfully served /home/academixsuite/public_html/tenant/{school-slug}/admin/student-list.php
[09-Mar-2026 03:23:55 Africa/Lagos] === STUDENT LIST PAGE START ===
[09-Mar-2026 03:23:55 Africa/Lagos] Request URI: /tenant/bitflux-wallet-1771434696/admin/student-list.php
[09-Mar-2026 03:23:55 Africa/Lagos] Script: /home/academixsuite/public_html/tenant/{school-slug}/admin/student-list.php
[09-Mar-2026 03:23:55 Africa/Lagos] School database connection successful
[09-Mar-2026 03:23:55 Africa/Lagos] GuardianManager initialized for school ID: 6
[09-Mar-2026 03:23:55 Africa/Lagos] Loaded 21 settings records
[09-Mar-2026 03:23:55 Africa/Lagos] Loaded user data for ID: 1
[09-Mar-2026 03:23:55 Africa/Lagos] Loaded 16 classes
[09-Mar-2026 03:23:55 Africa/Lagos] Loaded 3 sections
[09-Mar-2026 03:23:55 Africa/Lagos] Fetched 3 students from database
[09-Mar-2026 03:23:55 Africa/Lagos] Sample student data: {"id":3,"first_name":"Uzochukwu","last_name":"Jessica","class_name":"grade 1","section_name":"afternoon"}
[09-Mar-2026 03:23:55 Africa/Lagos] === STUDENT LIST PAGE END ===
[09-Mar-2026 03:23:55 Africa/Lagos] Total students displayed: 3
[09-Mar-2026 03:23:55 Africa/Lagos] ROUTER END: Successfully served /home/academixsuite/public_html/tenant/{school-slug}/admin/student-list.php
[09-Mar-2026 10:58:00 Africa/Lagos] === STUDENT LIST PAGE START ===
[09-Mar-2026 10:58:00 Africa/Lagos] Request URI: /tenant/bitflux-wallet-1771434696/admin/student-list.php
[09-Mar-2026 10:58:00 Africa/Lagos] Script: /home/academixsuite/public_html/tenant/{school-slug}/admin/student-list.php
[09-Mar-2026 10:58:00 Africa/Lagos] School database connection successful
[09-Mar-2026 10:58:00 Africa/Lagos] GuardianManager initialized for school ID: 6
[09-Mar-2026 10:58:00 Africa/Lagos] Loaded 21 settings records
[09-Mar-2026 10:58:00 Africa/Lagos] Loaded user data for ID: 1
[09-Mar-2026 10:58:00 Africa/Lagos] Loaded 16 classes
[09-Mar-2026 10:58:00 Africa/Lagos] Loaded 3 sections
[09-Mar-2026 10:58:00 Africa/Lagos] Fetched 3 students from database
[09-Mar-2026 10:58:00 Africa/Lagos] Sample student data: {"id":3,"first_name":"Uzochukwu","last_name":"Jessica","class_name":"grade 1","section_name":"afternoon"}
[09-Mar-2026 10:58:00 Africa/Lagos] === STUDENT LIST PAGE END ===
[09-Mar-2026 10:58:00 Africa/Lagos] Total students displayed: 3
[09-Mar-2026 10:58:00 Africa/Lagos] ROUTER END: Successfully served /home/academixsuite/public_html/tenant/{school-slug}/admin/student-list.php
[09-Mar-2026 10:58:05 Africa/Lagos] === STUDENT LIST PAGE START ===
[09-Mar-2026 10:58:05 Africa/Lagos] Request URI: /tenant/bitflux-wallet-1771434696/admin/student-list.php
[09-Mar-2026 10:58:05 Africa/Lagos] Script: /home/academixsuite/public_html/tenant/{school-slug}/admin/student-list.php
[09-Mar-2026 10:58:05 Africa/Lagos] School database connection successful
[09-Mar-2026 10:58:05 Africa/Lagos] GuardianManager initialized for school ID: 6
[09-Mar-2026 10:58:05 Africa/Lagos] Loaded 21 settings records
[09-Mar-2026 10:58:05 Africa/Lagos] Loaded user data for ID: 1
[09-Mar-2026 10:58:05 Africa/Lagos] Loaded 16 classes
[09-Mar-2026 10:58:05 Africa/Lagos] Loaded 3 sections
[09-Mar-2026 10:58:05 Africa/Lagos] Fetched 3 students from database
[09-Mar-2026 10:58:05 Africa/Lagos] Sample student data: {"id":3,"first_name":"Uzochukwu","last_name":"Jessica","class_name":"grade 1","section_name":"afternoon"}
[09-Mar-2026 10:58:05 Africa/Lagos] === STUDENT LIST PAGE END ===
[09-Mar-2026 10:58:05 Africa/Lagos] Total students displayed: 3
[09-Mar-2026 10:58:05 Africa/Lagos] ROUTER END: Successfully served /home/academixsuite/public_html/tenant/{school-slug}/admin/student-list.php
[09-Mar-2026 11:00:06 Africa/Lagos] === STUDENT LIST PAGE START ===
[09-Mar-2026 11:00:06 Africa/Lagos] Request URI: /tenant/bitflux-wallet-1771434696/admin/student-list.php
[09-Mar-2026 11:00:06 Africa/Lagos] Script: /home/academixsuite/public_html/tenant/{school-slug}/admin/student-list.php
[09-Mar-2026 11:00:06 Africa/Lagos] School database connection successful
[09-Mar-2026 11:00:06 Africa/Lagos] GuardianManager initialized for school ID: 6
[09-Mar-2026 11:00:06 Africa/Lagos] Loaded 21 settings records
[09-Mar-2026 11:00:06 Africa/Lagos] Loaded user data for ID: 1
[09-Mar-2026 11:00:06 Africa/Lagos] Loaded 16 classes
[09-Mar-2026 11:00:06 Africa/Lagos] Loaded 3 sections
[09-Mar-2026 11:00:06 Africa/Lagos] Fetched 3 students from database
[09-Mar-2026 11:00:06 Africa/Lagos] Sample student data: {"id":3,"first_name":"Uzochukwu","last_name":"Jessica","class_name":"grade 1","section_name":"afternoon"}
[09-Mar-2026 11:00:06 Africa/Lagos] === STUDENT LIST PAGE END ===
[09-Mar-2026 11:00:06 Africa/Lagos] Total students displayed: 3
[09-Mar-2026 11:00:06 Africa/Lagos] ROUTER END: Successfully served /home/academixsuite/public_html/tenant/{school-slug}/admin/student-list.php
[09-Mar-2026 11:01:58 Africa/Lagos] === STUDENT LIST PAGE START ===
[09-Mar-2026 11:01:58 Africa/Lagos] Request URI: /tenant/bitflux-wallet-1771434696/admin/student-list.php
[09-Mar-2026 11:01:58 Africa/Lagos] Script: /home/academixsuite/public_html/tenant/{school-slug}/admin/student-list.php
[09-Mar-2026 11:01:58 Africa/Lagos] School database connection successful
[09-Mar-2026 11:01:58 Africa/Lagos] GuardianManager initialized for school ID: 6
[09-Mar-2026 11:01:58 Africa/Lagos] Loaded 21 settings records
[09-Mar-2026 11:01:58 Africa/Lagos] Loaded user data for ID: 1
[09-Mar-2026 11:01:58 Africa/Lagos] Loaded 16 classes
[09-Mar-2026 11:01:58 Africa/Lagos] Loaded 3 sections
[09-Mar-2026 11:01:58 Africa/Lagos] Fetched 3 students from database
[09-Mar-2026 11:01:58 Africa/Lagos] Sample student data: {"id":3,"first_name":"Uzochukwu","last_name":"Jessica","class_name":"grade 1","section_name":"afternoon"}
[09-Mar-2026 11:01:58 Africa/Lagos] === STUDENT LIST PAGE END ===
[09-Mar-2026 11:01:58 Africa/Lagos] Total students displayed: 3
[09-Mar-2026 11:01:58 Africa/Lagos] ROUTER END: Successfully served /home/academixsuite/public_html/tenant/{school-slug}/admin/student-list.php
[09-Mar-2026 11:15:05 Africa/Lagos] === STUDENT LIST PAGE START ===
[09-Mar-2026 11:15:05 Africa/Lagos] Request URI: /tenant/bitflux-wallet-1771434696/admin/student-list.php
[09-Mar-2026 11:15:05 Africa/Lagos] Script: /home/academixsuite/public_html/tenant/{school-slug}/admin/student-list.php
[09-Mar-2026 11:15:05 Africa/Lagos] School database connection successful
[09-Mar-2026 11:15:05 Africa/Lagos] GuardianManager initialized for school ID: 6
[09-Mar-2026 11:15:05 Africa/Lagos] Loaded 21 settings records
[09-Mar-2026 11:15:05 Africa/Lagos] Loaded user data for ID: 1
[09-Mar-2026 11:15:05 Africa/Lagos] Loaded 16 classes
[09-Mar-2026 11:15:05 Africa/Lagos] Loaded 3 sections
[09-Mar-2026 11:15:05 Africa/Lagos] Fetched 4 students from database
[09-Mar-2026 11:15:05 Africa/Lagos] Sample student data: {"id":4,"first_name":"Allen","last_name":"Faith","class_name":"grade 1","section_name":"afternoon"}
[09-Mar-2026 11:15:05 Africa/Lagos] === STUDENT LIST PAGE END ===
[09-Mar-2026 11:15:05 Africa/Lagos] Total students displayed: 4
[09-Mar-2026 11:15:05 Africa/Lagos] ROUTER END: Successfully served /home/academixsuite/public_html/tenant/{school-slug}/admin/student-list.php
[09-Mar-2026 11:48:40 Africa/Lagos] === STUDENT LIST PAGE START ===
[09-Mar-2026 11:48:40 Africa/Lagos] Request URI: /tenant/bitflux-wallet-1771434696/admin/student-list.php
[09-Mar-2026 11:48:40 Africa/Lagos] Script: /home/academixsuite/public_html/tenant/{school-slug}/admin/student-list.php
[09-Mar-2026 11:48:40 Africa/Lagos] School database connection successful
[09-Mar-2026 11:48:40 Africa/Lagos] GuardianManager initialized for school ID: 6
[09-Mar-2026 11:48:40 Africa/Lagos] Loaded 21 settings records
[09-Mar-2026 11:48:40 Africa/Lagos] Loaded user data for ID: 1
[09-Mar-2026 11:48:40 Africa/Lagos] Loaded 16 classes
[09-Mar-2026 11:48:40 Africa/Lagos] Loaded 3 sections
[09-Mar-2026 11:48:40 Africa/Lagos] Fetched 4 students from database
[09-Mar-2026 11:48:40 Africa/Lagos] Sample student data: {"id":4,"first_name":"Allen","last_name":"Faith","class_name":"grade 1","section_name":"afternoon"}
[09-Mar-2026 11:48:40 Africa/Lagos] === STUDENT LIST PAGE END ===
[09-Mar-2026 11:48:40 Africa/Lagos] Total students displayed: 4
[09-Mar-2026 11:48:40 Africa/Lagos] ROUTER END: Successfully served /home/academixsuite/public_html/tenant/{school-slug}/admin/student-list.php
[09-Mar-2026 11:53:15 Africa/Lagos] === STUDENT LIST PAGE START ===
[09-Mar-2026 11:53:15 Africa/Lagos] Request URI: /tenant/bitflux-wallet-1771434696/admin/student-list.php
[09-Mar-2026 11:53:15 Africa/Lagos] Script: /home/academixsuite/public_html/tenant/{school-slug}/admin/student-list.php
[09-Mar-2026 11:53:15 Africa/Lagos] School database connection successful
[09-Mar-2026 11:53:15 Africa/Lagos] GuardianManager initialized for school ID: 6
[09-Mar-2026 11:53:15 Africa/Lagos] Loaded 21 settings records
[09-Mar-2026 11:53:15 Africa/Lagos] Loaded user data for ID: 1
[09-Mar-2026 11:53:15 Africa/Lagos] Loaded 16 classes
[09-Mar-2026 11:53:15 Africa/Lagos] Loaded 3 sections
[09-Mar-2026 11:53:15 Africa/Lagos] Fetched 4 students from database
[09-Mar-2026 11:53:15 Africa/Lagos] Sample student data: {"id":4,"first_name":"Allen","last_name":"Faith","class_name":"grade 1","section_name":"afternoon"}
[09-Mar-2026 11:53:15 Africa/Lagos] === STUDENT LIST PAGE END ===
[09-Mar-2026 11:53:15 Africa/Lagos] Total students displayed: 4
[09-Mar-2026 11:53:15 Africa/Lagos] ROUTER END: Successfully served /home/academixsuite/public_html/tenant/{school-slug}/admin/student-list.php
[09-Mar-2026 12:17:38 Africa/Lagos] === STUDENT LIST PAGE START ===
[09-Mar-2026 12:17:38 Africa/Lagos] Request URI: /tenant/bitflux-wallet-1771434696/admin/student-list.php
[09-Mar-2026 12:17:38 Africa/Lagos] Script: /home/academixsuite/public_html/tenant/{school-slug}/admin/student-list.php
[09-Mar-2026 12:17:38 Africa/Lagos] School database connection successful
[09-Mar-2026 12:17:38 Africa/Lagos] GuardianManager initialized for school ID: 6
[09-Mar-2026 12:17:38 Africa/Lagos] Loaded 21 settings records
[09-Mar-2026 12:17:38 Africa/Lagos] Loaded user data for ID: 1
[09-Mar-2026 12:17:38 Africa/Lagos] Loaded 16 classes
[09-Mar-2026 12:17:38 Africa/Lagos] Loaded 3 sections
[09-Mar-2026 12:17:38 Africa/Lagos] Fetched 4 students from database
[09-Mar-2026 12:17:38 Africa/Lagos] Sample student data: {"id":4,"first_name":"Allen","last_name":"Faith","class_name":"grade 1","section_name":"afternoon"}
[09-Mar-2026 12:17:38 Africa/Lagos] === STUDENT LIST PAGE END ===
[09-Mar-2026 12:17:38 Africa/Lagos] Total students displayed: 4
[09-Mar-2026 12:17:38 Africa/Lagos] ROUTER END: Successfully served /home/academixsuite/public_html/tenant/{school-slug}/admin/student-list.php
[09-Mar-2026 12:18:14 Africa/Lagos] === STUDENT LIST PAGE START ===
[09-Mar-2026 12:18:14 Africa/Lagos] Request URI: /tenant/bitflux-wallet-1771434696/admin/student-list.php
[09-Mar-2026 12:18:14 Africa/Lagos] Script: /home/academixsuite/public_html/tenant/{school-slug}/admin/student-list.php
[09-Mar-2026 12:18:14 Africa/Lagos] School database connection successful
[09-Mar-2026 12:18:14 Africa/Lagos] GuardianManager initialized for school ID: 6
[09-Mar-2026 12:18:14 Africa/Lagos] Loaded 21 settings records
[09-Mar-2026 12:18:14 Africa/Lagos] Loaded user data for ID: 1
[09-Mar-2026 12:18:14 Africa/Lagos] Loaded 16 classes
[09-Mar-2026 12:18:14 Africa/Lagos] Loaded 3 sections
[09-Mar-2026 12:18:14 Africa/Lagos] Fetched 4 students from database
[09-Mar-2026 12:18:14 Africa/Lagos] Sample student data: {"id":4,"first_name":"Allen","last_name":"Faith","class_name":"grade 1","section_name":"afternoon"}
[09-Mar-2026 12:18:14 Africa/Lagos] === STUDENT LIST PAGE END ===
[09-Mar-2026 12:18:14 Africa/Lagos] Total students displayed: 4
[09-Mar-2026 12:18:14 Africa/Lagos] ROUTER END: Successfully served /home/academixsuite/public_html/tenant/{school-slug}/admin/student-list.php
[09-Mar-2026 12:19:00 Africa/Lagos] === STUDENT LIST PAGE START ===
[09-Mar-2026 12:19:00 Africa/Lagos] Request URI: /tenant/bitflux-wallet-1771434696/admin/student-list.php
[09-Mar-2026 12:19:00 Africa/Lagos] Script: /home/academixsuite/public_html/tenant/{school-slug}/admin/student-list.php
[09-Mar-2026 12:19:00 Africa/Lagos] School database connection successful
[09-Mar-2026 12:19:00 Africa/Lagos] GuardianManager initialized for school ID: 6
[09-Mar-2026 12:19:00 Africa/Lagos] Loaded 21 settings records
[09-Mar-2026 12:19:00 Africa/Lagos] Loaded user data for ID: 1
[09-Mar-2026 12:19:00 Africa/Lagos] Loaded 16 classes
[09-Mar-2026 12:19:00 Africa/Lagos] Loaded 3 sections
[09-Mar-2026 12:19:00 Africa/Lagos] Fetched 4 students from database
[09-Mar-2026 12:19:00 Africa/Lagos] Sample student data: {"id":4,"first_name":"Allen","last_name":"Faith","class_name":"grade 1","section_name":"afternoon"}
[09-Mar-2026 12:19:00 Africa/Lagos] === STUDENT LIST PAGE END ===
[09-Mar-2026 12:19:00 Africa/Lagos] Total students displayed: 4
[09-Mar-2026 12:19:00 Africa/Lagos] ROUTER END: Successfully served /home/academixsuite/public_html/tenant/{school-slug}/admin/student-list.php
[09-Mar-2026 12:22:45 Africa/Lagos] === STUDENT LIST PAGE START ===
[09-Mar-2026 12:22:45 Africa/Lagos] Request URI: /tenant/bitflux-wallet-1771434696/admin/student-list.php
[09-Mar-2026 12:22:45 Africa/Lagos] Script: /home/academixsuite/public_html/tenant/{school-slug}/admin/student-list.php
[09-Mar-2026 12:22:45 Africa/Lagos] School database connection successful
[09-Mar-2026 12:22:45 Africa/Lagos] GuardianManager initialized for school ID: 6
[09-Mar-2026 12:22:45 Africa/Lagos] Loaded 21 settings records
[09-Mar-2026 12:22:45 Africa/Lagos] Loaded user data for ID: 1
[09-Mar-2026 12:22:45 Africa/Lagos] Loaded 16 classes
[09-Mar-2026 12:22:45 Africa/Lagos] Loaded 3 sections
[09-Mar-2026 12:22:45 Africa/Lagos] Fetched 4 students from database
[09-Mar-2026 12:22:45 Africa/Lagos] Sample student data: {"id":4,"first_name":"Allen","last_name":"Faith","class_name":"grade 1","section_name":"afternoon"}
[09-Mar-2026 12:22:45 Africa/Lagos] === STUDENT LIST PAGE END ===
[09-Mar-2026 12:22:45 Africa/Lagos] Total students displayed: 4
[09-Mar-2026 12:22:45 Africa/Lagos] ROUTER END: Successfully served /home/academixsuite/public_html/tenant/{school-slug}/admin/student-list.php
[09-Mar-2026 12:30:16 Africa/Lagos] === STUDENT LIST PAGE START ===
[09-Mar-2026 12:30:16 Africa/Lagos] Request URI: /tenant/bitflux-wallet-1771434696/admin/student-list.php
[09-Mar-2026 12:30:16 Africa/Lagos] Script: /home/academixsuite/public_html/tenant/{school-slug}/admin/student-list.php
[09-Mar-2026 12:30:16 Africa/Lagos] School database connection successful
[09-Mar-2026 12:30:16 Africa/Lagos] GuardianManager initialized for school ID: 6
[09-Mar-2026 12:30:16 Africa/Lagos] Loaded 21 settings records
[09-Mar-2026 12:30:16 Africa/Lagos] Loaded user data for ID: 1
[09-Mar-2026 12:30:16 Africa/Lagos] Loaded 16 classes
[09-Mar-2026 12:30:16 Africa/Lagos] Loaded 3 sections
[09-Mar-2026 12:30:16 Africa/Lagos] Fetched 5 students from database
[09-Mar-2026 12:30:16 Africa/Lagos] Sample student data: {"id":5,"first_name":"obinna","last_name":"uzodinma","class_name":"grade 1","section_name":"afternoon"}
[09-Mar-2026 12:30:16 Africa/Lagos] === STUDENT LIST PAGE END ===
[09-Mar-2026 12:30:16 Africa/Lagos] Total students displayed: 5
[09-Mar-2026 12:30:16 Africa/Lagos] ROUTER END: Successfully served /home/academixsuite/public_html/tenant/{school-slug}/admin/student-list.php
[09-Mar-2026 21:53:03 Africa/Lagos] === STUDENT LIST PAGE START ===
[09-Mar-2026 21:53:03 Africa/Lagos] Request URI: /tenant/bitflux-wallet-1771434696/admin/student-list.php
[09-Mar-2026 21:53:03 Africa/Lagos] Script: /home/academixsuite/public_html/tenant/{school-slug}/admin/student-list.php
[09-Mar-2026 21:53:03 Africa/Lagos] School database connection successful
[09-Mar-2026 21:53:03 Africa/Lagos] GuardianManager initialized for school ID: 6
[09-Mar-2026 21:53:03 Africa/Lagos] Loaded 21 settings records
[09-Mar-2026 21:53:03 Africa/Lagos] Loaded user data for ID: 1
[09-Mar-2026 21:53:03 Africa/Lagos] Loaded 16 classes
[09-Mar-2026 21:53:03 Africa/Lagos] Loaded 4 sections
[09-Mar-2026 21:53:03 Africa/Lagos] Fetched 5 students from database
[09-Mar-2026 21:53:03 Africa/Lagos] Sample student data: {"id":5,"first_name":"obinna","last_name":"uzodinma","class_name":"grade 1","section_name":"afternoon"}
[09-Mar-2026 21:53:03 Africa/Lagos] === STUDENT LIST PAGE END ===
[09-Mar-2026 21:53:03 Africa/Lagos] Total students displayed: 5
[09-Mar-2026 21:53:03 Africa/Lagos] ROUTER END: Successfully served /home/academixsuite/public_html/tenant/{school-slug}/admin/student-list.php
[09-Mar-2026 22:10:14 Africa/Lagos] === STUDENT LIST PAGE START ===
[09-Mar-2026 22:10:14 Africa/Lagos] Request URI: /tenant/bitflux-wallet-1771434696/admin/student-list.php
[09-Mar-2026 22:10:14 Africa/Lagos] Script: /home/academixsuite/public_html/tenant/{school-slug}/admin/student-list.php
[09-Mar-2026 22:10:14 Africa/Lagos] School database connection successful
[09-Mar-2026 22:10:14 Africa/Lagos] GuardianManager initialized for school ID: 6
[09-Mar-2026 22:10:14 Africa/Lagos] Loaded 21 settings records
[09-Mar-2026 22:10:14 Africa/Lagos] Loaded user data for ID: 1
[09-Mar-2026 22:10:14 Africa/Lagos] Loaded 16 classes
[09-Mar-2026 22:10:14 Africa/Lagos] Loaded 4 sections
[09-Mar-2026 22:10:14 Africa/Lagos] Fetched 5 students from database
[09-Mar-2026 22:10:14 Africa/Lagos] Sample student data: {"id":5,"first_name":"obinna","last_name":"uzodinma","class_name":"grade 1","section_name":"afternoon"}
[09-Mar-2026 22:10:14 Africa/Lagos] === STUDENT LIST PAGE END ===
[09-Mar-2026 22:10:14 Africa/Lagos] Total students displayed: 5
[09-Mar-2026 22:10:14 Africa/Lagos] ROUTER END: Successfully served /home/academixsuite/public_html/tenant/{school-slug}/admin/student-list.php
[09-Mar-2026 23:23:17 Africa/Lagos] === STUDENT LIST PAGE START ===
[09-Mar-2026 23:23:17 Africa/Lagos] Request URI: /tenant/bitflux-wallet-1771434696/admin/student-list.php
[09-Mar-2026 23:23:17 Africa/Lagos] Script: /home/academixsuite/public_html/tenant/{school-slug}/admin/student-list.php
[09-Mar-2026 23:23:17 Africa/Lagos] School database connection successful
[09-Mar-2026 23:23:17 Africa/Lagos] GuardianManager initialized for school ID: 6
[09-Mar-2026 23:23:17 Africa/Lagos] Loaded 21 settings records
[09-Mar-2026 23:23:17 Africa/Lagos] Loaded user data for ID: 1
[09-Mar-2026 23:23:17 Africa/Lagos] Loaded 16 classes
[09-Mar-2026 23:23:17 Africa/Lagos] Loaded 4 sections
[09-Mar-2026 23:23:17 Africa/Lagos] Fetched 5 students from database
[09-Mar-2026 23:23:17 Africa/Lagos] Sample student data: {"id":5,"first_name":"obinna","last_name":"uzodinma","class_name":"grade 1","section_name":"afternoon"}
[09-Mar-2026 23:23:17 Africa/Lagos] === STUDENT LIST PAGE END ===
[09-Mar-2026 23:23:17 Africa/Lagos] Total students displayed: 5
[09-Mar-2026 23:23:17 Africa/Lagos] ROUTER END: Successfully served /home/academixsuite/public_html/tenant/{school-slug}/admin/student-list.php
[09-Mar-2026 23:23:35 Africa/Lagos] === STUDENT LIST PAGE START ===
[09-Mar-2026 23:23:35 Africa/Lagos] Request URI: /tenant/bitflux-wallet-1771434696/admin/student-list.php?class=12&gender=&status=
[09-Mar-2026 23:23:35 Africa/Lagos] Script: /home/academixsuite/public_html/tenant/{school-slug}/admin/student-list.php
[09-Mar-2026 23:23:35 Africa/Lagos] School database connection successful
[09-Mar-2026 23:23:35 Africa/Lagos] GuardianManager initialized for school ID: 6
[09-Mar-2026 23:23:35 Africa/Lagos] Loaded 21 settings records
[09-Mar-2026 23:23:35 Africa/Lagos] Loaded user data for ID: 1
[09-Mar-2026 23:23:35 Africa/Lagos] Loaded 16 classes
[09-Mar-2026 23:23:35 Africa/Lagos] Loaded 4 sections
[09-Mar-2026 23:23:35 Africa/Lagos] Fetched 5 students from database
[09-Mar-2026 23:23:35 Africa/Lagos] Sample student data: {"id":5,"first_name":"obinna","last_name":"uzodinma","class_name":"grade 1","section_name":"afternoon"}
[09-Mar-2026 23:23:35 Africa/Lagos] After filtering: 0 students remain
[09-Mar-2026 23:23:35 Africa/Lagos] === STUDENT LIST PAGE END ===
[09-Mar-2026 23:23:35 Africa/Lagos] Total students displayed: 0
[09-Mar-2026 23:23:35 Africa/Lagos] ROUTER END: Successfully served /home/academixsuite/public_html/tenant/{school-slug}/admin/student-list.php
[09-Mar-2026 23:23:46 Africa/Lagos] === STUDENT LIST PAGE START ===
[09-Mar-2026 23:23:46 Africa/Lagos] Request URI: /tenant/bitflux-wallet-1771434696/admin/student-list.php?class=1&gender=&status=
[09-Mar-2026 23:23:46 Africa/Lagos] Script: /home/academixsuite/public_html/tenant/{school-slug}/admin/student-list.php
[09-Mar-2026 23:23:46 Africa/Lagos] School database connection successful
[09-Mar-2026 23:23:46 Africa/Lagos] GuardianManager initialized for school ID: 6
[09-Mar-2026 23:23:46 Africa/Lagos] Loaded 21 settings records
[09-Mar-2026 23:23:46 Africa/Lagos] Loaded user data for ID: 1
[09-Mar-2026 23:23:46 Africa/Lagos] Loaded 16 classes
[09-Mar-2026 23:23:46 Africa/Lagos] Loaded 4 sections
[09-Mar-2026 23:23:46 Africa/Lagos] Fetched 5 students from database
[09-Mar-2026 23:23:46 Africa/Lagos] Sample student data: {"id":5,"first_name":"obinna","last_name":"uzodinma","class_name":"grade 1","section_name":"afternoon"}
[09-Mar-2026 23:23:46 Africa/Lagos] After filtering: 2 students remain
[09-Mar-2026 23:23:46 Africa/Lagos] === STUDENT LIST PAGE END ===
[09-Mar-2026 23:23:46 Africa/Lagos] Total students displayed: 2
[09-Mar-2026 23:23:46 Africa/Lagos] ROUTER END: Successfully served /home/academixsuite/public_html/tenant/{school-slug}/admin/student-list.php
[09-Mar-2026 23:28:33 Africa/Lagos] === STUDENT LIST PAGE START ===
[09-Mar-2026 23:28:33 Africa/Lagos] Request URI: /tenant/bitflux-wallet-1771434696/admin/student-list.php
[09-Mar-2026 23:28:33 Africa/Lagos] Script: /home/academixsuite/public_html/tenant/{school-slug}/admin/student-list.php
[09-Mar-2026 23:28:33 Africa/Lagos] School database connection successful
[09-Mar-2026 23:28:33 Africa/Lagos] GuardianManager initialized for school ID: 6
[09-Mar-2026 23:28:33 Africa/Lagos] Loaded 21 settings records
[09-Mar-2026 23:28:33 Africa/Lagos] Loaded user data for ID: 1
[09-Mar-2026 23:28:33 Africa/Lagos] Loaded 16 classes
[09-Mar-2026 23:28:33 Africa/Lagos] Loaded 4 sections
[09-Mar-2026 23:28:33 Africa/Lagos] Fetched 5 students from database
[09-Mar-2026 23:28:33 Africa/Lagos] Sample student data: {"id":5,"first_name":"obinna","last_name":"uzodinma","class_name":"grade 1","section_name":"afternoon"}
[09-Mar-2026 23:28:33 Africa/Lagos] === STUDENT LIST PAGE END ===
[09-Mar-2026 23:28:33 Africa/Lagos] Total students displayed: 5
[09-Mar-2026 23:28:33 Africa/Lagos] ROUTER END: Successfully served /home/academixsuite/public_html/tenant/{school-slug}/admin/student-list.php
[10-Mar-2026 01:16:08 Africa/Lagos] === STUDENT LIST PAGE START ===
[10-Mar-2026 01:16:08 Africa/Lagos] Request URI: /tenant/bitflux-wallet-1771434696/admin/student-list.php
[10-Mar-2026 01:16:08 Africa/Lagos] Script: /home/academixsuite/public_html/tenant/{school-slug}/admin/student-list.php
[10-Mar-2026 01:16:08 Africa/Lagos] School database connection successful
[10-Mar-2026 01:16:08 Africa/Lagos] GuardianManager initialized for school ID: 6
[10-Mar-2026 01:16:08 Africa/Lagos] Loaded 21 settings records
[10-Mar-2026 01:16:08 Africa/Lagos] Loaded user data for ID: 1
[10-Mar-2026 01:16:08 Africa/Lagos] Loaded 16 classes
[10-Mar-2026 01:16:08 Africa/Lagos] Loaded 4 sections
[10-Mar-2026 01:16:08 Africa/Lagos] Fetched 5 students from database
[10-Mar-2026 01:16:08 Africa/Lagos] Sample student data: {"id":5,"first_name":"obinna","last_name":"uzodinma","class_name":"grade 1","section_name":"afternoon"}
[10-Mar-2026 01:16:08 Africa/Lagos] === STUDENT LIST PAGE END ===
[10-Mar-2026 01:16:08 Africa/Lagos] Total students displayed: 5
[10-Mar-2026 01:16:08 Africa/Lagos] ROUTER END: Successfully served /home/academixsuite/public_html/tenant/{school-slug}/admin/student-list.php
[10-Mar-2026 01:16:48 Africa/Lagos] === STUDENT LIST PAGE START ===
[10-Mar-2026 01:16:48 Africa/Lagos] Request URI: /tenant/bitflux-wallet-1771434696/admin/student-list.php
[10-Mar-2026 01:16:48 Africa/Lagos] Script: /home/academixsuite/public_html/tenant/{school-slug}/admin/student-list.php
[10-Mar-2026 01:16:48 Africa/Lagos] School database connection successful
[10-Mar-2026 01:16:48 Africa/Lagos] GuardianManager initialized for school ID: 6
[10-Mar-2026 01:16:48 Africa/Lagos] Loaded 21 settings records
[10-Mar-2026 01:16:48 Africa/Lagos] Loaded user data for ID: 1
[10-Mar-2026 01:16:48 Africa/Lagos] Loaded 16 classes
[10-Mar-2026 01:16:48 Africa/Lagos] Loaded 4 sections
[10-Mar-2026 01:16:48 Africa/Lagos] Fetched 5 students from database
[10-Mar-2026 01:16:48 Africa/Lagos] Sample student data: {"id":5,"first_name":"obinna","last_name":"uzodinma","class_name":"grade 1","section_name":"afternoon"}
[10-Mar-2026 01:16:48 Africa/Lagos] === STUDENT LIST PAGE END ===
[10-Mar-2026 01:16:48 Africa/Lagos] Total students displayed: 5
[10-Mar-2026 01:16:48 Africa/Lagos] ROUTER END: Successfully served /home/academixsuite/public_html/tenant/{school-slug}/admin/student-list.php
[10-Mar-2026 08:38:11 Africa/Lagos] === STUDENT LIST PAGE START ===
[10-Mar-2026 08:38:11 Africa/Lagos] Request URI: /tenant/bitflux-wallet-1771434696/admin/student-list.php
[10-Mar-2026 08:38:11 Africa/Lagos] Script: /home/academixsuite/public_html/tenant/{school-slug}/admin/student-list.php
[10-Mar-2026 08:38:11 Africa/Lagos] School database connection successful
[10-Mar-2026 08:38:11 Africa/Lagos] GuardianManager initialized for school ID: 6
[10-Mar-2026 08:38:11 Africa/Lagos] Loaded 21 settings records
[10-Mar-2026 08:38:11 Africa/Lagos] Loaded user data for ID: 1
[10-Mar-2026 08:38:11 Africa/Lagos] Loaded 16 classes
[10-Mar-2026 08:38:11 Africa/Lagos] Loaded 4 sections
[10-Mar-2026 08:38:11 Africa/Lagos] Fetched 5 students from database
[10-Mar-2026 08:38:11 Africa/Lagos] Sample student data: {"id":5,"first_name":"obinna","last_name":"uzodinma","class_name":"grade 1","section_name":"afternoon"}
[10-Mar-2026 08:38:11 Africa/Lagos] === STUDENT LIST PAGE END ===
[10-Mar-2026 08:38:11 Africa/Lagos] Total students displayed: 5
[10-Mar-2026 08:38:11 Africa/Lagos] ROUTER END: Successfully served /home/academixsuite/public_html/tenant/{school-slug}/admin/student-list.php
[10-Mar-2026 12:54:33 Africa/Lagos] === STUDENT LIST PAGE START ===
[10-Mar-2026 12:54:33 Africa/Lagos] Request URI: /tenant/bitflux-wallet-1771434696/admin/student-list.php
[10-Mar-2026 12:54:33 Africa/Lagos] Script: /home/academixsuite/public_html/tenant/{school-slug}/admin/student-list.php
[10-Mar-2026 12:54:33 Africa/Lagos] School database connection successful
[10-Mar-2026 12:54:33 Africa/Lagos] GuardianManager initialized for school ID: 6
[10-Mar-2026 12:54:33 Africa/Lagos] Loaded 21 settings records
[10-Mar-2026 12:54:33 Africa/Lagos] Loaded user data for ID: 1
[10-Mar-2026 12:54:33 Africa/Lagos] Loaded 16 classes
[10-Mar-2026 12:54:33 Africa/Lagos] Loaded 4 sections
[10-Mar-2026 12:54:33 Africa/Lagos] Fetched 5 students from database
[10-Mar-2026 12:54:33 Africa/Lagos] Sample student data: {"id":5,"first_name":"obinna","last_name":"uzodinma","class_name":"grade 1","section_name":"afternoon"}
[10-Mar-2026 12:54:33 Africa/Lagos] === STUDENT LIST PAGE END ===
[10-Mar-2026 12:54:33 Africa/Lagos] Total students displayed: 5
[10-Mar-2026 12:54:33 Africa/Lagos] ROUTER END: Successfully served /home/academixsuite/public_html/tenant/{school-slug}/admin/student-list.php
[10-Mar-2026 14:47:00 Africa/Lagos] === STUDENT LIST PAGE START ===
[10-Mar-2026 14:47:00 Africa/Lagos] Request URI: /tenant/bitflux-wallet-1771434696/admin/student-list.php
[10-Mar-2026 14:47:00 Africa/Lagos] Script: /home/academixsuite/public_html/tenant/{school-slug}/admin/student-list.php
[10-Mar-2026 14:47:00 Africa/Lagos] School database connection successful
[10-Mar-2026 14:47:00 Africa/Lagos] GuardianManager initialized for school ID: 6
[10-Mar-2026 14:47:00 Africa/Lagos] Loaded 21 settings records
[10-Mar-2026 14:47:00 Africa/Lagos] Loaded user data for ID: 1
[10-Mar-2026 14:47:00 Africa/Lagos] Loaded 16 classes
[10-Mar-2026 14:47:00 Africa/Lagos] Loaded 4 sections
[10-Mar-2026 14:47:00 Africa/Lagos] Fetched 5 students from database
[10-Mar-2026 14:47:00 Africa/Lagos] Sample student data: {"id":5,"first_name":"obinna","last_name":"uzodinma","class_name":"grade 1","section_name":"afternoon"}
[10-Mar-2026 14:47:00 Africa/Lagos] === STUDENT LIST PAGE END ===
[10-Mar-2026 14:47:00 Africa/Lagos] Total students displayed: 5
[10-Mar-2026 14:47:00 Africa/Lagos] ROUTER END: Successfully served /home/academixsuite/public_html/tenant/{school-slug}/admin/student-list.php
[10-Mar-2026 15:27:10 Africa/Lagos] === STUDENT LIST PAGE START ===
[10-Mar-2026 15:27:10 Africa/Lagos] Request URI: /tenant/bitflux-wallet-1771434696/admin/student-list.php
[10-Mar-2026 15:27:10 Africa/Lagos] Script: /home/academixsuite/public_html/tenant/{school-slug}/admin/student-list.php
[10-Mar-2026 15:27:10 Africa/Lagos] School database connection successful
[10-Mar-2026 15:27:10 Africa/Lagos] GuardianManager initialized for school ID: 6
[10-Mar-2026 15:27:10 Africa/Lagos] Loaded 21 settings records
[10-Mar-2026 15:27:10 Africa/Lagos] Loaded user data for ID: 1
[10-Mar-2026 15:27:10 Africa/Lagos] Loaded 16 classes
[10-Mar-2026 15:27:10 Africa/Lagos] Loaded 4 sections
[10-Mar-2026 15:27:10 Africa/Lagos] Fetched 5 students from database
[10-Mar-2026 15:27:10 Africa/Lagos] Sample student data: {"id":5,"first_name":"obinna","last_name":"uzodinma","class_name":"grade 1","section_name":"afternoon"}
[10-Mar-2026 15:27:10 Africa/Lagos] === STUDENT LIST PAGE END ===
[10-Mar-2026 15:27:10 Africa/Lagos] Total students displayed: 5
[10-Mar-2026 15:27:10 Africa/Lagos] ROUTER END: Successfully served /home/academixsuite/public_html/tenant/{school-slug}/admin/student-list.php
[10-Mar-2026 15:29:42 Africa/Lagos] === STUDENT LIST PAGE START ===
[10-Mar-2026 15:29:42 Africa/Lagos] Request URI: /tenant/bitflux-wallet-1771434696/admin/student-list.php
[10-Mar-2026 15:29:42 Africa/Lagos] Script: /home/academixsuite/public_html/tenant/{school-slug}/admin/student-list.php
[10-Mar-2026 15:29:42 Africa/Lagos] School database connection successful
[10-Mar-2026 15:29:42 Africa/Lagos] GuardianManager initialized for school ID: 6
[10-Mar-2026 15:29:42 Africa/Lagos] Loaded 21 settings records
[10-Mar-2026 15:29:42 Africa/Lagos] Loaded user data for ID: 1
[10-Mar-2026 15:29:42 Africa/Lagos] Loaded 16 classes
[10-Mar-2026 15:29:42 Africa/Lagos] Loaded 4 sections
[10-Mar-2026 15:29:42 Africa/Lagos] Fetched 5 students from database
[10-Mar-2026 15:29:42 Africa/Lagos] Sample student data: {"id":5,"first_name":"obinna","last_name":"uzodinma","class_name":"grade 1","section_name":"afternoon"}
[10-Mar-2026 15:29:42 Africa/Lagos] === STUDENT LIST PAGE END ===
[10-Mar-2026 15:29:42 Africa/Lagos] Total students displayed: 5
[10-Mar-2026 15:29:42 Africa/Lagos] ROUTER END: Successfully served /home/academixsuite/public_html/tenant/{school-slug}/admin/student-list.php
[10-Mar-2026 15:30:04 Africa/Lagos] === STUDENT LIST PAGE START ===
[10-Mar-2026 15:30:04 Africa/Lagos] Request URI: /tenant/bitflux-wallet-1771434696/admin/student-list.php
[10-Mar-2026 15:30:04 Africa/Lagos] Script: /home/academixsuite/public_html/tenant/{school-slug}/admin/student-list.php
[10-Mar-2026 15:30:04 Africa/Lagos] School database connection successful
[10-Mar-2026 15:30:04 Africa/Lagos] GuardianManager initialized for school ID: 6
[10-Mar-2026 15:30:04 Africa/Lagos] Loaded 21 settings records
[10-Mar-2026 15:30:04 Africa/Lagos] Loaded user data for ID: 1
[10-Mar-2026 15:30:04 Africa/Lagos] Loaded 16 classes
[10-Mar-2026 15:30:04 Africa/Lagos] Loaded 4 sections
[10-Mar-2026 15:30:04 Africa/Lagos] Fetched 5 students from database
[10-Mar-2026 15:30:04 Africa/Lagos] Sample student data: {"id":5,"first_name":"obinna","last_name":"uzodinma","class_name":"grade 1","section_name":"afternoon"}
[10-Mar-2026 15:30:04 Africa/Lagos] === STUDENT LIST PAGE END ===
[10-Mar-2026 15:30:04 Africa/Lagos] Total students displayed: 5
[10-Mar-2026 15:30:04 Africa/Lagos] ROUTER END: Successfully served /home/academixsuite/public_html/tenant/{school-slug}/admin/student-list.php
[10-Mar-2026 15:30:29 Africa/Lagos] === STUDENT LIST PAGE START ===
[10-Mar-2026 15:30:29 Africa/Lagos] Request URI: /tenant/bitflux-wallet-1771434696/admin/student-list.php
[10-Mar-2026 15:30:29 Africa/Lagos] Script: /home/academixsuite/public_html/tenant/{school-slug}/admin/student-list.php
[10-Mar-2026 15:30:29 Africa/Lagos] School database connection successful
[10-Mar-2026 15:30:29 Africa/Lagos] GuardianManager initialized for school ID: 6
[10-Mar-2026 15:30:29 Africa/Lagos] Loaded 21 settings records
[10-Mar-2026 15:30:29 Africa/Lagos] Loaded user data for ID: 1
[10-Mar-2026 15:30:29 Africa/Lagos] Loaded 16 classes
[10-Mar-2026 15:30:29 Africa/Lagos] Loaded 4 sections
[10-Mar-2026 15:30:29 Africa/Lagos] Fetched 5 students from database
[10-Mar-2026 15:30:29 Africa/Lagos] Sample student data: {"id":5,"first_name":"obinna","last_name":"uzodinma","class_name":"grade 1","section_name":"afternoon"}
[10-Mar-2026 15:30:29 Africa/Lagos] === STUDENT LIST PAGE END ===
[10-Mar-2026 15:30:29 Africa/Lagos] Total students displayed: 5
[10-Mar-2026 15:30:29 Africa/Lagos] ROUTER END: Successfully served /home/academixsuite/public_html/tenant/{school-slug}/admin/student-list.php
[10-Mar-2026 17:26:41 Africa/Lagos] === STUDENT LIST PAGE START ===
[10-Mar-2026 17:26:41 Africa/Lagos] Request URI: /tenant/bitflux-wallet-1771434696/admin/student-list.php
[10-Mar-2026 17:26:41 Africa/Lagos] Script: /home/academixsuite/public_html/tenant/{school-slug}/admin/student-list.php
[10-Mar-2026 17:26:41 Africa/Lagos] School database connection successful
[10-Mar-2026 17:26:41 Africa/Lagos] GuardianManager initialized for school ID: 6
[10-Mar-2026 17:26:41 Africa/Lagos] Loaded 21 settings records
[10-Mar-2026 17:26:41 Africa/Lagos] Loaded user data for ID: 1
[10-Mar-2026 17:26:41 Africa/Lagos] Loaded 16 classes
[10-Mar-2026 17:26:41 Africa/Lagos] Loaded 4 sections
[10-Mar-2026 17:26:41 Africa/Lagos] Fetched 5 students from database
[10-Mar-2026 17:26:41 Africa/Lagos] Sample student data: {"id":5,"first_name":"obinna","last_name":"uzodinma","class_name":"grade 1","section_name":"afternoon"}
[10-Mar-2026 17:26:41 Africa/Lagos] === STUDENT LIST PAGE END ===
[10-Mar-2026 17:26:41 Africa/Lagos] Total students displayed: 5
[10-Mar-2026 17:26:41 Africa/Lagos] ROUTER END: Successfully served /home/academixsuite/public_html/tenant/{school-slug}/admin/student-list.php
[10-Mar-2026 17:26:53 Africa/Lagos] === STUDENT LIST PAGE START ===
[10-Mar-2026 17:26:53 Africa/Lagos] Request URI: /tenant/bitflux-wallet-1771434696/admin/student-list.php
[10-Mar-2026 17:26:53 Africa/Lagos] Script: /home/academixsuite/public_html/tenant/{school-slug}/admin/student-list.php
[10-Mar-2026 17:26:53 Africa/Lagos] School database connection successful
[10-Mar-2026 17:26:53 Africa/Lagos] GuardianManager initialized for school ID: 6
[10-Mar-2026 17:26:53 Africa/Lagos] Loaded 21 settings records
[10-Mar-2026 17:26:53 Africa/Lagos] Loaded user data for ID: 1
[10-Mar-2026 17:26:53 Africa/Lagos] Loaded 16 classes
[10-Mar-2026 17:26:53 Africa/Lagos] Loaded 4 sections
[10-Mar-2026 17:26:53 Africa/Lagos] Fetched 5 students from database
[10-Mar-2026 17:26:53 Africa/Lagos] Sample student data: {"id":5,"first_name":"obinna","last_name":"uzodinma","class_name":"grade 1","section_name":"afternoon"}
[10-Mar-2026 17:26:53 Africa/Lagos] === STUDENT LIST PAGE END ===
[10-Mar-2026 17:26:53 Africa/Lagos] Total students displayed: 5
[10-Mar-2026 17:26:53 Africa/Lagos] ROUTER END: Successfully served /home/academixsuite/public_html/tenant/{school-slug}/admin/student-list.php
[10-Mar-2026 17:27:46 Africa/Lagos] === STUDENT LIST PAGE START ===
[10-Mar-2026 17:27:46 Africa/Lagos] Request URI: /tenant/bitflux-wallet-1771434696/admin/student-list.php
[10-Mar-2026 17:27:46 Africa/Lagos] Script: /home/academixsuite/public_html/tenant/{school-slug}/admin/student-list.php
[10-Mar-2026 17:27:46 Africa/Lagos] School database connection successful
[10-Mar-2026 17:27:46 Africa/Lagos] GuardianManager initialized for school ID: 6
[10-Mar-2026 17:27:46 Africa/Lagos] Loaded 21 settings records
[10-Mar-2026 17:27:46 Africa/Lagos] Loaded user data for ID: 1
[10-Mar-2026 17:27:46 Africa/Lagos] Loaded 16 classes
[10-Mar-2026 17:27:46 Africa/Lagos] Loaded 4 sections
[10-Mar-2026 17:27:46 Africa/Lagos] Fetched 5 students from database
[10-Mar-2026 17:27:46 Africa/Lagos] Sample student data: {"id":5,"first_name":"obinna","last_name":"uzodinma","class_name":"grade 1","section_name":"afternoon"}
[10-Mar-2026 17:27:46 Africa/Lagos] === STUDENT LIST PAGE END ===
[10-Mar-2026 17:27:46 Africa/Lagos] Total students displayed: 5
[10-Mar-2026 17:27:46 Africa/Lagos] ROUTER END: Successfully served /home/academixsuite/public_html/tenant/{school-slug}/admin/student-list.php
[10-Mar-2026 17:31:08 Africa/Lagos] === STUDENT LIST PAGE START ===
[10-Mar-2026 17:31:08 Africa/Lagos] Request URI: /tenant/bitflux-wallet-1771434696/admin/student-list.php
[10-Mar-2026 17:31:08 Africa/Lagos] Script: /home/academixsuite/public_html/tenant/{school-slug}/admin/student-list.php
[10-Mar-2026 17:31:08 Africa/Lagos] School database connection successful
[10-Mar-2026 17:31:08 Africa/Lagos] GuardianManager initialized for school ID: 6
[10-Mar-2026 17:31:08 Africa/Lagos] Loaded 21 settings records
[10-Mar-2026 17:31:08 Africa/Lagos] Loaded user data for ID: 1
[10-Mar-2026 17:31:08 Africa/Lagos] Loaded 16 classes
[10-Mar-2026 17:31:08 Africa/Lagos] Loaded 4 sections
[10-Mar-2026 17:31:08 Africa/Lagos] Fetched 5 students from database
[10-Mar-2026 17:31:08 Africa/Lagos] Sample student data: {"id":5,"first_name":"obinna","last_name":"uzodinma","class_name":"grade 1","section_name":"afternoon"}
[10-Mar-2026 17:31:08 Africa/Lagos] === STUDENT LIST PAGE END ===
[10-Mar-2026 17:31:08 Africa/Lagos] Total students displayed: 5
[10-Mar-2026 17:31:08 Africa/Lagos] ROUTER END: Successfully served /home/academixsuite/public_html/tenant/{school-slug}/admin/student-list.php
[10-Mar-2026 17:44:52 Africa/Lagos] === STUDENT LIST PAGE START ===
[10-Mar-2026 17:44:52 Africa/Lagos] Request URI: /tenant/bitflux-wallet-1771434696/admin/student-list.php
[10-Mar-2026 17:44:52 Africa/Lagos] Script: /home/academixsuite/public_html/tenant/{school-slug}/admin/student-list.php
[10-Mar-2026 17:44:52 Africa/Lagos] School database connection successful
[10-Mar-2026 17:44:52 Africa/Lagos] GuardianManager initialized for school ID: 6
[10-Mar-2026 17:44:52 Africa/Lagos] Loaded 21 settings records
[10-Mar-2026 17:44:52 Africa/Lagos] Loaded user data for ID: 1
[10-Mar-2026 17:44:52 Africa/Lagos] Loaded 16 classes
[10-Mar-2026 17:44:52 Africa/Lagos] Loaded 4 sections
[10-Mar-2026 17:44:52 Africa/Lagos] Fetched 5 students from database
[10-Mar-2026 17:44:52 Africa/Lagos] Sample student data: {"id":5,"first_name":"obinna","last_name":"uzodinma","class_name":"grade 1","section_name":"afternoon"}
[10-Mar-2026 17:44:52 Africa/Lagos] === STUDENT LIST PAGE END ===
[10-Mar-2026 17:44:52 Africa/Lagos] Total students displayed: 5
[10-Mar-2026 17:44:52 Africa/Lagos] ROUTER END: Successfully served /home/academixsuite/public_html/tenant/{school-slug}/admin/student-list.php
[11-Mar-2026 08:12:51 Africa/Lagos] === STUDENT LIST PAGE START ===
[11-Mar-2026 08:12:51 Africa/Lagos] Request URI: /tenant/bitflux-wallet-1771434696/admin/student-list.php
[11-Mar-2026 08:12:51 Africa/Lagos] Script: /home/academixsuite/public_html/tenant/{school-slug}/admin/student-list.php
[11-Mar-2026 08:12:51 Africa/Lagos] School database connection successful
[11-Mar-2026 08:12:51 Africa/Lagos] GuardianManager initialized for school ID: 6
[11-Mar-2026 08:12:51 Africa/Lagos] Loaded 21 settings records
[11-Mar-2026 08:12:51 Africa/Lagos] Loaded user data for ID: 1
[11-Mar-2026 08:12:51 Africa/Lagos] Loaded 16 classes
[11-Mar-2026 08:12:51 Africa/Lagos] Loaded 4 sections
[11-Mar-2026 08:12:51 Africa/Lagos] Fetched 6 students from database
[11-Mar-2026 08:12:51 Africa/Lagos] Sample student data: {"id":14,"first_name":"prosper","last_name":"checz","class_name":"Junior Secondary School 3","section_name":"null"}
[11-Mar-2026 08:12:51 Africa/Lagos] === STUDENT LIST PAGE END ===
[11-Mar-2026 08:12:51 Africa/Lagos] Total students displayed: 6
[11-Mar-2026 08:12:51 Africa/Lagos] ROUTER END: Successfully served /home/academixsuite/public_html/tenant/{school-slug}/admin/student-list.php
[11-Mar-2026 12:02:21 Africa/Lagos] === STUDENT LIST PAGE START ===
[11-Mar-2026 12:02:21 Africa/Lagos] Request URI: /tenant/bitflux-wallet-1771434696/admin/student-list.php
[11-Mar-2026 12:02:21 Africa/Lagos] Script: /home/academixsuite/public_html/tenant/{school-slug}/admin/student-list.php
[11-Mar-2026 12:02:21 Africa/Lagos] School database connection successful
[11-Mar-2026 12:02:21 Africa/Lagos] GuardianManager initialized for school ID: 6
[11-Mar-2026 12:02:21 Africa/Lagos] Loaded 21 settings records
[11-Mar-2026 12:02:21 Africa/Lagos] Loaded user data for ID: 1
[11-Mar-2026 12:02:21 Africa/Lagos] Loaded 16 classes
[11-Mar-2026 12:02:21 Africa/Lagos] Loaded 4 sections
[11-Mar-2026 12:02:21 Africa/Lagos] Fetched 6 students from database
[11-Mar-2026 12:02:21 Africa/Lagos] Sample student data: {"id":14,"first_name":"prosper","last_name":"checz","class_name":"Junior Secondary School 3","section_name":"null"}
[11-Mar-2026 12:02:21 Africa/Lagos] === STUDENT LIST PAGE END ===
[11-Mar-2026 12:02:21 Africa/Lagos] Total students displayed: 6
[11-Mar-2026 12:02:21 Africa/Lagos] ROUTER END: Successfully served /home/academixsuite/public_html/tenant/{school-slug}/admin/student-list.php
[12-Mar-2026 06:08:12 Africa/Lagos] === STUDENT LIST PAGE START ===
[12-Mar-2026 06:08:12 Africa/Lagos] Request URI: /tenant/bitflux-wallet-1771434696/admin/student-list.php
[12-Mar-2026 06:08:12 Africa/Lagos] Script: /home/academixsuite/public_html/tenant/{school-slug}/admin/student-list.php
[12-Mar-2026 06:08:12 Africa/Lagos] School database connection successful
[12-Mar-2026 06:08:12 Africa/Lagos] GuardianManager initialized for school ID: 6
[12-Mar-2026 06:08:12 Africa/Lagos] Loaded 21 settings records
[12-Mar-2026 06:08:12 Africa/Lagos] Loaded user data for ID: 1
[12-Mar-2026 06:08:12 Africa/Lagos] Loaded 16 classes
[12-Mar-2026 06:08:12 Africa/Lagos] Loaded 4 sections
[12-Mar-2026 06:08:12 Africa/Lagos] Fetched 6 students from database
[12-Mar-2026 06:08:12 Africa/Lagos] Sample student data: {"id":14,"first_name":"prosper","last_name":"checz","class_name":"Junior Secondary School 3","section_name":"null"}
[12-Mar-2026 06:08:12 Africa/Lagos] === STUDENT LIST PAGE END ===
[12-Mar-2026 06:08:12 Africa/Lagos] Total students displayed: 6
[12-Mar-2026 06:08:12 Africa/Lagos] ROUTER END: Successfully served /home/academixsuite/public_html/tenant/{school-slug}/admin/student-list.php
[12-Mar-2026 10:11:49 Africa/Lagos] === STUDENT LIST PAGE START ===
[12-Mar-2026 10:11:49 Africa/Lagos] Request URI: /tenant/bitflux-wallet-1771434696/admin/student-list.php
[12-Mar-2026 10:11:49 Africa/Lagos] Script: /home/academixsuite/public_html/tenant/{school-slug}/admin/student-list.php
[12-Mar-2026 10:11:49 Africa/Lagos] School database connection successful
[12-Mar-2026 10:11:49 Africa/Lagos] GuardianManager initialized for school ID: 6
[12-Mar-2026 10:11:49 Africa/Lagos] Loaded 21 settings records
[12-Mar-2026 10:11:49 Africa/Lagos] Loaded user data for ID: 1
[12-Mar-2026 10:11:49 Africa/Lagos] Loaded 16 classes
[12-Mar-2026 10:11:49 Africa/Lagos] Loaded 4 sections
[12-Mar-2026 10:11:49 Africa/Lagos] Fetched 6 students from database
[12-Mar-2026 10:11:49 Africa/Lagos] Sample student data: {"id":14,"first_name":"prosper","last_name":"checz","class_name":"Junior Secondary School 3","section_name":"null"}
[12-Mar-2026 10:11:49 Africa/Lagos] === STUDENT LIST PAGE END ===
[12-Mar-2026 10:11:49 Africa/Lagos] Total students displayed: 6
[12-Mar-2026 10:11:49 Africa/Lagos] ROUTER END: Successfully served /home/academixsuite/public_html/tenant/{school-slug}/admin/student-list.php
[12-Mar-2026 10:55:41 Africa/Lagos] === STUDENT LIST PAGE START ===
[12-Mar-2026 10:55:41 Africa/Lagos] Request URI: /tenant/bitflux-wallet-1771434696/admin/student-list.php?section_id=2
[12-Mar-2026 10:55:41 Africa/Lagos] Script: /home/academixsuite/public_html/tenant/{school-slug}/admin/student-list.php
[12-Mar-2026 10:55:41 Africa/Lagos] School database connection successful
[12-Mar-2026 10:55:41 Africa/Lagos] GuardianManager initialized for school ID: 6
[12-Mar-2026 10:55:41 Africa/Lagos] Loaded 21 settings records
[12-Mar-2026 10:55:41 Africa/Lagos] Loaded user data for ID: 1
[12-Mar-2026 10:55:41 Africa/Lagos] Loaded 16 classes
[12-Mar-2026 10:55:41 Africa/Lagos] Loaded 5 sections
[12-Mar-2026 10:55:41 Africa/Lagos] Fetched 6 students from database
[12-Mar-2026 10:55:41 Africa/Lagos] Sample student data: {"id":14,"first_name":"prosper","last_name":"checz","class_name":"Junior Secondary School 3","section_name":"null"}
[12-Mar-2026 10:55:41 Africa/Lagos] === STUDENT LIST PAGE END ===
[12-Mar-2026 10:55:41 Africa/Lagos] Total students displayed: 6
[12-Mar-2026 10:55:41 Africa/Lagos] ROUTER END: Successfully served /home/academixsuite/public_html/tenant/{school-slug}/admin/student-list.php
[12-Mar-2026 11:28:07 Africa/Lagos] === STUDENT LIST PAGE START ===
[12-Mar-2026 11:28:07 Africa/Lagos] Request URI: /tenant/bitflux-wallet-1771434696/admin/student-list.php
[12-Mar-2026 11:28:07 Africa/Lagos] Script: /home/academixsuite/public_html/tenant/{school-slug}/admin/student-list.php
[12-Mar-2026 11:28:07 Africa/Lagos] School database connection successful
[12-Mar-2026 11:28:07 Africa/Lagos] GuardianManager initialized for school ID: 6
[12-Mar-2026 11:28:07 Africa/Lagos] Loaded 21 settings records
[12-Mar-2026 11:28:07 Africa/Lagos] Loaded user data for ID: 1
[12-Mar-2026 11:28:07 Africa/Lagos] Loaded 16 classes
[12-Mar-2026 11:28:07 Africa/Lagos] Loaded 6 sections
[12-Mar-2026 11:28:07 Africa/Lagos] Fetched 7 students from database
[12-Mar-2026 11:28:07 Africa/Lagos] Sample student data: {"id":21,"first_name":"Uzochukwu","last_name":"Victory","class_name":"Kindergaten","section_name":"null"}
[12-Mar-2026 11:28:07 Africa/Lagos] === STUDENT LIST PAGE END ===
[12-Mar-2026 11:28:07 Africa/Lagos] Total students displayed: 7
[12-Mar-2026 11:28:07 Africa/Lagos] ROUTER END: Successfully served /home/academixsuite/public_html/tenant/{school-slug}/admin/student-list.php
[12-Mar-2026 11:31:12 Africa/Lagos] === STUDENT LIST PAGE START ===
[12-Mar-2026 11:31:12 Africa/Lagos] Request URI: /tenant/bitflux-wallet-1771434696/admin/student-list.php
[12-Mar-2026 11:31:12 Africa/Lagos] Script: /home/academixsuite/public_html/tenant/{school-slug}/admin/student-list.php
[12-Mar-2026 11:31:12 Africa/Lagos] School database connection successful
[12-Mar-2026 11:31:12 Africa/Lagos] GuardianManager initialized for school ID: 6
[12-Mar-2026 11:31:12 Africa/Lagos] Loaded 21 settings records
[12-Mar-2026 11:31:12 Africa/Lagos] Loaded user data for ID: 1
[12-Mar-2026 11:31:12 Africa/Lagos] Loaded 16 classes
[12-Mar-2026 11:31:12 Africa/Lagos] Loaded 6 sections
[12-Mar-2026 11:31:12 Africa/Lagos] Fetched 7 students from database
[12-Mar-2026 11:31:12 Africa/Lagos] Sample student data: {"id":21,"first_name":"Uzochukwu","last_name":"Victory","class_name":"Kindergaten","section_name":"null"}
[12-Mar-2026 11:31:12 Africa/Lagos] === STUDENT LIST PAGE END ===
[12-Mar-2026 11:31:12 Africa/Lagos] Total students displayed: 7
[12-Mar-2026 11:31:12 Africa/Lagos] ROUTER END: Successfully served /home/academixsuite/public_html/tenant/{school-slug}/admin/student-list.php
[12-Mar-2026 11:33:49 Africa/Lagos] === STUDENT LIST PAGE START ===
[12-Mar-2026 11:33:49 Africa/Lagos] Request URI: /tenant/bitflux-wallet-1771434696/admin/student-list.php
[12-Mar-2026 11:33:49 Africa/Lagos] Script: /home/academixsuite/public_html/tenant/{school-slug}/admin/student-list.php
[12-Mar-2026 11:33:49 Africa/Lagos] School database connection successful
[12-Mar-2026 11:33:49 Africa/Lagos] GuardianManager initialized for school ID: 6
[12-Mar-2026 11:33:49 Africa/Lagos] Loaded 21 settings records
[12-Mar-2026 11:33:49 Africa/Lagos] Loaded user data for ID: 1
[12-Mar-2026 11:33:49 Africa/Lagos] Loaded 16 classes
[12-Mar-2026 11:33:49 Africa/Lagos] Loaded 6 sections
[12-Mar-2026 11:33:49 Africa/Lagos] Fetched 8 students from database
[12-Mar-2026 11:33:49 Africa/Lagos] Sample student data: {"id":22,"first_name":"Unagbu","last_name":"Rita","class_name":"Kindergaten","section_name":"Section A"}
[12-Mar-2026 11:33:49 Africa/Lagos] === STUDENT LIST PAGE END ===
[12-Mar-2026 11:33:49 Africa/Lagos] Total students displayed: 8
[12-Mar-2026 11:33:49 Africa/Lagos] ROUTER END: Successfully served /home/academixsuite/public_html/tenant/{school-slug}/admin/student-list.php
[12-Mar-2026 11:38:13 Africa/Lagos] === STUDENT LIST PAGE START ===
[12-Mar-2026 11:38:13 Africa/Lagos] Request URI: /tenant/bitflux-wallet-1771434696/admin/student-list.php
[12-Mar-2026 11:38:13 Africa/Lagos] Script: /home/academixsuite/public_html/tenant/{school-slug}/admin/student-list.php
[12-Mar-2026 11:38:13 Africa/Lagos] School database connection successful
[12-Mar-2026 11:38:13 Africa/Lagos] GuardianManager initialized for school ID: 6
[12-Mar-2026 11:38:13 Africa/Lagos] Loaded 21 settings records
[12-Mar-2026 11:38:13 Africa/Lagos] Loaded user data for ID: 1
[12-Mar-2026 11:38:13 Africa/Lagos] Loaded 16 classes
[12-Mar-2026 11:38:13 Africa/Lagos] Loaded 6 sections
[12-Mar-2026 11:38:13 Africa/Lagos] Fetched 9 students from database
[12-Mar-2026 11:38:13 Africa/Lagos] Sample student data: {"id":23,"first_name":"Okoye","last_name":"Maryann","class_name":"Kindergaten","section_name":"null"}
[12-Mar-2026 11:38:13 Africa/Lagos] === STUDENT LIST PAGE END ===
[12-Mar-2026 11:38:13 Africa/Lagos] Total students displayed: 9
[12-Mar-2026 11:38:13 Africa/Lagos] ROUTER END: Successfully served /home/academixsuite/public_html/tenant/{school-slug}/admin/student-list.php
[12-Mar-2026 11:39:09 Africa/Lagos] === STUDENT LIST PAGE START ===
[12-Mar-2026 11:39:09 Africa/Lagos] Request URI: /tenant/bitflux-wallet-1771434696/admin/student-list.php
[12-Mar-2026 11:39:09 Africa/Lagos] Script: /home/academixsuite/public_html/tenant/{school-slug}/admin/student-list.php
[12-Mar-2026 11:39:09 Africa/Lagos] School database connection successful
[12-Mar-2026 11:39:09 Africa/Lagos] GuardianManager initialized for school ID: 6
[12-Mar-2026 11:39:09 Africa/Lagos] Loaded 21 settings records
[12-Mar-2026 11:39:09 Africa/Lagos] Loaded user data for ID: 1
[12-Mar-2026 11:39:09 Africa/Lagos] Loaded 16 classes
[12-Mar-2026 11:39:09 Africa/Lagos] Loaded 6 sections
[12-Mar-2026 11:39:09 Africa/Lagos] Fetched 9 students from database
[12-Mar-2026 11:39:09 Africa/Lagos] Sample student data: {"id":23,"first_name":"Okoye","last_name":"Maryann","class_name":"Kindergaten","section_name":"Section A"}
[12-Mar-2026 11:39:09 Africa/Lagos] === STUDENT LIST PAGE END ===
[12-Mar-2026 11:39:09 Africa/Lagos] Total students displayed: 9
[12-Mar-2026 11:39:09 Africa/Lagos] ROUTER END: Successfully served /home/academixsuite/public_html/tenant/{school-slug}/admin/student-list.php
[12-Mar-2026 11:43:03 Africa/Lagos] === STUDENT LIST PAGE START ===
[12-Mar-2026 11:43:03 Africa/Lagos] Request URI: /tenant/bitflux-wallet-1771434696/admin/student-list.php
[12-Mar-2026 11:43:03 Africa/Lagos] Script: /home/academixsuite/public_html/tenant/{school-slug}/admin/student-list.php
[12-Mar-2026 11:43:03 Africa/Lagos] School database connection successful
[12-Mar-2026 11:43:03 Africa/Lagos] GuardianManager initialized for school ID: 6
[12-Mar-2026 11:43:03 Africa/Lagos] Loaded 21 settings records
[12-Mar-2026 11:43:03 Africa/Lagos] Loaded user data for ID: 1
[12-Mar-2026 11:43:03 Africa/Lagos] Loaded 16 classes
[12-Mar-2026 11:43:03 Africa/Lagos] Loaded 6 sections
[12-Mar-2026 11:43:03 Africa/Lagos] Fetched 10 students from database
[12-Mar-2026 11:43:03 Africa/Lagos] Sample student data: {"id":24,"first_name":"Adeyemi","last_name":"Hephzibah","class_name":"Kindergaten","section_name":"Section A"}
[12-Mar-2026 11:43:03 Africa/Lagos] === STUDENT LIST PAGE END ===
[12-Mar-2026 11:43:03 Africa/Lagos] Total students displayed: 10
[12-Mar-2026 11:43:03 Africa/Lagos] ROUTER END: Successfully served /home/academixsuite/public_html/tenant/{school-slug}/admin/student-list.php
[12-Mar-2026 11:44:11 Africa/Lagos] === STUDENT LIST PAGE START ===
[12-Mar-2026 11:44:11 Africa/Lagos] Request URI: /tenant/bitflux-wallet-1771434696/admin/student-list.php
[12-Mar-2026 11:44:11 Africa/Lagos] Script: /home/academixsuite/public_html/tenant/{school-slug}/admin/student-list.php
[12-Mar-2026 11:44:11 Africa/Lagos] School database connection successful
[12-Mar-2026 11:44:11 Africa/Lagos] GuardianManager initialized for school ID: 6
[12-Mar-2026 11:44:11 Africa/Lagos] Loaded 21 settings records
[12-Mar-2026 11:44:11 Africa/Lagos] Loaded user data for ID: 1
[12-Mar-2026 11:44:11 Africa/Lagos] Loaded 16 classes
[12-Mar-2026 11:44:11 Africa/Lagos] Loaded 6 sections
[12-Mar-2026 11:44:11 Africa/Lagos] Fetched 10 students from database
[12-Mar-2026 11:44:11 Africa/Lagos] Sample student data: {"id":24,"first_name":"Adeyemi","last_name":"Hephzibah","class_name":"Kindergaten","section_name":"Section A"}
[12-Mar-2026 11:44:11 Africa/Lagos] === STUDENT LIST PAGE END ===
[12-Mar-2026 11:44:11 Africa/Lagos] Total students displayed: 10
[12-Mar-2026 11:44:11 Africa/Lagos] ROUTER END: Successfully served /home/academixsuite/public_html/tenant/{school-slug}/admin/student-list.php
[12-Mar-2026 11:50:44 Africa/Lagos] === STUDENT LIST PAGE START ===
[12-Mar-2026 11:50:44 Africa/Lagos] Request URI: /tenant/bitflux-wallet-1771434696/admin/student-list.php
[12-Mar-2026 11:50:44 Africa/Lagos] Script: /home/academixsuite/public_html/tenant/{school-slug}/admin/student-list.php
[12-Mar-2026 11:50:44 Africa/Lagos] School database connection successful
[12-Mar-2026 11:50:44 Africa/Lagos] GuardianManager initialized for school ID: 6
[12-Mar-2026 11:50:44 Africa/Lagos] Loaded 21 settings records
[12-Mar-2026 11:50:44 Africa/Lagos] Loaded user data for ID: 1
[12-Mar-2026 11:50:44 Africa/Lagos] Loaded 16 classes
[12-Mar-2026 11:50:44 Africa/Lagos] Loaded 6 sections
[12-Mar-2026 11:50:44 Africa/Lagos] Fetched 11 students from database
[12-Mar-2026 11:50:44 Africa/Lagos] Sample student data: {"id":25,"first_name":"Adetifa","last_name":"Israel","class_name":"Kindergaten","section_name":"Section A"}
[12-Mar-2026 11:50:44 Africa/Lagos] === STUDENT LIST PAGE END ===
[12-Mar-2026 11:50:44 Africa/Lagos] Total students displayed: 11
[12-Mar-2026 11:50:44 Africa/Lagos] ROUTER END: Successfully served /home/academixsuite/public_html/tenant/{school-slug}/admin/student-list.php
[12-Mar-2026 11:57:28 Africa/Lagos] === STUDENT LIST PAGE START ===
[12-Mar-2026 11:57:28 Africa/Lagos] Request URI: /tenant/bitflux-wallet-1771434696/admin/student-list.php
[12-Mar-2026 11:57:28 Africa/Lagos] Script: /home/academixsuite/public_html/tenant/{school-slug}/admin/student-list.php
[12-Mar-2026 11:57:28 Africa/Lagos] School database connection successful
[12-Mar-2026 11:57:28 Africa/Lagos] GuardianManager initialized for school ID: 6
[12-Mar-2026 11:57:28 Africa/Lagos] Loaded 21 settings records
[12-Mar-2026 11:57:28 Africa/Lagos] Loaded user data for ID: 1
[12-Mar-2026 11:57:28 Africa/Lagos] Loaded 16 classes
[12-Mar-2026 11:57:28 Africa/Lagos] Loaded 6 sections
[12-Mar-2026 11:57:28 Africa/Lagos] Fetched 12 students from database
[12-Mar-2026 11:57:28 Africa/Lagos] Sample student data: {"id":26,"first_name":"Ovieva","last_name":"Favour","class_name":"Kindergaten","section_name":"Section A"}
[12-Mar-2026 11:57:28 Africa/Lagos] === STUDENT LIST PAGE END ===
[12-Mar-2026 11:57:28 Africa/Lagos] Total students displayed: 12
[12-Mar-2026 11:57:28 Africa/Lagos] ROUTER END: Successfully served /home/academixsuite/public_html/tenant/{school-slug}/admin/student-list.php
[12-Mar-2026 12:00:17 Africa/Lagos] === STUDENT LIST PAGE START ===
[12-Mar-2026 12:00:17 Africa/Lagos] Request URI: /tenant/bitflux-wallet-1771434696/admin/student-list.php
[12-Mar-2026 12:00:17 Africa/Lagos] Script: /home/academixsuite/public_html/tenant/{school-slug}/admin/student-list.php
[12-Mar-2026 12:00:17 Africa/Lagos] School database connection successful
[12-Mar-2026 12:00:17 Africa/Lagos] GuardianManager initialized for school ID: 6
[12-Mar-2026 12:00:17 Africa/Lagos] Loaded 21 settings records
[12-Mar-2026 12:00:17 Africa/Lagos] Loaded user data for ID: 1
[12-Mar-2026 12:00:17 Africa/Lagos] Loaded 16 classes
[12-Mar-2026 12:00:17 Africa/Lagos] Loaded 6 sections
[12-Mar-2026 12:00:17 Africa/Lagos] Fetched 13 students from database
[12-Mar-2026 12:00:17 Africa/Lagos] Sample student data: {"id":27,"first_name":"Tamuno","last_name":"Rejoice","class_name":"Kindergaten","section_name":"Section A"}
[12-Mar-2026 12:00:17 Africa/Lagos] === STUDENT LIST PAGE END ===
[12-Mar-2026 12:00:17 Africa/Lagos] Total students displayed: 13
[12-Mar-2026 12:00:17 Africa/Lagos] ROUTER END: Successfully served /home/academixsuite/public_html/tenant/{school-slug}/admin/student-list.php
[12-Mar-2026 12:05:59 Africa/Lagos] === STUDENT LIST PAGE START ===
[12-Mar-2026 12:05:59 Africa/Lagos] Request URI: /tenant/bitflux-wallet-1771434696/admin/student-list.php
[12-Mar-2026 12:05:59 Africa/Lagos] Script: /home/academixsuite/public_html/tenant/{school-slug}/admin/student-list.php
[12-Mar-2026 12:05:59 Africa/Lagos] School database connection successful
[12-Mar-2026 12:05:59 Africa/Lagos] GuardianManager initialized for school ID: 6
[12-Mar-2026 12:05:59 Africa/Lagos] Loaded 21 settings records
[12-Mar-2026 12:05:59 Africa/Lagos] Loaded user data for ID: 1
[12-Mar-2026 12:05:59 Africa/Lagos] Loaded 16 classes
[12-Mar-2026 12:05:59 Africa/Lagos] Loaded 6 sections
[12-Mar-2026 12:05:59 Africa/Lagos] Fetched 14 students from database
[12-Mar-2026 12:05:59 Africa/Lagos] Sample student data: {"id":28,"first_name":"Bagshaw","last_name":"Joy","class_name":"Kindergaten","section_name":"Section A"}
[12-Mar-2026 12:05:59 Africa/Lagos] === STUDENT LIST PAGE END ===
[12-Mar-2026 12:05:59 Africa/Lagos] Total students displayed: 14
[12-Mar-2026 12:05:59 Africa/Lagos] ROUTER END: Successfully served /home/academixsuite/public_html/tenant/{school-slug}/admin/student-list.php
[12-Mar-2026 12:08:19 Africa/Lagos] === STUDENT LIST PAGE START ===
[12-Mar-2026 12:08:19 Africa/Lagos] Request URI: /tenant/bitflux-wallet-1771434696/admin/student-list.php
[12-Mar-2026 12:08:19 Africa/Lagos] Script: /home/academixsuite/public_html/tenant/{school-slug}/admin/student-list.php
[12-Mar-2026 12:08:19 Africa/Lagos] School database connection successful
[12-Mar-2026 12:08:19 Africa/Lagos] GuardianManager initialized for school ID: 6
[12-Mar-2026 12:08:19 Africa/Lagos] Loaded 21 settings records
[12-Mar-2026 12:08:19 Africa/Lagos] Loaded user data for ID: 1
[12-Mar-2026 12:08:19 Africa/Lagos] Loaded 16 classes
[12-Mar-2026 12:08:19 Africa/Lagos] Loaded 6 sections
[12-Mar-2026 12:08:19 Africa/Lagos] Fetched 15 students from database
[12-Mar-2026 12:08:19 Africa/Lagos] Sample student data: {"id":29,"first_name":"Ogbuogu","last_name":"Christopher","class_name":"Kindergaten","section_name":"Section A"}
[12-Mar-2026 12:08:19 Africa/Lagos] === STUDENT LIST PAGE END ===
[12-Mar-2026 12:08:19 Africa/Lagos] Total students displayed: 15
[12-Mar-2026 12:08:19 Africa/Lagos] ROUTER END: Successfully served /home/academixsuite/public_html/tenant/{school-slug}/admin/student-list.php
[12-Mar-2026 12:11:29 Africa/Lagos] === STUDENT LIST PAGE START ===
[12-Mar-2026 12:11:29 Africa/Lagos] Request URI: /tenant/bitflux-wallet-1771434696/admin/student-list.php
[12-Mar-2026 12:11:29 Africa/Lagos] Script: /home/academixsuite/public_html/tenant/{school-slug}/admin/student-list.php
[12-Mar-2026 12:11:29 Africa/Lagos] School database connection successful
[12-Mar-2026 12:11:29 Africa/Lagos] GuardianManager initialized for school ID: 6
[12-Mar-2026 12:11:29 Africa/Lagos] Loaded 21 settings records
[12-Mar-2026 12:11:29 Africa/Lagos] Loaded user data for ID: 1
[12-Mar-2026 12:11:29 Africa/Lagos] Loaded 16 classes
[12-Mar-2026 12:11:29 Africa/Lagos] Loaded 6 sections
[12-Mar-2026 12:11:29 Africa/Lagos] Fetched 16 students from database
[12-Mar-2026 12:11:29 Africa/Lagos] Sample student data: {"id":30,"first_name":"Sylvester","last_name":"Favour","class_name":"Kindergaten","section_name":"Section A"}
[12-Mar-2026 12:11:29 Africa/Lagos] === STUDENT LIST PAGE END ===
[12-Mar-2026 12:11:29 Africa/Lagos] Total students displayed: 16
[12-Mar-2026 12:11:29 Africa/Lagos] ROUTER END: Successfully served /home/academixsuite/public_html/tenant/{school-slug}/admin/student-list.php
[12-Mar-2026 12:13:52 Africa/Lagos] === STUDENT LIST PAGE START ===
[12-Mar-2026 12:13:52 Africa/Lagos] Request URI: /tenant/bitflux-wallet-1771434696/admin/student-list.php
[12-Mar-2026 12:13:52 Africa/Lagos] Script: /home/academixsuite/public_html/tenant/{school-slug}/admin/student-list.php
[12-Mar-2026 12:13:52 Africa/Lagos] School database connection successful
[12-Mar-2026 12:13:52 Africa/Lagos] GuardianManager initialized for school ID: 6
[12-Mar-2026 12:13:52 Africa/Lagos] Loaded 21 settings records
[12-Mar-2026 12:13:52 Africa/Lagos] Loaded user data for ID: 1
[12-Mar-2026 12:13:52 Africa/Lagos] Loaded 16 classes
[12-Mar-2026 12:13:52 Africa/Lagos] Loaded 6 sections
[12-Mar-2026 12:13:52 Africa/Lagos] Fetched 17 students from database
[12-Mar-2026 12:13:52 Africa/Lagos] Sample student data: {"id":31,"first_name":"Okere","last_name":"Francis","class_name":"Kindergaten","section_name":"Section A"}
[12-Mar-2026 12:13:52 Africa/Lagos] === STUDENT LIST PAGE END ===
[12-Mar-2026 12:13:52 Africa/Lagos] Total students displayed: 17
[12-Mar-2026 12:13:52 Africa/Lagos] ROUTER END: Successfully served /home/academixsuite/public_html/tenant/{school-slug}/admin/student-list.php
[12-Mar-2026 12:21:26 Africa/Lagos] === STUDENT LIST PAGE START ===
[12-Mar-2026 12:21:26 Africa/Lagos] Request URI: /tenant/bitflux-wallet-1771434696/admin/student-list.php
[12-Mar-2026 12:21:26 Africa/Lagos] Script: /home/academixsuite/public_html/tenant/{school-slug}/admin/student-list.php
[12-Mar-2026 12:21:26 Africa/Lagos] School database connection successful
[12-Mar-2026 12:21:26 Africa/Lagos] GuardianManager initialized for school ID: 6
[12-Mar-2026 12:21:26 Africa/Lagos] Loaded 21 settings records
[12-Mar-2026 12:21:26 Africa/Lagos] Loaded user data for ID: 1
[12-Mar-2026 12:21:26 Africa/Lagos] Loaded 16 classes
[12-Mar-2026 12:21:26 Africa/Lagos] Loaded 6 sections
[12-Mar-2026 12:21:26 Africa/Lagos] Fetched 18 students from database
[12-Mar-2026 12:21:26 Africa/Lagos] Sample student data: {"id":32,"first_name":"Amadi","last_name":"ThankGod","class_name":"Kindergaten","section_name":"Section A"}
[12-Mar-2026 12:21:26 Africa/Lagos] === STUDENT LIST PAGE END ===
[12-Mar-2026 12:21:26 Africa/Lagos] Total students displayed: 18
[12-Mar-2026 12:21:26 Africa/Lagos] ROUTER END: Successfully served /home/academixsuite/public_html/tenant/{school-slug}/admin/student-list.php
[12-Mar-2026 12:25:15 Africa/Lagos] === STUDENT LIST PAGE START ===
[12-Mar-2026 12:25:15 Africa/Lagos] Request URI: /tenant/bitflux-wallet-1771434696/admin/student-list.php
[12-Mar-2026 12:25:15 Africa/Lagos] Script: /home/academixsuite/public_html/tenant/{school-slug}/admin/student-list.php
[12-Mar-2026 12:25:15 Africa/Lagos] School database connection successful
[12-Mar-2026 12:25:15 Africa/Lagos] GuardianManager initialized for school ID: 6
[12-Mar-2026 12:25:15 Africa/Lagos] Loaded 21 settings records
[12-Mar-2026 12:25:15 Africa/Lagos] Loaded user data for ID: 1
[12-Mar-2026 12:25:15 Africa/Lagos] Loaded 16 classes
[12-Mar-2026 12:25:15 Africa/Lagos] Loaded 6 sections
[12-Mar-2026 12:25:15 Africa/Lagos] Fetched 18 students from database
[12-Mar-2026 12:25:15 Africa/Lagos] Sample student data: {"id":32,"first_name":"Amadi","last_name":"ThankGod","class_name":"Kindergaten","section_name":"Section A"}
[12-Mar-2026 12:25:15 Africa/Lagos] === STUDENT LIST PAGE END ===
[12-Mar-2026 12:25:15 Africa/Lagos] Total students displayed: 18
[12-Mar-2026 12:25:15 Africa/Lagos] ROUTER END: Successfully served /home/academixsuite/public_html/tenant/{school-slug}/admin/student-list.php
[12-Mar-2026 12:48:45 Africa/Lagos] === STUDENT LIST PAGE START ===
[12-Mar-2026 12:48:45 Africa/Lagos] Request URI: /tenant/bitflux-wallet-1771434696/admin/student-list.php
[12-Mar-2026 12:48:45 Africa/Lagos] Script: /home/academixsuite/public_html/tenant/{school-slug}/admin/student-list.php
[12-Mar-2026 12:48:45 Africa/Lagos] School database connection successful
[12-Mar-2026 12:48:45 Africa/Lagos] GuardianManager initialized for school ID: 6
[12-Mar-2026 12:48:45 Africa/Lagos] Loaded 21 settings records
[12-Mar-2026 12:48:45 Africa/Lagos] Loaded user data for ID: 1
[12-Mar-2026 12:48:45 Africa/Lagos] Loaded 16 classes
[12-Mar-2026 12:48:45 Africa/Lagos] Loaded 6 sections
[12-Mar-2026 12:48:45 Africa/Lagos] Fetched 18 students from database
[12-Mar-2026 12:48:45 Africa/Lagos] Sample student data: {"id":32,"first_name":"Amadi","last_name":"ThankGod","class_name":"Kindergaten","section_name":"Section A"}
[12-Mar-2026 12:48:45 Africa/Lagos] === STUDENT LIST PAGE END ===
[12-Mar-2026 12:48:45 Africa/Lagos] Total students displayed: 18
[12-Mar-2026 12:48:45 Africa/Lagos] ROUTER END: Successfully served /home/academixsuite/public_html/tenant/{school-slug}/admin/student-list.php
[12-Mar-2026 12:54:03 Africa/Lagos] === STUDENT LIST PAGE START ===
[12-Mar-2026 12:54:03 Africa/Lagos] Request URI: /tenant/bitflux-wallet-1771434696/admin/student-list.php
[12-Mar-2026 12:54:03 Africa/Lagos] Script: /home/academixsuite/public_html/tenant/{school-slug}/admin/student-list.php
[12-Mar-2026 12:54:03 Africa/Lagos] School database connection successful
[12-Mar-2026 12:54:03 Africa/Lagos] GuardianManager initialized for school ID: 6
[12-Mar-2026 12:54:03 Africa/Lagos] Loaded 21 settings records
[12-Mar-2026 12:54:03 Africa/Lagos] Loaded user data for ID: 1
[12-Mar-2026 12:54:03 Africa/Lagos] Loaded 16 classes
[12-Mar-2026 12:54:03 Africa/Lagos] Loaded 6 sections
[12-Mar-2026 12:54:03 Africa/Lagos] Fetched 18 students from database
[12-Mar-2026 12:54:03 Africa/Lagos] Sample student data: {"id":32,"first_name":"Amadi","last_name":"ThankGod","class_name":"Kindergaten","section_name":"Section A"}
[12-Mar-2026 12:54:03 Africa/Lagos] === STUDENT LIST PAGE END ===
[12-Mar-2026 12:54:03 Africa/Lagos] Total students displayed: 18
[12-Mar-2026 12:54:03 Africa/Lagos] ROUTER END: Successfully served /home/academixsuite/public_html/tenant/{school-slug}/admin/student-list.php
[12-Mar-2026 12:58:31 Africa/Lagos] === STUDENT LIST PAGE START ===
[12-Mar-2026 12:58:31 Africa/Lagos] Request URI: /tenant/bitflux-wallet-1771434696/admin/student-list.php?class_id=4
[12-Mar-2026 12:58:31 Africa/Lagos] Script: /home/academixsuite/public_html/tenant/{school-slug}/admin/student-list.php
[12-Mar-2026 12:58:31 Africa/Lagos] School database connection successful
[12-Mar-2026 12:58:31 Africa/Lagos] GuardianManager initialized for school ID: 6
[12-Mar-2026 12:58:31 Africa/Lagos] Loaded 21 settings records
[12-Mar-2026 12:58:31 Africa/Lagos] Loaded user data for ID: 1
[12-Mar-2026 12:58:31 Africa/Lagos] Loaded 16 classes
[12-Mar-2026 12:58:31 Africa/Lagos] Loaded 6 sections
[12-Mar-2026 12:58:31 Africa/Lagos] Fetched 18 students from database
[12-Mar-2026 12:58:31 Africa/Lagos] Sample student data: {"id":32,"first_name":"Amadi","last_name":"ThankGod","class_name":"Kindergaten","section_name":"Section A"}
[12-Mar-2026 12:58:31 Africa/Lagos] === STUDENT LIST PAGE END ===
[12-Mar-2026 12:58:31 Africa/Lagos] Total students displayed: 18
[12-Mar-2026 12:58:31 Africa/Lagos] ROUTER END: Successfully served /home/academixsuite/public_html/tenant/{school-slug}/admin/student-list.php
[12-Mar-2026 13:06:02 Africa/Lagos] === STUDENT LIST PAGE START ===
[12-Mar-2026 13:06:02 Africa/Lagos] Request URI: /tenant/bitflux-wallet-1771434696/admin/student-list.php
[12-Mar-2026 13:06:02 Africa/Lagos] Script: /home/academixsuite/public_html/tenant/{school-slug}/admin/student-list.php
[12-Mar-2026 13:06:02 Africa/Lagos] School database connection successful
[12-Mar-2026 13:06:02 Africa/Lagos] GuardianManager initialized for school ID: 6
[12-Mar-2026 13:06:02 Africa/Lagos] Loaded 21 settings records
[12-Mar-2026 13:06:02 Africa/Lagos] Loaded user data for ID: 1
[12-Mar-2026 13:06:02 Africa/Lagos] Loaded 16 classes
[12-Mar-2026 13:06:02 Africa/Lagos] Loaded 6 sections
[12-Mar-2026 13:06:02 Africa/Lagos] Fetched 18 students from database
[12-Mar-2026 13:06:02 Africa/Lagos] Sample student data: {"id":32,"first_name":"Amadi","last_name":"ThankGod","class_name":"Kindergaten","section_name":"Section A"}
[12-Mar-2026 13:06:02 Africa/Lagos] === STUDENT LIST PAGE END ===
[12-Mar-2026 13:06:02 Africa/Lagos] Total students displayed: 18
[12-Mar-2026 13:06:02 Africa/Lagos] ROUTER END: Successfully served /home/academixsuite/public_html/tenant/{school-slug}/admin/student-list.php
[12-Mar-2026 13:06:21 Africa/Lagos] === STUDENT LIST PAGE START ===
[12-Mar-2026 13:06:21 Africa/Lagos] Request URI: /tenant/bitflux-wallet-1771434696/admin/student-list.php?class_id=4
[12-Mar-2026 13:06:21 Africa/Lagos] Script: /home/academixsuite/public_html/tenant/{school-slug}/admin/student-list.php
[12-Mar-2026 13:06:21 Africa/Lagos] School database connection successful
[12-Mar-2026 13:06:21 Africa/Lagos] GuardianManager initialized for school ID: 6
[12-Mar-2026 13:06:21 Africa/Lagos] Loaded 21 settings records
[12-Mar-2026 13:06:21 Africa/Lagos] Loaded user data for ID: 1
[12-Mar-2026 13:06:21 Africa/Lagos] Loaded 16 classes
[12-Mar-2026 13:06:21 Africa/Lagos] Loaded 6 sections
[12-Mar-2026 13:06:21 Africa/Lagos] Fetched 18 students from database
[12-Mar-2026 13:06:21 Africa/Lagos] Sample student data: {"id":32,"first_name":"Amadi","last_name":"ThankGod","class_name":"Kindergaten","section_name":"Section A"}
[12-Mar-2026 13:06:21 Africa/Lagos] === STUDENT LIST PAGE END ===
[12-Mar-2026 13:06:21 Africa/Lagos] Total students displayed: 18
[12-Mar-2026 13:06:21 Africa/Lagos] ROUTER END: Successfully served /home/academixsuite/public_html/tenant/{school-slug}/admin/student-list.php
[12-Mar-2026 13:06:47 Africa/Lagos] === STUDENT LIST PAGE START ===
[12-Mar-2026 13:06:47 Africa/Lagos] Request URI: /tenant/bitflux-wallet-1771434696/admin/student-list.php?class_id=4
[12-Mar-2026 13:06:47 Africa/Lagos] Script: /home/academixsuite/public_html/tenant/{school-slug}/admin/student-list.php
[12-Mar-2026 13:06:47 Africa/Lagos] School database connection successful
[12-Mar-2026 13:06:47 Africa/Lagos] GuardianManager initialized for school ID: 6
[12-Mar-2026 13:06:47 Africa/Lagos] Loaded 21 settings records
[12-Mar-2026 13:06:47 Africa/Lagos] Loaded user data for ID: 1
[12-Mar-2026 13:06:47 Africa/Lagos] Loaded 16 classes
[12-Mar-2026 13:06:47 Africa/Lagos] Loaded 6 sections
[12-Mar-2026 13:06:47 Africa/Lagos] Fetched 18 students from database
[12-Mar-2026 13:06:47 Africa/Lagos] Sample student data: {"id":32,"first_name":"Amadi","last_name":"ThankGod","class_name":"Kindergaten","section_name":"Section A"}
[12-Mar-2026 13:06:47 Africa/Lagos] === STUDENT LIST PAGE END ===
[12-Mar-2026 13:06:47 Africa/Lagos] Total students displayed: 18
[12-Mar-2026 13:06:47 Africa/Lagos] ROUTER END: Successfully served /home/academixsuite/public_html/tenant/{school-slug}/admin/student-list.php
[12-Mar-2026 15:24:07 Africa/Lagos] === STUDENT LIST PAGE START ===
[12-Mar-2026 15:24:07 Africa/Lagos] Request URI: /tenant/bitflux-wallet-1771434696/admin/student-list.php
[12-Mar-2026 15:24:07 Africa/Lagos] Script: /home/academixsuite/public_html/tenant/{school-slug}/admin/student-list.php
[12-Mar-2026 15:24:07 Africa/Lagos] School database connection successful
[12-Mar-2026 15:24:07 Africa/Lagos] GuardianManager initialized for school ID: 6
[12-Mar-2026 15:24:07 Africa/Lagos] Loaded 21 settings records
[12-Mar-2026 15:24:07 Africa/Lagos] Loaded user data for ID: 1
[12-Mar-2026 15:24:07 Africa/Lagos] Loaded 16 classes
[12-Mar-2026 15:24:07 Africa/Lagos] Loaded 6 sections
[12-Mar-2026 15:24:07 Africa/Lagos] Fetched 18 students from database
[12-Mar-2026 15:24:07 Africa/Lagos] Sample student data: {"id":32,"first_name":"Amadi","last_name":"ThankGod","class_name":"Kindergaten","section_name":"Section A"}
[12-Mar-2026 15:24:07 Africa/Lagos] === STUDENT LIST PAGE END ===
[12-Mar-2026 15:24:07 Africa/Lagos] Total students displayed: 18
[12-Mar-2026 15:24:07 Africa/Lagos] ROUTER END: Successfully served /home/academixsuite/public_html/tenant/{school-slug}/admin/student-list.php
[12-Mar-2026 15:25:53 Africa/Lagos] === STUDENT LIST PAGE START ===
[12-Mar-2026 15:25:53 Africa/Lagos] Request URI: /tenant/bitflux-wallet-1771434696/admin/student-list.php
[12-Mar-2026 15:25:53 Africa/Lagos] Script: /home/academixsuite/public_html/tenant/{school-slug}/admin/student-list.php
[12-Mar-2026 15:25:53 Africa/Lagos] School database connection successful
[12-Mar-2026 15:25:53 Africa/Lagos] GuardianManager initialized for school ID: 6
[12-Mar-2026 15:25:53 Africa/Lagos] Loaded 21 settings records
[12-Mar-2026 15:25:53 Africa/Lagos] Loaded user data for ID: 1
[12-Mar-2026 15:25:53 Africa/Lagos] Loaded 16 classes
[12-Mar-2026 15:25:53 Africa/Lagos] Loaded 6 sections
[12-Mar-2026 15:25:53 Africa/Lagos] Fetched 18 students from database
[12-Mar-2026 15:25:53 Africa/Lagos] Sample student data: {"id":32,"first_name":"Amadi","last_name":"ThankGod","class_name":"Kindergaten","section_name":"Section A"}
[12-Mar-2026 15:25:53 Africa/Lagos] === STUDENT LIST PAGE END ===
[12-Mar-2026 15:25:53 Africa/Lagos] Total students displayed: 18
[12-Mar-2026 15:25:53 Africa/Lagos] ROUTER END: Successfully served /home/academixsuite/public_html/tenant/{school-slug}/admin/student-list.php
[12-Mar-2026 15:27:45 Africa/Lagos] === STUDENT LIST PAGE START ===
[12-Mar-2026 15:27:45 Africa/Lagos] Request URI: /tenant/bitflux-wallet-1771434696/admin/student-list.php
[12-Mar-2026 15:27:45 Africa/Lagos] Script: /home/academixsuite/public_html/tenant/{school-slug}/admin/student-list.php
[12-Mar-2026 15:27:45 Africa/Lagos] School database connection successful
[12-Mar-2026 15:27:45 Africa/Lagos] GuardianManager initialized for school ID: 6
[12-Mar-2026 15:27:45 Africa/Lagos] Loaded 21 settings records
[12-Mar-2026 15:27:45 Africa/Lagos] Loaded user data for ID: 1
[12-Mar-2026 15:27:45 Africa/Lagos] Loaded 16 classes
[12-Mar-2026 15:27:45 Africa/Lagos] Loaded 6 sections
[12-Mar-2026 15:27:45 Africa/Lagos] Fetched 18 students from database
[12-Mar-2026 15:27:45 Africa/Lagos] Sample student data: {"id":32,"first_name":"Amadi","last_name":"ThankGod","class_name":"Kindergaten","section_name":"Section A"}
[12-Mar-2026 15:27:45 Africa/Lagos] === STUDENT LIST PAGE END ===
[12-Mar-2026 15:27:45 Africa/Lagos] Total students displayed: 18
[12-Mar-2026 15:27:45 Africa/Lagos] ROUTER END: Successfully served /home/academixsuite/public_html/tenant/{school-slug}/admin/student-list.php
[13-Mar-2026 07:37:33 Africa/Lagos] === STUDENT LIST PAGE START ===
[13-Mar-2026 07:37:33 Africa/Lagos] Request URI: /tenant/bitflux-wallet-1771434696/admin/student-list.php?section_id=5
[13-Mar-2026 07:37:33 Africa/Lagos] Script: /home/academixsuite/public_html/tenant/{school-slug}/admin/student-list.php
[13-Mar-2026 07:37:33 Africa/Lagos] School database connection successful
[13-Mar-2026 07:37:33 Africa/Lagos] GuardianManager initialized for school ID: 6
[13-Mar-2026 07:37:33 Africa/Lagos] Loaded 21 settings records
[13-Mar-2026 07:37:33 Africa/Lagos] Loaded user data for ID: 1
[13-Mar-2026 07:37:33 Africa/Lagos] Loaded 16 classes
[13-Mar-2026 07:37:33 Africa/Lagos] Loaded 6 sections
[13-Mar-2026 07:37:33 Africa/Lagos] Fetched 18 students from database
[13-Mar-2026 07:37:33 Africa/Lagos] Sample student data: {"id":32,"first_name":"Amadi","last_name":"ThankGod","class_name":"Kindergaten","section_name":"Section A"}
[13-Mar-2026 07:37:33 Africa/Lagos] === STUDENT LIST PAGE END ===
[13-Mar-2026 07:37:33 Africa/Lagos] Total students displayed: 18
[13-Mar-2026 07:37:33 Africa/Lagos] ROUTER END: Successfully served /home/academixsuite/public_html/tenant/{school-slug}/admin/student-list.php
[14-Mar-2026 05:29:08 Africa/Lagos] === STUDENT LIST PAGE START ===
[14-Mar-2026 05:29:08 Africa/Lagos] Request URI: /tenant/bitflux-wallet-1771434696/admin/student-list.php
[14-Mar-2026 05:29:08 Africa/Lagos] Script: /home/academixsuite/public_html/tenant/{school-slug}/admin/student-list.php
[14-Mar-2026 05:29:08 Africa/Lagos] School database connection successful
[14-Mar-2026 05:29:08 Africa/Lagos] GuardianManager initialized for school ID: 6
[14-Mar-2026 05:29:08 Africa/Lagos] Loaded 21 settings records
[14-Mar-2026 05:29:08 Africa/Lagos] Loaded user data for ID: 1
[14-Mar-2026 05:29:08 Africa/Lagos] Loaded 16 classes
[14-Mar-2026 05:29:08 Africa/Lagos] Loaded 6 sections
[14-Mar-2026 05:29:08 Africa/Lagos] Fetched 19 students from database
[14-Mar-2026 05:29:08 Africa/Lagos] Sample student data: {"id":33,"first_name":"David","last_name":"Aniago","class_name":"grade 1","section_name":"afternoon"}
[14-Mar-2026 05:29:08 Africa/Lagos] === STUDENT LIST PAGE END ===
[14-Mar-2026 05:29:08 Africa/Lagos] Total students displayed: 19
[14-Mar-2026 05:29:08 Africa/Lagos] ROUTER END: Successfully served /home/academixsuite/public_html/tenant/{school-slug}/admin/student-list.php
[14-Mar-2026 17:32:51 Africa/Lagos] === STUDENT LIST PAGE START ===
[14-Mar-2026 17:32:51 Africa/Lagos] Request URI: /tenant/bitflux-wallet-1771434696/admin/student-list.php
[14-Mar-2026 17:32:51 Africa/Lagos] Script: /home/academixsuite/public_html/tenant/{school-slug}/admin/student-list.php
[14-Mar-2026 17:32:51 Africa/Lagos] School database connection successful
[14-Mar-2026 17:32:51 Africa/Lagos] GuardianManager initialized for school ID: 6
[14-Mar-2026 17:32:51 Africa/Lagos] Loaded 21 settings records
[14-Mar-2026 17:32:51 Africa/Lagos] Loaded user data for ID: 1
[14-Mar-2026 17:32:51 Africa/Lagos] Loaded 16 classes
[14-Mar-2026 17:32:51 Africa/Lagos] Loaded 6 sections
[14-Mar-2026 17:32:51 Africa/Lagos] Fetched 19 students from database
[14-Mar-2026 17:32:51 Africa/Lagos] Sample student data: {"id":33,"first_name":"David","last_name":"Aniago","class_name":"grade 1","section_name":"afternoon"}
[14-Mar-2026 17:32:51 Africa/Lagos] === STUDENT LIST PAGE END ===
[14-Mar-2026 17:32:51 Africa/Lagos] Total students displayed: 19
[14-Mar-2026 17:32:51 Africa/Lagos] ROUTER END: Successfully served /home/academixsuite/public_html/tenant/{school-slug}/admin/student-list.php
[16-Mar-2026 13:09:07 Africa/Lagos] === STUDENT LIST PAGE START ===
[16-Mar-2026 13:09:07 Africa/Lagos] Request URI: /tenant/bitflux-wallet-1771434696/admin/student-list.php
[16-Mar-2026 13:09:07 Africa/Lagos] Script: /home/academixsuite/public_html/tenant/{school-slug}/admin/student-list.php
[16-Mar-2026 13:09:07 Africa/Lagos] School database connection successful
[16-Mar-2026 13:09:07 Africa/Lagos] GuardianManager initialized for school ID: 6
[16-Mar-2026 13:09:07 Africa/Lagos] Loaded 21 settings records
[16-Mar-2026 13:09:07 Africa/Lagos] Loaded user data for ID: 1
[16-Mar-2026 13:09:07 Africa/Lagos] Loaded 16 classes
[16-Mar-2026 13:09:07 Africa/Lagos] Loaded 6 sections
[16-Mar-2026 13:09:07 Africa/Lagos] Fetched 19 students from database
[16-Mar-2026 13:09:07 Africa/Lagos] Sample student data: {"id":33,"first_name":"David","last_name":"Aniago","class_name":"grade 1","section_name":"afternoon"}
[16-Mar-2026 13:09:07 Africa/Lagos] === STUDENT LIST PAGE END ===
[16-Mar-2026 13:09:07 Africa/Lagos] Total students displayed: 19
[16-Mar-2026 13:09:07 Africa/Lagos] ROUTER END: Successfully served /home/academixsuite/public_html/tenant/{school-slug}/admin/student-list.php
[24-Mar-2026 09:14:23 Africa/Lagos] === STUDENT LIST PAGE START ===
[24-Mar-2026 09:14:23 Africa/Lagos] Request URI: /tenant/bitflux-wallet-1771434696/admin/student-list.php
[24-Mar-2026 09:14:23 Africa/Lagos] Script: /home/academixsuite/public_html/tenant/{school-slug}/admin/student-list.php
[24-Mar-2026 09:14:23 Africa/Lagos] School database connection successful
[24-Mar-2026 09:14:23 Africa/Lagos] GuardianManager initialized for school ID: 6
[24-Mar-2026 09:14:23 Africa/Lagos] Loaded 21 settings records
[24-Mar-2026 09:14:23 Africa/Lagos] Loaded user data for ID: 1
[24-Mar-2026 09:14:23 Africa/Lagos] Loaded 16 classes
[24-Mar-2026 09:14:23 Africa/Lagos] Loaded 6 sections
[24-Mar-2026 09:14:23 Africa/Lagos] Fetched 19 students from database
[24-Mar-2026 09:14:23 Africa/Lagos] Sample student data: {"id":33,"first_name":"David","last_name":"Aniago","class_name":"grade 1","section_name":"afternoon"}
[24-Mar-2026 09:14:23 Africa/Lagos] === STUDENT LIST PAGE END ===
[24-Mar-2026 09:14:23 Africa/Lagos] Total students displayed: 19
[24-Mar-2026 09:14:23 Africa/Lagos] ROUTER END: Successfully served /home/academixsuite/public_html/tenant/{school-slug}/admin/student-list.php
[29-Mar-2026 09:55:28 Africa/Lagos] === STUDENT LIST PAGE START ===
[29-Mar-2026 09:55:28 Africa/Lagos] Request URI: /tenant/bitflux-wallet-1771434696/admin/student-list.php
[29-Mar-2026 09:55:28 Africa/Lagos] Script: /home/academixsuite/public_html/tenant/{school-slug}/admin/student-list.php
[29-Mar-2026 09:55:28 Africa/Lagos] School database connection successful
[29-Mar-2026 09:55:28 Africa/Lagos] GuardianManager initialized for school ID: 6
[29-Mar-2026 09:55:28 Africa/Lagos] Loaded 21 settings records
[29-Mar-2026 09:55:28 Africa/Lagos] Loaded user data for ID: 1
[29-Mar-2026 09:55:28 Africa/Lagos] Loaded 16 classes
[29-Mar-2026 09:55:28 Africa/Lagos] Loaded 6 sections
[29-Mar-2026 09:55:28 Africa/Lagos] Fetched 19 students from database
[29-Mar-2026 09:55:28 Africa/Lagos] Sample student data: {"id":33,"first_name":"David","last_name":"Aniago","class_name":"grade 1","section_name":"afternoon"}
[29-Mar-2026 09:55:28 Africa/Lagos] === STUDENT LIST PAGE END ===
[29-Mar-2026 09:55:28 Africa/Lagos] Total students displayed: 19
[29-Mar-2026 09:55:28 Africa/Lagos] ROUTER END: Successfully served /home/academixsuite/public_html/tenant/{school-slug}/admin/student-list.php
[29-Mar-2026 09:59:46 Africa/Lagos] === STUDENT LIST PAGE START ===
[29-Mar-2026 09:59:46 Africa/Lagos] Request URI: /tenant/bitflux-wallet-1771434696/admin/student-list.php
[29-Mar-2026 09:59:46 Africa/Lagos] Script: /home/academixsuite/public_html/tenant/{school-slug}/admin/student-list.php
[29-Mar-2026 09:59:46 Africa/Lagos] School database connection successful
[29-Mar-2026 09:59:46 Africa/Lagos] GuardianManager initialized for school ID: 6
[29-Mar-2026 09:59:46 Africa/Lagos] Loaded 21 settings records
[29-Mar-2026 09:59:46 Africa/Lagos] Loaded user data for ID: 1
[29-Mar-2026 09:59:46 Africa/Lagos] Loaded 16 classes
[29-Mar-2026 09:59:46 Africa/Lagos] Loaded 6 sections
[29-Mar-2026 09:59:46 Africa/Lagos] Fetched 19 students from database
[29-Mar-2026 09:59:46 Africa/Lagos] Sample student data: {"id":33,"first_name":"David","last_name":"Aniago","class_name":"grade 1","section_name":"afternoon"}
[29-Mar-2026 09:59:46 Africa/Lagos] === STUDENT LIST PAGE END ===
[29-Mar-2026 09:59:46 Africa/Lagos] Total students displayed: 19
[29-Mar-2026 09:59:46 Africa/Lagos] ROUTER END: Successfully served /home/academixsuite/public_html/tenant/{school-slug}/admin/student-list.php
[07-Apr-2026 04:42:23 Africa/Lagos] === STUDENT LIST PAGE START ===
[07-Apr-2026 04:42:23 Africa/Lagos] Request URI: /tenant/bitflux-wallet-1771434696/admin/student-list.php
[07-Apr-2026 04:42:23 Africa/Lagos] Script: /home/academixsuite/public_html/tenant/{school-slug}/admin/student-list.php
[07-Apr-2026 04:42:23 Africa/Lagos] School database connection successful
[07-Apr-2026 04:42:23 Africa/Lagos] GuardianManager initialized for school ID: 6
[07-Apr-2026 04:42:23 Africa/Lagos] Loaded 21 settings records
[07-Apr-2026 04:42:23 Africa/Lagos] Loaded user data for ID: 1
[07-Apr-2026 04:42:23 Africa/Lagos] Loaded 16 classes
[07-Apr-2026 04:42:23 Africa/Lagos] Loaded 6 sections
[07-Apr-2026 04:42:23 Africa/Lagos] Fetched 19 students from database
[07-Apr-2026 04:42:23 Africa/Lagos] Sample student data: {"id":33,"first_name":"David","last_name":"Aniago","class_name":"grade 1","section_name":"afternoon"}
[07-Apr-2026 04:42:23 Africa/Lagos] === STUDENT LIST PAGE END ===
[07-Apr-2026 04:42:23 Africa/Lagos] Total students displayed: 19
[07-Apr-2026 04:42:23 Africa/Lagos] ROUTER END: Successfully served /home/academixsuite/public_html/tenant/{school-slug}/admin/student-list.php
