[06-Mar-2026 09:50:19 Africa/Lagos] === ADD GUARDIAN PAGE START ===
[06-Mar-2026 09:50:19 Africa/Lagos] Request URI: /tenant/bitflux-wallet-1771434696/admin/add-new-guardian.php
[06-Mar-2026 09:50:19 Africa/Lagos] Script: /home/academixsuite/public_html/tenant/{school-slug}/admin/add-new-guardian.php
[06-Mar-2026 09:50:19 Africa/Lagos] Request Method: GET
[06-Mar-2026 09:50:19 Africa/Lagos] Session ID: b071d997e0a69dc696849e7087f8f3a5
[06-Mar-2026 09:50:19 Africa/Lagos] School Slug: bitflux-wallet-1771434696
[06-Mar-2026 09:50:19 Africa/Lagos] User Type: admin
[06-Mar-2026 09:50:19 Africa/Lagos] Current Page: add-new-guardian.php
[06-Mar-2026 09:50:19 Africa/Lagos] School ID: 6
[06-Mar-2026 09:50:19 Africa/Lagos] School Name: bitflux wallet
[06-Mar-2026 09:50:19 Africa/Lagos] Authenticated User ID: 1
[06-Mar-2026 09:50:19 Africa/Lagos] Authenticated User Type: admin
[06-Mar-2026 09:50:19 Africa/Lagos] Loading autoload from: /home/academixsuite/public_html/tenant/{school-slug}/admin/../../../includes/autoload.php
[06-Mar-2026 09:50:19 Africa/Lagos] Autoload loaded successfully
[06-Mar-2026 09:50:19 Africa/Lagos] Database class found
[06-Mar-2026 09:50:19 Africa/Lagos] Loading GuardianManager from: /home/academixsuite/public_html/tenant/{school-slug}/admin/../../../includes/GuardianManager.php
[06-Mar-2026 09:50:19 Africa/Lagos] Attempting to connect to database: school_6
[06-Mar-2026 09:50:19 Africa/Lagos] School database connection successful for: school_6
[06-Mar-2026 09:50:19 Africa/Lagos] Database connection PDO object: PDO
[06-Mar-2026 09:50:19 Africa/Lagos] Initializing GuardianManager with parameters:
[06-Mar-2026 09:50:19 Africa/Lagos] - School ID: 6
[06-Mar-2026 09:50:19 Africa/Lagos] - User ID: 1
[06-Mar-2026 09:50:19 Africa/Lagos] - User Type: admin
[06-Mar-2026 09:50:19 Africa/Lagos] GuardianManager initialized successfully
[06-Mar-2026 09:50:19 Africa/Lagos] Starting data fetch from database
[06-Mar-2026 09:50:19 Africa/Lagos] Loaded 21 settings records
[06-Mar-2026 09:50:19 Africa/Lagos] Loaded user data for ID: 1
[06-Mar-2026 09:50:19 Africa/Lagos] Loaded 3 active students
[06-Mar-2026 09:50:19 Africa/Lagos] === ADD GUARDIAN PAGE END ===
[06-Mar-2026 09:50:19 Africa/Lagos] Page loaded with 3 students
[06-Mar-2026 09:50:19 Africa/Lagos] ROUTER END: Successfully served /home/academixsuite/public_html/tenant/{school-slug}/admin/add-new-guardian.php
[06-Mar-2026 09:52:48 Africa/Lagos] === ADD GUARDIAN PAGE START ===
[06-Mar-2026 09:52:48 Africa/Lagos] Request URI: /tenant/bitflux-wallet-1771434696/admin/add-new-guardian.php
[06-Mar-2026 09:52:48 Africa/Lagos] Script: /home/academixsuite/public_html/tenant/{school-slug}/admin/add-new-guardian.php
[06-Mar-2026 09:52:48 Africa/Lagos] Request Method: GET
[06-Mar-2026 09:52:48 Africa/Lagos] Session ID: b071d997e0a69dc696849e7087f8f3a5
[06-Mar-2026 09:52:48 Africa/Lagos] School Slug: bitflux-wallet-1771434696
[06-Mar-2026 09:52:48 Africa/Lagos] User Type: admin
[06-Mar-2026 09:52:48 Africa/Lagos] Current Page: add-new-guardian.php
[06-Mar-2026 09:52:48 Africa/Lagos] School ID: 6
[06-Mar-2026 09:52:48 Africa/Lagos] School Name: bitflux wallet
[06-Mar-2026 09:52:48 Africa/Lagos] Authenticated User ID: 1
[06-Mar-2026 09:52:48 Africa/Lagos] Authenticated User Type: admin
[06-Mar-2026 09:52:48 Africa/Lagos] Loading autoload from: /home/academixsuite/public_html/tenant/{school-slug}/admin/../../../includes/autoload.php
[06-Mar-2026 09:52:48 Africa/Lagos] Autoload loaded successfully
[06-Mar-2026 09:52:48 Africa/Lagos] Database class found
[06-Mar-2026 09:52:48 Africa/Lagos] Loading GuardianManager from: /home/academixsuite/public_html/tenant/{school-slug}/admin/../../../includes/GuardianManager.php
[06-Mar-2026 09:52:48 Africa/Lagos] Attempting to connect to database: school_6
[06-Mar-2026 09:52:48 Africa/Lagos] School database connection successful for: school_6
[06-Mar-2026 09:52:48 Africa/Lagos] Database connection PDO object: PDO
[06-Mar-2026 09:52:48 Africa/Lagos] Initializing GuardianManager with parameters:
[06-Mar-2026 09:52:48 Africa/Lagos] - School ID: 6
[06-Mar-2026 09:52:48 Africa/Lagos] - User ID: 1
[06-Mar-2026 09:52:48 Africa/Lagos] - User Type: admin
[06-Mar-2026 09:52:48 Africa/Lagos] GuardianManager initialized successfully
[06-Mar-2026 09:52:48 Africa/Lagos] Starting data fetch from database
[06-Mar-2026 09:52:48 Africa/Lagos] Loaded 21 settings records
[06-Mar-2026 09:52:48 Africa/Lagos] Loaded user data for ID: 1
[06-Mar-2026 09:52:48 Africa/Lagos] Loaded 3 active students
[06-Mar-2026 09:52:48 Africa/Lagos] === ADD GUARDIAN PAGE END ===
[06-Mar-2026 09:52:48 Africa/Lagos] Page loaded with 3 students
[06-Mar-2026 09:52:48 Africa/Lagos] ROUTER END: Successfully served /home/academixsuite/public_html/tenant/{school-slug}/admin/add-new-guardian.php
[06-Mar-2026 09:53:12 Africa/Lagos] === ADD GUARDIAN PAGE START ===
[06-Mar-2026 09:53:12 Africa/Lagos] Request URI: /tenant/bitflux-wallet-1771434696/admin/add-new-guardian.php?ajax=search_students&term=kos
[06-Mar-2026 09:53:12 Africa/Lagos] Script: /home/academixsuite/public_html/tenant/{school-slug}/admin/add-new-guardian.php
[06-Mar-2026 09:53:12 Africa/Lagos] Request Method: GET
[06-Mar-2026 09:53:12 Africa/Lagos] Session ID: b071d997e0a69dc696849e7087f8f3a5
[06-Mar-2026 09:53:12 Africa/Lagos] School Slug: bitflux-wallet-1771434696
[06-Mar-2026 09:53:12 Africa/Lagos] User Type: admin
[06-Mar-2026 09:53:12 Africa/Lagos] Current Page: add-new-guardian.php
[06-Mar-2026 09:53:12 Africa/Lagos] School ID: 6
[06-Mar-2026 09:53:12 Africa/Lagos] School Name: bitflux wallet
[06-Mar-2026 09:53:12 Africa/Lagos] Authenticated User ID: 1
[06-Mar-2026 09:53:12 Africa/Lagos] Authenticated User Type: admin
[06-Mar-2026 09:53:12 Africa/Lagos] Loading autoload from: /home/academixsuite/public_html/tenant/{school-slug}/admin/../../../includes/autoload.php
[06-Mar-2026 09:53:12 Africa/Lagos] Autoload loaded successfully
[06-Mar-2026 09:53:12 Africa/Lagos] Database class found
[06-Mar-2026 09:53:12 Africa/Lagos] Loading GuardianManager from: /home/academixsuite/public_html/tenant/{school-slug}/admin/../../../includes/GuardianManager.php
[06-Mar-2026 09:53:12 Africa/Lagos] Attempting to connect to database: school_6
[06-Mar-2026 09:53:12 Africa/Lagos] School database connection successful for: school_6
[06-Mar-2026 09:53:12 Africa/Lagos] Database connection PDO object: PDO
[06-Mar-2026 09:53:12 Africa/Lagos] Initializing GuardianManager with parameters:
[06-Mar-2026 09:53:12 Africa/Lagos] - School ID: 6
[06-Mar-2026 09:53:12 Africa/Lagos] - User ID: 1
[06-Mar-2026 09:53:12 Africa/Lagos] - User Type: admin
[06-Mar-2026 09:53:12 Africa/Lagos] GuardianManager initialized successfully
[06-Mar-2026 09:53:12 Africa/Lagos] Starting data fetch from database
[06-Mar-2026 09:53:12 Africa/Lagos] Loaded 21 settings records
[06-Mar-2026 09:53:12 Africa/Lagos] Loaded user data for ID: 1
[06-Mar-2026 09:53:12 Africa/Lagos] Loaded 3 active students
[06-Mar-2026 09:53:12 Africa/Lagos] Processing AJAX request: search_students
[06-Mar-2026 09:53:13 Africa/Lagos] === ADD GUARDIAN PAGE START ===
[06-Mar-2026 09:53:13 Africa/Lagos] Request URI: /tenant/bitflux-wallet-1771434696/admin/add-new-guardian.php?ajax=search_students&term=kosi
[06-Mar-2026 09:53:13 Africa/Lagos] Script: /home/academixsuite/public_html/tenant/{school-slug}/admin/add-new-guardian.php
[06-Mar-2026 09:53:13 Africa/Lagos] Request Method: GET
[06-Mar-2026 09:53:13 Africa/Lagos] Session ID: b071d997e0a69dc696849e7087f8f3a5
[06-Mar-2026 09:53:13 Africa/Lagos] School Slug: bitflux-wallet-1771434696
[06-Mar-2026 09:53:13 Africa/Lagos] User Type: admin
[06-Mar-2026 09:53:13 Africa/Lagos] Current Page: add-new-guardian.php
[06-Mar-2026 09:53:13 Africa/Lagos] School ID: 6
[06-Mar-2026 09:53:13 Africa/Lagos] School Name: bitflux wallet
[06-Mar-2026 09:53:13 Africa/Lagos] Authenticated User ID: 1
[06-Mar-2026 09:53:13 Africa/Lagos] Authenticated User Type: admin
[06-Mar-2026 09:53:13 Africa/Lagos] Loading autoload from: /home/academixsuite/public_html/tenant/{school-slug}/admin/../../../includes/autoload.php
[06-Mar-2026 09:53:13 Africa/Lagos] Autoload loaded successfully
[06-Mar-2026 09:53:13 Africa/Lagos] Database class found
[06-Mar-2026 09:53:13 Africa/Lagos] Loading GuardianManager from: /home/academixsuite/public_html/tenant/{school-slug}/admin/../../../includes/GuardianManager.php
[06-Mar-2026 09:53:13 Africa/Lagos] Attempting to connect to database: school_6
[06-Mar-2026 09:53:13 Africa/Lagos] School database connection successful for: school_6
[06-Mar-2026 09:53:13 Africa/Lagos] Database connection PDO object: PDO
[06-Mar-2026 09:53:13 Africa/Lagos] Initializing GuardianManager with parameters:
[06-Mar-2026 09:53:13 Africa/Lagos] - School ID: 6
[06-Mar-2026 09:53:13 Africa/Lagos] - User ID: 1
[06-Mar-2026 09:53:13 Africa/Lagos] - User Type: admin
[06-Mar-2026 09:53:13 Africa/Lagos] GuardianManager initialized successfully
[06-Mar-2026 09:53:13 Africa/Lagos] Starting data fetch from database
[06-Mar-2026 09:53:13 Africa/Lagos] Loaded 21 settings records
[06-Mar-2026 09:53:13 Africa/Lagos] Loaded user data for ID: 1
[06-Mar-2026 09:53:13 Africa/Lagos] Loaded 3 active students
[06-Mar-2026 09:53:13 Africa/Lagos] Processing AJAX request: search_students
[06-Mar-2026 09:53:19 Africa/Lagos] === ADD GUARDIAN PAGE START ===
[06-Mar-2026 09:53:19 Africa/Lagos] Request URI: /tenant/bitflux-wallet-1771434696/admin/add-new-guardian.php?ajax=search_students&term=jessi
[06-Mar-2026 09:53:19 Africa/Lagos] Script: /home/academixsuite/public_html/tenant/{school-slug}/admin/add-new-guardian.php
[06-Mar-2026 09:53:19 Africa/Lagos] Request Method: GET
[06-Mar-2026 09:53:19 Africa/Lagos] Session ID: b071d997e0a69dc696849e7087f8f3a5
[06-Mar-2026 09:53:19 Africa/Lagos] School Slug: bitflux-wallet-1771434696
[06-Mar-2026 09:53:19 Africa/Lagos] User Type: admin
[06-Mar-2026 09:53:19 Africa/Lagos] Current Page: add-new-guardian.php
[06-Mar-2026 09:53:19 Africa/Lagos] School ID: 6
[06-Mar-2026 09:53:19 Africa/Lagos] School Name: bitflux wallet
[06-Mar-2026 09:53:19 Africa/Lagos] Authenticated User ID: 1
[06-Mar-2026 09:53:19 Africa/Lagos] Authenticated User Type: admin
[06-Mar-2026 09:53:19 Africa/Lagos] Loading autoload from: /home/academixsuite/public_html/tenant/{school-slug}/admin/../../../includes/autoload.php
[06-Mar-2026 09:53:19 Africa/Lagos] Autoload loaded successfully
[06-Mar-2026 09:53:19 Africa/Lagos] Database class found
[06-Mar-2026 09:53:19 Africa/Lagos] Loading GuardianManager from: /home/academixsuite/public_html/tenant/{school-slug}/admin/../../../includes/GuardianManager.php
[06-Mar-2026 09:53:19 Africa/Lagos] Attempting to connect to database: school_6
[06-Mar-2026 09:53:19 Africa/Lagos] School database connection successful for: school_6
[06-Mar-2026 09:53:19 Africa/Lagos] Database connection PDO object: PDO
[06-Mar-2026 09:53:19 Africa/Lagos] Initializing GuardianManager with parameters:
[06-Mar-2026 09:53:19 Africa/Lagos] - School ID: 6
[06-Mar-2026 09:53:19 Africa/Lagos] - User ID: 1
[06-Mar-2026 09:53:19 Africa/Lagos] - User Type: admin
[06-Mar-2026 09:53:19 Africa/Lagos] GuardianManager initialized successfully
[06-Mar-2026 09:53:19 Africa/Lagos] Starting data fetch from database
[06-Mar-2026 09:53:19 Africa/Lagos] Loaded 21 settings records
[06-Mar-2026 09:53:19 Africa/Lagos] Loaded user data for ID: 1
[06-Mar-2026 09:53:19 Africa/Lagos] Loaded 3 active students
[06-Mar-2026 09:53:19 Africa/Lagos] Processing AJAX request: search_students
[06-Mar-2026 10:14:19 Africa/Lagos] === ADD GUARDIAN PAGE START ===
[06-Mar-2026 10:14:19 Africa/Lagos] Script: /home/academixsuite/public_html/tenant/{school-slug}/admin/add-new-guardian.php
[06-Mar-2026 10:14:19 Africa/Lagos] School Slug: bitflux-wallet-1771434696
[06-Mar-2026 10:14:19 Africa/Lagos] School ID: 6
[06-Mar-2026 10:14:19 Africa/Lagos] School Name: bitflux wallet
[06-Mar-2026 10:14:19 Africa/Lagos] Authenticated User ID: 1
[06-Mar-2026 10:14:19 Africa/Lagos] Loading autoload from: /home/academixsuite/public_html/tenant/{school-slug}/admin/../../../includes/autoload.php
[06-Mar-2026 10:14:19 Africa/Lagos] Autoload loaded successfully
[06-Mar-2026 10:14:19 Africa/Lagos] Database class found
[06-Mar-2026 10:14:19 Africa/Lagos] Loading GuardianManager from: /home/academixsuite/public_html/tenant/{school-slug}/admin/../../../includes/GuardianManager.php
[06-Mar-2026 10:14:19 Africa/Lagos] Attempting to connect to database: school_6
[06-Mar-2026 10:14:19 Africa/Lagos] School database connection successful
[06-Mar-2026 10:14:19 Africa/Lagos] GuardianManager initialized for school ID: 6
[06-Mar-2026 10:14:19 Africa/Lagos] GuardianManager initialized successfully
[06-Mar-2026 10:14:19 Africa/Lagos] === ADD GUARDIAN PAGE END ===
[06-Mar-2026 10:14:19 Africa/Lagos] ROUTER END: Successfully served /home/academixsuite/public_html/tenant/{school-slug}/admin/add-new-guardian.php
[06-Mar-2026 10:16:26 Africa/Lagos] === ADD GUARDIAN PAGE START ===
[06-Mar-2026 10:16:26 Africa/Lagos] Script: /home/academixsuite/public_html/tenant/{school-slug}/admin/add-new-guardian.php
[06-Mar-2026 10:16:26 Africa/Lagos] School Slug: bitflux-wallet-1771434696
[06-Mar-2026 10:16:26 Africa/Lagos] School ID: 6
[06-Mar-2026 10:16:26 Africa/Lagos] School Name: bitflux wallet
[06-Mar-2026 10:16:26 Africa/Lagos] Authenticated User ID: 1
[06-Mar-2026 10:16:26 Africa/Lagos] Loading autoload from: /home/academixsuite/public_html/tenant/{school-slug}/admin/../../../includes/autoload.php
[06-Mar-2026 10:16:26 Africa/Lagos] Autoload loaded successfully
[06-Mar-2026 10:16:26 Africa/Lagos] Database class found
[06-Mar-2026 10:16:26 Africa/Lagos] Loading GuardianManager from: /home/academixsuite/public_html/tenant/{school-slug}/admin/../../../includes/GuardianManager.php
[06-Mar-2026 10:16:26 Africa/Lagos] Attempting to connect to database: school_6
[06-Mar-2026 10:16:26 Africa/Lagos] School database connection successful
[06-Mar-2026 10:16:26 Africa/Lagos] GuardianManager initialized for school ID: 6
[06-Mar-2026 10:16:26 Africa/Lagos] GuardianManager initialized successfully
[06-Mar-2026 10:16:26 Africa/Lagos] === PROCESSING FORM SUBMISSION ===
[06-Mar-2026 10:16:26 Africa/Lagos] === ADD GUARDIAN START ===
[06-Mar-2026 10:16:26 Africa/Lagos] Transaction started
[06-Mar-2026 10:16:26 Africa/Lagos] Validation passed
[06-Mar-2026 10:16:26 Africa/Lagos] Password generated
[06-Mar-2026 10:16:26 Africa/Lagos] User created with ID: 13
[06-Mar-2026 10:16:26 Africa/Lagos] Parent role assigned
[06-Mar-2026 10:16:26 Africa/Lagos] Stored temporary password
[06-Mar-2026 10:16:26 Africa/Lagos] Transaction committed successfully
[06-Mar-2026 10:16:26 Africa/Lagos] Sending login email for user ID: 13
[06-Mar-2026 10:16:26 Africa/Lagos] Email sent: Yes
[06-Mar-2026 10:16:30 Africa/Lagos] === ADD GUARDIAN PAGE START ===
[06-Mar-2026 10:16:30 Africa/Lagos] Script: /home/academixsuite/public_html/tenant/{school-slug}/admin/add-new-guardian.php
[06-Mar-2026 10:16:30 Africa/Lagos] School Slug: bitflux-wallet-1771434696
[06-Mar-2026 10:16:30 Africa/Lagos] School ID: 6
[06-Mar-2026 10:16:30 Africa/Lagos] School Name: bitflux wallet
[06-Mar-2026 10:16:30 Africa/Lagos] Authenticated User ID: 1
[06-Mar-2026 10:16:30 Africa/Lagos] Loading autoload from: /home/academixsuite/public_html/tenant/{school-slug}/admin/../../../includes/autoload.php
[06-Mar-2026 10:16:30 Africa/Lagos] Autoload loaded successfully
[06-Mar-2026 10:16:30 Africa/Lagos] Database class found
[06-Mar-2026 10:16:30 Africa/Lagos] Loading GuardianManager from: /home/academixsuite/public_html/tenant/{school-slug}/admin/../../../includes/GuardianManager.php
[06-Mar-2026 10:16:30 Africa/Lagos] Attempting to connect to database: school_6
[06-Mar-2026 10:16:30 Africa/Lagos] School database connection successful
[06-Mar-2026 10:16:30 Africa/Lagos] GuardianManager initialized for school ID: 6
[06-Mar-2026 10:16:30 Africa/Lagos] GuardianManager initialized successfully
[06-Mar-2026 10:16:30 Africa/Lagos] === ADD GUARDIAN PAGE END ===
[06-Mar-2026 10:16:30 Africa/Lagos] ROUTER END: Successfully served /home/academixsuite/public_html/tenant/{school-slug}/admin/add-new-guardian.php
[06-Mar-2026 10:23:47 Africa/Lagos] === ADD GUARDIAN PAGE START ===
[06-Mar-2026 10:23:47 Africa/Lagos] Script: /home/academixsuite/public_html/tenant/{school-slug}/admin/add-new-guardian.php
[06-Mar-2026 10:23:47 Africa/Lagos] School Slug: bitflux-wallet-1771434696
[06-Mar-2026 10:23:47 Africa/Lagos] School ID: 6
[06-Mar-2026 10:23:47 Africa/Lagos] School Name: bitflux wallet
[06-Mar-2026 10:23:47 Africa/Lagos] Authenticated User ID: 1
[06-Mar-2026 10:23:47 Africa/Lagos] Loading autoload from: /home/academixsuite/public_html/tenant/{school-slug}/admin/../../../includes/autoload.php
[06-Mar-2026 10:23:47 Africa/Lagos] Autoload loaded successfully
[06-Mar-2026 10:23:47 Africa/Lagos] Database class found
[06-Mar-2026 10:23:47 Africa/Lagos] Loading GuardianManager from: /home/academixsuite/public_html/tenant/{school-slug}/admin/../../../includes/GuardianManager.php
[06-Mar-2026 10:23:47 Africa/Lagos] GuardianManager loaded successfully
[06-Mar-2026 10:23:47 Africa/Lagos] Attempting to connect to database: school_6
[06-Mar-2026 10:23:47 Africa/Lagos] School database connection successful
[06-Mar-2026 10:23:47 Africa/Lagos] GuardianManager initialized for school ID: 6
[06-Mar-2026 10:23:47 Africa/Lagos] GuardianManager initialized successfully
[06-Mar-2026 10:23:47 Africa/Lagos] === ADD GUARDIAN PAGE END ===
[06-Mar-2026 10:23:47 Africa/Lagos] ROUTER END: Successfully served /home/academixsuite/public_html/tenant/{school-slug}/admin/add-new-guardian.php
[06-Mar-2026 10:37:11 Africa/Lagos] === ADD GUARDIAN PAGE START ===
[06-Mar-2026 10:37:11 Africa/Lagos] Script: /home/academixsuite/public_html/tenant/{school-slug}/admin/add-new-guardian.php
[06-Mar-2026 10:37:11 Africa/Lagos] School Slug: bitflux-wallet-1771434696
[06-Mar-2026 10:37:11 Africa/Lagos] School ID: 6
[06-Mar-2026 10:37:11 Africa/Lagos] School Name: bitflux wallet
[06-Mar-2026 10:37:11 Africa/Lagos] Authenticated User ID: 1
[06-Mar-2026 10:37:11 Africa/Lagos] Loading autoload from: /home/academixsuite/public_html/tenant/{school-slug}/admin/../../../includes/autoload.php
[06-Mar-2026 10:37:11 Africa/Lagos] Autoload loaded successfully
[06-Mar-2026 10:37:11 Africa/Lagos] Database class found
[06-Mar-2026 10:37:11 Africa/Lagos] Loading GuardianManager from: /home/academixsuite/public_html/tenant/{school-slug}/admin/../../../includes/GuardianManager.php
[06-Mar-2026 10:37:11 Africa/Lagos] GuardianManager loaded successfully
[06-Mar-2026 10:37:11 Africa/Lagos] Attempting to connect to database: school_6
[06-Mar-2026 10:37:11 Africa/Lagos] School database connection successful
[06-Mar-2026 10:37:11 Africa/Lagos] GuardianManager initialized for school ID: 6
[06-Mar-2026 10:37:11 Africa/Lagos] GuardianManager initialized successfully
[06-Mar-2026 10:37:11 Africa/Lagos] === ADD GUARDIAN PAGE END ===
[06-Mar-2026 10:37:11 Africa/Lagos] ROUTER END: Successfully served /home/academixsuite/public_html/tenant/{school-slug}/admin/add-new-guardian.php
[06-Mar-2026 10:37:23 Africa/Lagos] === ADD GUARDIAN PAGE START ===
[06-Mar-2026 10:37:23 Africa/Lagos] Script: /home/academixsuite/public_html/tenant/{school-slug}/admin/add-new-guardian.php
[06-Mar-2026 10:37:23 Africa/Lagos] School Slug: bitflux-wallet-1771434696
[06-Mar-2026 10:37:23 Africa/Lagos] School ID: 6
[06-Mar-2026 10:37:23 Africa/Lagos] School Name: bitflux wallet
[06-Mar-2026 10:37:23 Africa/Lagos] Authenticated User ID: 1
[06-Mar-2026 10:37:23 Africa/Lagos] Loading autoload from: /home/academixsuite/public_html/tenant/{school-slug}/admin/../../../includes/autoload.php
[06-Mar-2026 10:37:23 Africa/Lagos] Autoload loaded successfully
[06-Mar-2026 10:37:23 Africa/Lagos] Database class found
[06-Mar-2026 10:37:23 Africa/Lagos] Loading GuardianManager from: /home/academixsuite/public_html/tenant/{school-slug}/admin/../../../includes/GuardianManager.php
[06-Mar-2026 10:37:23 Africa/Lagos] GuardianManager loaded successfully
[06-Mar-2026 10:37:23 Africa/Lagos] Attempting to connect to database: school_6
[06-Mar-2026 10:37:23 Africa/Lagos] School database connection successful
[06-Mar-2026 10:37:23 Africa/Lagos] GuardianManager initialized for school ID: 6
[06-Mar-2026 10:37:23 Africa/Lagos] GuardianManager initialized successfully
[06-Mar-2026 10:37:24 Africa/Lagos] === ADD GUARDIAN PAGE START ===
[06-Mar-2026 10:37:24 Africa/Lagos] Script: /home/academixsuite/public_html/tenant/{school-slug}/admin/add-new-guardian.php
[06-Mar-2026 10:37:24 Africa/Lagos] School Slug: bitflux-wallet-1771434696
[06-Mar-2026 10:37:24 Africa/Lagos] School ID: 6
[06-Mar-2026 10:37:24 Africa/Lagos] School Name: bitflux wallet
[06-Mar-2026 10:37:24 Africa/Lagos] Authenticated User ID: 1
[06-Mar-2026 10:37:24 Africa/Lagos] Loading autoload from: /home/academixsuite/public_html/tenant/{school-slug}/admin/../../../includes/autoload.php
[06-Mar-2026 10:37:24 Africa/Lagos] Autoload loaded successfully
[06-Mar-2026 10:37:24 Africa/Lagos] Database class found
[06-Mar-2026 10:37:24 Africa/Lagos] Loading GuardianManager from: /home/academixsuite/public_html/tenant/{school-slug}/admin/../../../includes/GuardianManager.php
[06-Mar-2026 10:37:24 Africa/Lagos] GuardianManager loaded successfully
[06-Mar-2026 10:37:24 Africa/Lagos] Attempting to connect to database: school_6
[06-Mar-2026 10:37:24 Africa/Lagos] School database connection successful
[06-Mar-2026 10:37:24 Africa/Lagos] GuardianManager initialized for school ID: 6
[06-Mar-2026 10:37:24 Africa/Lagos] GuardianManager initialized successfully
[06-Mar-2026 10:37:35 Africa/Lagos] === ADD GUARDIAN PAGE START ===
[06-Mar-2026 10:37:35 Africa/Lagos] Script: /home/academixsuite/public_html/tenant/{school-slug}/admin/add-new-guardian.php
[06-Mar-2026 10:37:35 Africa/Lagos] School Slug: bitflux-wallet-1771434696
[06-Mar-2026 10:37:35 Africa/Lagos] School ID: 6
[06-Mar-2026 10:37:35 Africa/Lagos] School Name: bitflux wallet
[06-Mar-2026 10:37:35 Africa/Lagos] Authenticated User ID: 1
[06-Mar-2026 10:37:35 Africa/Lagos] Loading autoload from: /home/academixsuite/public_html/tenant/{school-slug}/admin/../../../includes/autoload.php
[06-Mar-2026 10:37:35 Africa/Lagos] Autoload loaded successfully
[06-Mar-2026 10:37:35 Africa/Lagos] Database class found
[06-Mar-2026 10:37:35 Africa/Lagos] Loading GuardianManager from: /home/academixsuite/public_html/tenant/{school-slug}/admin/../../../includes/GuardianManager.php
[06-Mar-2026 10:37:35 Africa/Lagos] GuardianManager loaded successfully
[06-Mar-2026 10:37:35 Africa/Lagos] Attempting to connect to database: school_6
[06-Mar-2026 10:37:35 Africa/Lagos] School database connection successful
[06-Mar-2026 10:37:35 Africa/Lagos] GuardianManager initialized for school ID: 6
[06-Mar-2026 10:37:35 Africa/Lagos] GuardianManager initialized successfully
[06-Mar-2026 10:37:35 Africa/Lagos] === ADD GUARDIAN PAGE START ===
[06-Mar-2026 10:37:35 Africa/Lagos] Script: /home/academixsuite/public_html/tenant/{school-slug}/admin/add-new-guardian.php
[06-Mar-2026 10:37:35 Africa/Lagos] School Slug: bitflux-wallet-1771434696
[06-Mar-2026 10:37:35 Africa/Lagos] School ID: 6
[06-Mar-2026 10:37:35 Africa/Lagos] School Name: bitflux wallet
[06-Mar-2026 10:37:35 Africa/Lagos] Authenticated User ID: 1
[06-Mar-2026 10:37:35 Africa/Lagos] Loading autoload from: /home/academixsuite/public_html/tenant/{school-slug}/admin/../../../includes/autoload.php
[06-Mar-2026 10:37:35 Africa/Lagos] Autoload loaded successfully
[06-Mar-2026 10:37:35 Africa/Lagos] Database class found
[06-Mar-2026 10:37:35 Africa/Lagos] Loading GuardianManager from: /home/academixsuite/public_html/tenant/{school-slug}/admin/../../../includes/GuardianManager.php
[06-Mar-2026 10:37:35 Africa/Lagos] GuardianManager loaded successfully
[06-Mar-2026 10:37:35 Africa/Lagos] Attempting to connect to database: school_6
[06-Mar-2026 10:37:35 Africa/Lagos] School database connection successful
[06-Mar-2026 10:37:35 Africa/Lagos] GuardianManager initialized for school ID: 6
[06-Mar-2026 10:37:35 Africa/Lagos] GuardianManager initialized successfully
[06-Mar-2026 10:38:28 Africa/Lagos] === ADD GUARDIAN PAGE START ===
[06-Mar-2026 10:38:28 Africa/Lagos] Script: /home/academixsuite/public_html/tenant/{school-slug}/admin/add-new-guardian.php
[06-Mar-2026 10:38:28 Africa/Lagos] School Slug: bitflux-wallet-1771434696
[06-Mar-2026 10:38:28 Africa/Lagos] School ID: 6
[06-Mar-2026 10:38:28 Africa/Lagos] School Name: bitflux wallet
[06-Mar-2026 10:38:28 Africa/Lagos] Authenticated User ID: 1
[06-Mar-2026 10:38:28 Africa/Lagos] Loading autoload from: /home/academixsuite/public_html/tenant/{school-slug}/admin/../../../includes/autoload.php
[06-Mar-2026 10:38:28 Africa/Lagos] Autoload loaded successfully
[06-Mar-2026 10:38:28 Africa/Lagos] Database class found
[06-Mar-2026 10:38:28 Africa/Lagos] Loading GuardianManager from: /home/academixsuite/public_html/tenant/{school-slug}/admin/../../../includes/GuardianManager.php
[06-Mar-2026 10:38:28 Africa/Lagos] GuardianManager loaded successfully
[06-Mar-2026 10:38:28 Africa/Lagos] Attempting to connect to database: school_6
[06-Mar-2026 10:38:28 Africa/Lagos] School database connection successful
[06-Mar-2026 10:38:28 Africa/Lagos] GuardianManager initialized for school ID: 6
[06-Mar-2026 10:38:28 Africa/Lagos] GuardianManager initialized successfully
[06-Mar-2026 10:38:28 Africa/Lagos] === ADD GUARDIAN PAGE END ===
[06-Mar-2026 10:38:28 Africa/Lagos] ROUTER END: Successfully served /home/academixsuite/public_html/tenant/{school-slug}/admin/add-new-guardian.php
[06-Mar-2026 10:39:42 Africa/Lagos] === ADD GUARDIAN PAGE START ===
[06-Mar-2026 10:39:42 Africa/Lagos] Script: /home/academixsuite/public_html/tenant/{school-slug}/admin/add-new-guardian.php
[06-Mar-2026 10:39:42 Africa/Lagos] School Slug: bitflux-wallet-1771434696
[06-Mar-2026 10:39:42 Africa/Lagos] School ID: 6
[06-Mar-2026 10:39:42 Africa/Lagos] School Name: bitflux wallet
[06-Mar-2026 10:39:42 Africa/Lagos] Authenticated User ID: 1
[06-Mar-2026 10:39:42 Africa/Lagos] Loading autoload from: /home/academixsuite/public_html/tenant/{school-slug}/admin/../../../includes/autoload.php
[06-Mar-2026 10:39:42 Africa/Lagos] Autoload loaded successfully
[06-Mar-2026 10:39:42 Africa/Lagos] Database class found
[06-Mar-2026 10:39:42 Africa/Lagos] Loading GuardianManager from: /home/academixsuite/public_html/tenant/{school-slug}/admin/../../../includes/GuardianManager.php
[06-Mar-2026 10:39:42 Africa/Lagos] GuardianManager loaded successfully
[06-Mar-2026 10:39:42 Africa/Lagos] Attempting to connect to database: school_6
[06-Mar-2026 10:39:42 Africa/Lagos] School database connection successful
[06-Mar-2026 10:39:42 Africa/Lagos] GuardianManager initialized for school ID: 6
[06-Mar-2026 10:39:42 Africa/Lagos] GuardianManager initialized successfully
[06-Mar-2026 10:39:47 Africa/Lagos] === ADD GUARDIAN PAGE START ===
[06-Mar-2026 10:39:47 Africa/Lagos] Script: /home/academixsuite/public_html/tenant/{school-slug}/admin/add-new-guardian.php
[06-Mar-2026 10:39:47 Africa/Lagos] School Slug: bitflux-wallet-1771434696
[06-Mar-2026 10:39:47 Africa/Lagos] School ID: 6
[06-Mar-2026 10:39:47 Africa/Lagos] School Name: bitflux wallet
[06-Mar-2026 10:39:47 Africa/Lagos] Authenticated User ID: 1
[06-Mar-2026 10:39:47 Africa/Lagos] Loading autoload from: /home/academixsuite/public_html/tenant/{school-slug}/admin/../../../includes/autoload.php
[06-Mar-2026 10:39:47 Africa/Lagos] Autoload loaded successfully
[06-Mar-2026 10:39:47 Africa/Lagos] Database class found
[06-Mar-2026 10:39:47 Africa/Lagos] Loading GuardianManager from: /home/academixsuite/public_html/tenant/{school-slug}/admin/../../../includes/GuardianManager.php
[06-Mar-2026 10:39:47 Africa/Lagos] GuardianManager loaded successfully
[06-Mar-2026 10:39:47 Africa/Lagos] Attempting to connect to database: school_6
[06-Mar-2026 10:39:47 Africa/Lagos] School database connection successful
[06-Mar-2026 10:39:47 Africa/Lagos] GuardianManager initialized for school ID: 6
[06-Mar-2026 10:39:47 Africa/Lagos] GuardianManager initialized successfully
[06-Mar-2026 10:39:52 Africa/Lagos] === ADD GUARDIAN PAGE START ===
[06-Mar-2026 10:39:52 Africa/Lagos] Script: /home/academixsuite/public_html/tenant/{school-slug}/admin/add-new-guardian.php
[06-Mar-2026 10:39:52 Africa/Lagos] School Slug: bitflux-wallet-1771434696
[06-Mar-2026 10:39:52 Africa/Lagos] School ID: 6
[06-Mar-2026 10:39:52 Africa/Lagos] School Name: bitflux wallet
[06-Mar-2026 10:39:52 Africa/Lagos] Authenticated User ID: 1
[06-Mar-2026 10:39:52 Africa/Lagos] Loading autoload from: /home/academixsuite/public_html/tenant/{school-slug}/admin/../../../includes/autoload.php
[06-Mar-2026 10:39:52 Africa/Lagos] Autoload loaded successfully
[06-Mar-2026 10:39:52 Africa/Lagos] Database class found
[06-Mar-2026 10:39:52 Africa/Lagos] Loading GuardianManager from: /home/academixsuite/public_html/tenant/{school-slug}/admin/../../../includes/GuardianManager.php
[06-Mar-2026 10:39:52 Africa/Lagos] GuardianManager loaded successfully
[06-Mar-2026 10:39:52 Africa/Lagos] Attempting to connect to database: school_6
[06-Mar-2026 10:39:52 Africa/Lagos] School database connection successful
[06-Mar-2026 10:39:52 Africa/Lagos] GuardianManager initialized for school ID: 6
[06-Mar-2026 10:39:52 Africa/Lagos] GuardianManager initialized successfully
[06-Mar-2026 10:39:52 Africa/Lagos] === ADD GUARDIAN PAGE START ===
[06-Mar-2026 10:39:52 Africa/Lagos] Script: /home/academixsuite/public_html/tenant/{school-slug}/admin/add-new-guardian.php
[06-Mar-2026 10:39:52 Africa/Lagos] School Slug: bitflux-wallet-1771434696
[06-Mar-2026 10:39:52 Africa/Lagos] School ID: 6
[06-Mar-2026 10:39:52 Africa/Lagos] School Name: bitflux wallet
[06-Mar-2026 10:39:52 Africa/Lagos] Authenticated User ID: 1
[06-Mar-2026 10:39:52 Africa/Lagos] Loading autoload from: /home/academixsuite/public_html/tenant/{school-slug}/admin/../../../includes/autoload.php
[06-Mar-2026 10:39:52 Africa/Lagos] Autoload loaded successfully
[06-Mar-2026 10:39:52 Africa/Lagos] Database class found
[06-Mar-2026 10:39:52 Africa/Lagos] Loading GuardianManager from: /home/academixsuite/public_html/tenant/{school-slug}/admin/../../../includes/GuardianManager.php
[06-Mar-2026 10:39:52 Africa/Lagos] GuardianManager loaded successfully
[06-Mar-2026 10:39:52 Africa/Lagos] Attempting to connect to database: school_6
[06-Mar-2026 10:39:52 Africa/Lagos] School database connection successful
[06-Mar-2026 10:39:52 Africa/Lagos] GuardianManager initialized for school ID: 6
[06-Mar-2026 10:39:52 Africa/Lagos] GuardianManager initialized successfully
[06-Mar-2026 10:39:54 Africa/Lagos] === ADD GUARDIAN PAGE START ===
[06-Mar-2026 10:39:54 Africa/Lagos] Script: /home/academixsuite/public_html/tenant/{school-slug}/admin/add-new-guardian.php
[06-Mar-2026 10:39:54 Africa/Lagos] School Slug: bitflux-wallet-1771434696
[06-Mar-2026 10:39:54 Africa/Lagos] School ID: 6
[06-Mar-2026 10:39:54 Africa/Lagos] School Name: bitflux wallet
[06-Mar-2026 10:39:54 Africa/Lagos] Authenticated User ID: 1
[06-Mar-2026 10:39:54 Africa/Lagos] Loading autoload from: /home/academixsuite/public_html/tenant/{school-slug}/admin/../../../includes/autoload.php
[06-Mar-2026 10:39:54 Africa/Lagos] Autoload loaded successfully
[06-Mar-2026 10:39:54 Africa/Lagos] Database class found
[06-Mar-2026 10:39:54 Africa/Lagos] Loading GuardianManager from: /home/academixsuite/public_html/tenant/{school-slug}/admin/../../../includes/GuardianManager.php
[06-Mar-2026 10:39:54 Africa/Lagos] GuardianManager loaded successfully
[06-Mar-2026 10:39:54 Africa/Lagos] Attempting to connect to database: school_6
[06-Mar-2026 10:39:54 Africa/Lagos] School database connection successful
[06-Mar-2026 10:39:54 Africa/Lagos] GuardianManager initialized for school ID: 6
[06-Mar-2026 10:39:54 Africa/Lagos] GuardianManager initialized successfully
[06-Mar-2026 10:39:57 Africa/Lagos] === ADD GUARDIAN PAGE START ===
[06-Mar-2026 10:39:57 Africa/Lagos] Script: /home/academixsuite/public_html/tenant/{school-slug}/admin/add-new-guardian.php
[06-Mar-2026 10:39:57 Africa/Lagos] School Slug: bitflux-wallet-1771434696
[06-Mar-2026 10:39:57 Africa/Lagos] School ID: 6
[06-Mar-2026 10:39:57 Africa/Lagos] School Name: bitflux wallet
[06-Mar-2026 10:39:57 Africa/Lagos] Authenticated User ID: 1
[06-Mar-2026 10:39:57 Africa/Lagos] Loading autoload from: /home/academixsuite/public_html/tenant/{school-slug}/admin/../../../includes/autoload.php
[06-Mar-2026 10:39:57 Africa/Lagos] Autoload loaded successfully
[06-Mar-2026 10:39:57 Africa/Lagos] Database class found
[06-Mar-2026 10:39:57 Africa/Lagos] Loading GuardianManager from: /home/academixsuite/public_html/tenant/{school-slug}/admin/../../../includes/GuardianManager.php
[06-Mar-2026 10:39:57 Africa/Lagos] GuardianManager loaded successfully
[06-Mar-2026 10:39:57 Africa/Lagos] Attempting to connect to database: school_6
[06-Mar-2026 10:39:57 Africa/Lagos] School database connection successful
[06-Mar-2026 10:39:57 Africa/Lagos] GuardianManager initialized for school ID: 6
[06-Mar-2026 10:39:57 Africa/Lagos] GuardianManager initialized successfully
[06-Mar-2026 10:44:43 Africa/Lagos] === ADD GUARDIAN PAGE START ===
[06-Mar-2026 10:44:43 Africa/Lagos] Script: /home/academixsuite/public_html/tenant/{school-slug}/admin/add-new-guardian.php
[06-Mar-2026 10:44:43 Africa/Lagos] School Slug: bitflux-wallet-1771434696
[06-Mar-2026 10:44:43 Africa/Lagos] School ID: 6
[06-Mar-2026 10:44:43 Africa/Lagos] School Name: bitflux wallet
[06-Mar-2026 10:44:43 Africa/Lagos] Authenticated User ID: 1
[06-Mar-2026 10:44:43 Africa/Lagos] Loading autoload from: /home/academixsuite/public_html/tenant/{school-slug}/admin/../../../includes/autoload.php
[06-Mar-2026 10:44:43 Africa/Lagos] Autoload loaded successfully
[06-Mar-2026 10:44:43 Africa/Lagos] Database class found
[06-Mar-2026 10:44:43 Africa/Lagos] Loading GuardianManager from: /home/academixsuite/public_html/tenant/{school-slug}/admin/../../../includes/GuardianManager.php
[06-Mar-2026 10:44:43 Africa/Lagos] GuardianManager loaded successfully
[06-Mar-2026 10:44:43 Africa/Lagos] Attempting to connect to database: school_6
[06-Mar-2026 10:44:43 Africa/Lagos] School database connection successful
[06-Mar-2026 10:44:43 Africa/Lagos] GuardianManager initialized for school ID: 6
[06-Mar-2026 10:44:43 Africa/Lagos] GuardianManager initialized successfully
[06-Mar-2026 10:44:43 Africa/Lagos] === ADD GUARDIAN PAGE END ===
[06-Mar-2026 10:44:43 Africa/Lagos] ROUTER END: Successfully served /home/academixsuite/public_html/tenant/{school-slug}/admin/add-new-guardian.php
[06-Mar-2026 10:46:11 Africa/Lagos] === ADD GUARDIAN PAGE START ===
[06-Mar-2026 10:46:11 Africa/Lagos] Script: /home/academixsuite/public_html/tenant/{school-slug}/admin/add-new-guardian.php
[06-Mar-2026 10:46:11 Africa/Lagos] School Slug: bitflux-wallet-1771434696
[06-Mar-2026 10:46:11 Africa/Lagos] School ID: 6
[06-Mar-2026 10:46:11 Africa/Lagos] School Name: bitflux wallet
[06-Mar-2026 10:46:11 Africa/Lagos] Authenticated User ID: 1
[06-Mar-2026 10:46:11 Africa/Lagos] Loading autoload from: /home/academixsuite/public_html/tenant/{school-slug}/admin/../../../includes/autoload.php
[06-Mar-2026 10:46:11 Africa/Lagos] Autoload loaded successfully
[06-Mar-2026 10:46:11 Africa/Lagos] Database class found
[06-Mar-2026 10:46:11 Africa/Lagos] Loading GuardianManager from: /home/academixsuite/public_html/tenant/{school-slug}/admin/../../../includes/GuardianManager.php
[06-Mar-2026 10:46:11 Africa/Lagos] GuardianManager loaded successfully
[06-Mar-2026 10:46:11 Africa/Lagos] Attempting to connect to database: school_6
[06-Mar-2026 10:46:11 Africa/Lagos] School database connection successful
[06-Mar-2026 10:46:11 Africa/Lagos] GuardianManager initialized for school ID: 6
[06-Mar-2026 10:46:11 Africa/Lagos] GuardianManager initialized successfully
[06-Mar-2026 10:46:16 Africa/Lagos] === ADD GUARDIAN PAGE START ===
[06-Mar-2026 10:46:16 Africa/Lagos] Script: /home/academixsuite/public_html/tenant/{school-slug}/admin/add-new-guardian.php
[06-Mar-2026 10:46:16 Africa/Lagos] School Slug: bitflux-wallet-1771434696
[06-Mar-2026 10:46:16 Africa/Lagos] School ID: 6
[06-Mar-2026 10:46:16 Africa/Lagos] School Name: bitflux wallet
[06-Mar-2026 10:46:16 Africa/Lagos] Authenticated User ID: 1
[06-Mar-2026 10:46:16 Africa/Lagos] Loading autoload from: /home/academixsuite/public_html/tenant/{school-slug}/admin/../../../includes/autoload.php
[06-Mar-2026 10:46:16 Africa/Lagos] Autoload loaded successfully
[06-Mar-2026 10:46:16 Africa/Lagos] Database class found
[06-Mar-2026 10:46:16 Africa/Lagos] Loading GuardianManager from: /home/academixsuite/public_html/tenant/{school-slug}/admin/../../../includes/GuardianManager.php
[06-Mar-2026 10:46:16 Africa/Lagos] GuardianManager loaded successfully
[06-Mar-2026 10:46:16 Africa/Lagos] Attempting to connect to database: school_6
[06-Mar-2026 10:46:16 Africa/Lagos] School database connection successful
[06-Mar-2026 10:46:16 Africa/Lagos] GuardianManager initialized for school ID: 6
[06-Mar-2026 10:46:16 Africa/Lagos] GuardianManager initialized successfully
[06-Mar-2026 10:46:16 Africa/Lagos] === PROCESSING FORM SUBMISSION ===
[06-Mar-2026 10:46:16 Africa/Lagos] === ADD GUARDIAN START ===
[06-Mar-2026 10:46:16 Africa/Lagos] Transaction started
[06-Mar-2026 10:46:16 Africa/Lagos] Validation passed
[06-Mar-2026 10:46:16 Africa/Lagos] Using existing user ID: 12
[06-Mar-2026 10:46:16 Africa/Lagos] Error linking guardian to students: There is already an active transaction
[06-Mar-2026 10:46:16 Africa/Lagos] Linked guardian to 1 students
[06-Mar-2026 10:46:16 Africa/Lagos] ERROR adding guardian: There is no active transaction
[06-Mar-2026 10:46:20 Africa/Lagos] === ADD GUARDIAN PAGE START ===
[06-Mar-2026 10:46:20 Africa/Lagos] Script: /home/academixsuite/public_html/tenant/{school-slug}/admin/add-new-guardian.php
[06-Mar-2026 10:46:20 Africa/Lagos] School Slug: bitflux-wallet-1771434696
[06-Mar-2026 10:46:20 Africa/Lagos] School ID: 6
[06-Mar-2026 10:46:20 Africa/Lagos] School Name: bitflux wallet
[06-Mar-2026 10:46:20 Africa/Lagos] Authenticated User ID: 1
[06-Mar-2026 10:46:20 Africa/Lagos] Loading autoload from: /home/academixsuite/public_html/tenant/{school-slug}/admin/../../../includes/autoload.php
[06-Mar-2026 10:46:20 Africa/Lagos] Autoload loaded successfully
[06-Mar-2026 10:46:20 Africa/Lagos] Database class found
[06-Mar-2026 10:46:20 Africa/Lagos] Loading GuardianManager from: /home/academixsuite/public_html/tenant/{school-slug}/admin/../../../includes/GuardianManager.php
[06-Mar-2026 10:46:20 Africa/Lagos] GuardianManager loaded successfully
[06-Mar-2026 10:46:20 Africa/Lagos] Attempting to connect to database: school_6
[06-Mar-2026 10:46:20 Africa/Lagos] School database connection successful
[06-Mar-2026 10:46:20 Africa/Lagos] GuardianManager initialized for school ID: 6
[06-Mar-2026 10:46:20 Africa/Lagos] GuardianManager initialized successfully
[06-Mar-2026 10:46:20 Africa/Lagos] === ADD GUARDIAN PAGE END ===
[06-Mar-2026 10:46:20 Africa/Lagos] ROUTER END: Successfully served /home/academixsuite/public_html/tenant/{school-slug}/admin/add-new-guardian.php
[06-Mar-2026 10:56:46 Africa/Lagos] === ADD GUARDIAN PAGE START ===
[06-Mar-2026 10:56:46 Africa/Lagos] Script: /home/academixsuite/public_html/tenant/{school-slug}/admin/add-new-guardian.php
[06-Mar-2026 10:56:46 Africa/Lagos] School Slug: bitflux-wallet-1771434696
[06-Mar-2026 10:56:46 Africa/Lagos] School ID: 6
[06-Mar-2026 10:56:46 Africa/Lagos] School Name: bitflux wallet
[06-Mar-2026 10:56:46 Africa/Lagos] Authenticated User ID: 1
[06-Mar-2026 10:56:46 Africa/Lagos] Loading autoload from: /home/academixsuite/public_html/tenant/{school-slug}/admin/../../../includes/autoload.php
[06-Mar-2026 10:56:46 Africa/Lagos] Autoload loaded successfully
[06-Mar-2026 10:56:46 Africa/Lagos] Database class found
[06-Mar-2026 10:56:46 Africa/Lagos] Loading GuardianManager from: /home/academixsuite/public_html/tenant/{school-slug}/admin/../../../includes/GuardianManager.php
[06-Mar-2026 10:56:46 Africa/Lagos] GuardianManager loaded successfully
[06-Mar-2026 10:56:46 Africa/Lagos] Attempting to connect to database: school_6
[06-Mar-2026 10:56:46 Africa/Lagos] School database connection successful
[06-Mar-2026 10:56:46 Africa/Lagos] GuardianManager initialized for school ID: 6
[06-Mar-2026 10:56:46 Africa/Lagos] GuardianManager initialized successfully
[06-Mar-2026 10:56:46 Africa/Lagos] === ADD GUARDIAN PAGE END ===
[06-Mar-2026 10:56:46 Africa/Lagos] ROUTER END: Successfully served /home/academixsuite/public_html/tenant/{school-slug}/admin/add-new-guardian.php
[06-Mar-2026 10:57:17 Africa/Lagos] === ADD GUARDIAN PAGE START ===
[06-Mar-2026 10:57:17 Africa/Lagos] Script: /home/academixsuite/public_html/tenant/{school-slug}/admin/add-new-guardian.php
[06-Mar-2026 10:57:17 Africa/Lagos] School Slug: bitflux-wallet-1771434696
[06-Mar-2026 10:57:17 Africa/Lagos] School ID: 6
[06-Mar-2026 10:57:17 Africa/Lagos] School Name: bitflux wallet
[06-Mar-2026 10:57:17 Africa/Lagos] Authenticated User ID: 1
[06-Mar-2026 10:57:17 Africa/Lagos] Loading autoload from: /home/academixsuite/public_html/tenant/{school-slug}/admin/../../../includes/autoload.php
[06-Mar-2026 10:57:17 Africa/Lagos] Autoload loaded successfully
[06-Mar-2026 10:57:17 Africa/Lagos] Database class found
[06-Mar-2026 10:57:17 Africa/Lagos] Loading GuardianManager from: /home/academixsuite/public_html/tenant/{school-slug}/admin/../../../includes/GuardianManager.php
[06-Mar-2026 10:57:17 Africa/Lagos] GuardianManager loaded successfully
[06-Mar-2026 10:57:17 Africa/Lagos] Attempting to connect to database: school_6
[06-Mar-2026 10:57:17 Africa/Lagos] School database connection successful
[06-Mar-2026 10:57:17 Africa/Lagos] GuardianManager initialized for school ID: 6
[06-Mar-2026 10:57:17 Africa/Lagos] GuardianManager initialized successfully
[06-Mar-2026 10:57:18 Africa/Lagos] === ADD GUARDIAN PAGE START ===
[06-Mar-2026 10:57:18 Africa/Lagos] Script: /home/academixsuite/public_html/tenant/{school-slug}/admin/add-new-guardian.php
[06-Mar-2026 10:57:18 Africa/Lagos] School Slug: bitflux-wallet-1771434696
[06-Mar-2026 10:57:18 Africa/Lagos] School ID: 6
[06-Mar-2026 10:57:18 Africa/Lagos] School Name: bitflux wallet
[06-Mar-2026 10:57:18 Africa/Lagos] Authenticated User ID: 1
[06-Mar-2026 10:57:18 Africa/Lagos] Loading autoload from: /home/academixsuite/public_html/tenant/{school-slug}/admin/../../../includes/autoload.php
[06-Mar-2026 10:57:18 Africa/Lagos] Autoload loaded successfully
[06-Mar-2026 10:57:18 Africa/Lagos] Database class found
[06-Mar-2026 10:57:18 Africa/Lagos] Loading GuardianManager from: /home/academixsuite/public_html/tenant/{school-slug}/admin/../../../includes/GuardianManager.php
[06-Mar-2026 10:57:18 Africa/Lagos] GuardianManager loaded successfully
[06-Mar-2026 10:57:18 Africa/Lagos] Attempting to connect to database: school_6
[06-Mar-2026 10:57:18 Africa/Lagos] School database connection successful
[06-Mar-2026 10:57:18 Africa/Lagos] GuardianManager initialized for school ID: 6
[06-Mar-2026 10:57:18 Africa/Lagos] GuardianManager initialized successfully
[06-Mar-2026 10:57:19 Africa/Lagos] === ADD GUARDIAN PAGE START ===
[06-Mar-2026 10:57:19 Africa/Lagos] Script: /home/academixsuite/public_html/tenant/{school-slug}/admin/add-new-guardian.php
[06-Mar-2026 10:57:19 Africa/Lagos] School Slug: bitflux-wallet-1771434696
[06-Mar-2026 10:57:19 Africa/Lagos] School ID: 6
[06-Mar-2026 10:57:19 Africa/Lagos] School Name: bitflux wallet
[06-Mar-2026 10:57:19 Africa/Lagos] Authenticated User ID: 1
[06-Mar-2026 10:57:19 Africa/Lagos] Loading autoload from: /home/academixsuite/public_html/tenant/{school-slug}/admin/../../../includes/autoload.php
[06-Mar-2026 10:57:19 Africa/Lagos] Autoload loaded successfully
[06-Mar-2026 10:57:19 Africa/Lagos] Database class found
[06-Mar-2026 10:57:19 Africa/Lagos] Loading GuardianManager from: /home/academixsuite/public_html/tenant/{school-slug}/admin/../../../includes/GuardianManager.php
[06-Mar-2026 10:57:19 Africa/Lagos] GuardianManager loaded successfully
[06-Mar-2026 10:57:19 Africa/Lagos] Attempting to connect to database: school_6
[06-Mar-2026 10:57:19 Africa/Lagos] School database connection successful
[06-Mar-2026 10:57:19 Africa/Lagos] GuardianManager initialized for school ID: 6
[06-Mar-2026 10:57:19 Africa/Lagos] GuardianManager initialized successfully
[06-Mar-2026 10:57:25 Africa/Lagos] === ADD GUARDIAN PAGE START ===
[06-Mar-2026 10:57:25 Africa/Lagos] Script: /home/academixsuite/public_html/tenant/{school-slug}/admin/add-new-guardian.php
[06-Mar-2026 10:57:25 Africa/Lagos] School Slug: bitflux-wallet-1771434696
[06-Mar-2026 10:57:25 Africa/Lagos] School ID: 6
[06-Mar-2026 10:57:25 Africa/Lagos] School Name: bitflux wallet
[06-Mar-2026 10:57:25 Africa/Lagos] Authenticated User ID: 1
[06-Mar-2026 10:57:25 Africa/Lagos] Loading autoload from: /home/academixsuite/public_html/tenant/{school-slug}/admin/../../../includes/autoload.php
[06-Mar-2026 10:57:25 Africa/Lagos] Autoload loaded successfully
[06-Mar-2026 10:57:25 Africa/Lagos] Database class found
[06-Mar-2026 10:57:25 Africa/Lagos] Loading GuardianManager from: /home/academixsuite/public_html/tenant/{school-slug}/admin/../../../includes/GuardianManager.php
[06-Mar-2026 10:57:25 Africa/Lagos] GuardianManager loaded successfully
[06-Mar-2026 10:57:25 Africa/Lagos] Attempting to connect to database: school_6
[06-Mar-2026 10:57:25 Africa/Lagos] School database connection successful
[06-Mar-2026 10:57:25 Africa/Lagos] GuardianManager initialized for school ID: 6
[06-Mar-2026 10:57:25 Africa/Lagos] GuardianManager initialized successfully
[06-Mar-2026 10:57:25 Africa/Lagos] === PROCESSING FORM SUBMISSION ===
[06-Mar-2026 10:57:25 Africa/Lagos] === ADD GUARDIAN START ===
[06-Mar-2026 10:57:25 Africa/Lagos] Transaction started
[06-Mar-2026 10:57:25 Africa/Lagos] Validation passed
[06-Mar-2026 10:57:25 Africa/Lagos] Using existing user ID: 12
[06-Mar-2026 10:57:25 Africa/Lagos] Error linking guardian to students: There is already an active transaction
[06-Mar-2026 10:57:25 Africa/Lagos] Linked guardian to 1 students
[06-Mar-2026 10:57:25 Africa/Lagos] ERROR adding guardian: There is no active transaction
[06-Mar-2026 10:57:28 Africa/Lagos] === ADD GUARDIAN PAGE START ===
[06-Mar-2026 10:57:28 Africa/Lagos] Script: /home/academixsuite/public_html/tenant/{school-slug}/admin/add-new-guardian.php
[06-Mar-2026 10:57:28 Africa/Lagos] School Slug: bitflux-wallet-1771434696
[06-Mar-2026 10:57:28 Africa/Lagos] School ID: 6
[06-Mar-2026 10:57:28 Africa/Lagos] School Name: bitflux wallet
[06-Mar-2026 10:57:28 Africa/Lagos] Authenticated User ID: 1
[06-Mar-2026 10:57:28 Africa/Lagos] Loading autoload from: /home/academixsuite/public_html/tenant/{school-slug}/admin/../../../includes/autoload.php
[06-Mar-2026 10:57:28 Africa/Lagos] Autoload loaded successfully
[06-Mar-2026 10:57:28 Africa/Lagos] Database class found
[06-Mar-2026 10:57:28 Africa/Lagos] Loading GuardianManager from: /home/academixsuite/public_html/tenant/{school-slug}/admin/../../../includes/GuardianManager.php
[06-Mar-2026 10:57:28 Africa/Lagos] GuardianManager loaded successfully
[06-Mar-2026 10:57:28 Africa/Lagos] Attempting to connect to database: school_6
[06-Mar-2026 10:57:28 Africa/Lagos] School database connection successful
[06-Mar-2026 10:57:28 Africa/Lagos] GuardianManager initialized for school ID: 6
[06-Mar-2026 10:57:28 Africa/Lagos] GuardianManager initialized successfully
[06-Mar-2026 10:57:28 Africa/Lagos] === ADD GUARDIAN PAGE END ===
[06-Mar-2026 10:57:28 Africa/Lagos] ROUTER END: Successfully served /home/academixsuite/public_html/tenant/{school-slug}/admin/add-new-guardian.php
[06-Mar-2026 11:02:59 Africa/Lagos] === ADD GUARDIAN PAGE START ===
[06-Mar-2026 11:02:59 Africa/Lagos] Script: /home/academixsuite/public_html/tenant/{school-slug}/admin/add-new-guardian.php
[06-Mar-2026 11:02:59 Africa/Lagos] School Slug: bitflux-wallet-1771434696
[06-Mar-2026 11:02:59 Africa/Lagos] School ID: 6
[06-Mar-2026 11:02:59 Africa/Lagos] School Name: bitflux wallet
[06-Mar-2026 11:02:59 Africa/Lagos] Authenticated User ID: 1
[06-Mar-2026 11:02:59 Africa/Lagos] Loading autoload from: /home/academixsuite/public_html/tenant/{school-slug}/admin/../../../includes/autoload.php
[06-Mar-2026 11:02:59 Africa/Lagos] Autoload loaded successfully
[06-Mar-2026 11:02:59 Africa/Lagos] Database class found
[06-Mar-2026 11:02:59 Africa/Lagos] Loading GuardianManager from: /home/academixsuite/public_html/tenant/{school-slug}/admin/../../../includes/GuardianManager.php
[06-Mar-2026 11:02:59 Africa/Lagos] GuardianManager loaded successfully
[06-Mar-2026 11:02:59 Africa/Lagos] Attempting to connect to database: school_6
[06-Mar-2026 11:02:59 Africa/Lagos] School database connection successful
[06-Mar-2026 11:02:59 Africa/Lagos] GuardianManager initialized for school ID: 6
[06-Mar-2026 11:02:59 Africa/Lagos] GuardianManager initialized successfully
[06-Mar-2026 11:02:59 Africa/Lagos] === ADD GUARDIAN PAGE END ===
[06-Mar-2026 11:02:59 Africa/Lagos] ROUTER END: Successfully served /home/academixsuite/public_html/tenant/{school-slug}/admin/add-new-guardian.php
[06-Mar-2026 11:06:58 Africa/Lagos] === ADD GUARDIAN PAGE START ===
[06-Mar-2026 11:06:58 Africa/Lagos] Script: /home/academixsuite/public_html/tenant/{school-slug}/admin/add-new-guardian.php
[06-Mar-2026 11:06:58 Africa/Lagos] School Slug: bitflux-wallet-1771434696
[06-Mar-2026 11:06:58 Africa/Lagos] School ID: 6
[06-Mar-2026 11:06:58 Africa/Lagos] School Name: bitflux wallet
[06-Mar-2026 11:06:58 Africa/Lagos] Authenticated User ID: 1
[06-Mar-2026 11:06:58 Africa/Lagos] Loading autoload from: /home/academixsuite/public_html/tenant/{school-slug}/admin/../../../includes/autoload.php
[06-Mar-2026 11:06:58 Africa/Lagos] Autoload loaded successfully
[06-Mar-2026 11:06:58 Africa/Lagos] Database class found
[06-Mar-2026 11:06:58 Africa/Lagos] Loading GuardianManager from: /home/academixsuite/public_html/tenant/{school-slug}/admin/../../../includes/GuardianManager.php
[06-Mar-2026 11:06:58 Africa/Lagos] GuardianManager loaded successfully
[06-Mar-2026 11:06:58 Africa/Lagos] Attempting to connect to database: school_6
[06-Mar-2026 11:06:58 Africa/Lagos] School database connection successful
[06-Mar-2026 11:06:58 Africa/Lagos] GuardianManager initialized for school ID: 6
[06-Mar-2026 11:06:58 Africa/Lagos] GuardianManager initialized successfully
[06-Mar-2026 11:06:58 Africa/Lagos] === ADD GUARDIAN PAGE START ===
[06-Mar-2026 11:06:58 Africa/Lagos] Script: /home/academixsuite/public_html/tenant/{school-slug}/admin/add-new-guardian.php
[06-Mar-2026 11:06:58 Africa/Lagos] School Slug: bitflux-wallet-1771434696
[06-Mar-2026 11:06:58 Africa/Lagos] School ID: 6
[06-Mar-2026 11:06:58 Africa/Lagos] School Name: bitflux wallet
[06-Mar-2026 11:06:58 Africa/Lagos] Authenticated User ID: 1
[06-Mar-2026 11:06:58 Africa/Lagos] Loading autoload from: /home/academixsuite/public_html/tenant/{school-slug}/admin/../../../includes/autoload.php
[06-Mar-2026 11:06:58 Africa/Lagos] Autoload loaded successfully
[06-Mar-2026 11:06:58 Africa/Lagos] Database class found
[06-Mar-2026 11:06:58 Africa/Lagos] Loading GuardianManager from: /home/academixsuite/public_html/tenant/{school-slug}/admin/../../../includes/GuardianManager.php
[06-Mar-2026 11:06:58 Africa/Lagos] GuardianManager loaded successfully
[06-Mar-2026 11:06:58 Africa/Lagos] Attempting to connect to database: school_6
[06-Mar-2026 11:06:58 Africa/Lagos] School database connection successful
[06-Mar-2026 11:06:58 Africa/Lagos] GuardianManager initialized for school ID: 6
[06-Mar-2026 11:06:58 Africa/Lagos] GuardianManager initialized successfully
[06-Mar-2026 11:07:15 Africa/Lagos] === ADD GUARDIAN PAGE START ===
[06-Mar-2026 11:07:15 Africa/Lagos] Script: /home/academixsuite/public_html/tenant/{school-slug}/admin/add-new-guardian.php
[06-Mar-2026 11:07:15 Africa/Lagos] School Slug: bitflux-wallet-1771434696
[06-Mar-2026 11:07:15 Africa/Lagos] School ID: 6
[06-Mar-2026 11:07:15 Africa/Lagos] School Name: bitflux wallet
[06-Mar-2026 11:07:15 Africa/Lagos] Authenticated User ID: 1
[06-Mar-2026 11:07:15 Africa/Lagos] Loading autoload from: /home/academixsuite/public_html/tenant/{school-slug}/admin/../../../includes/autoload.php
[06-Mar-2026 11:07:15 Africa/Lagos] Autoload loaded successfully
[06-Mar-2026 11:07:15 Africa/Lagos] Database class found
[06-Mar-2026 11:07:15 Africa/Lagos] Loading GuardianManager from: /home/academixsuite/public_html/tenant/{school-slug}/admin/../../../includes/GuardianManager.php
[06-Mar-2026 11:07:15 Africa/Lagos] GuardianManager loaded successfully
[06-Mar-2026 11:07:15 Africa/Lagos] Attempting to connect to database: school_6
[06-Mar-2026 11:07:15 Africa/Lagos] School database connection successful
[06-Mar-2026 11:07:15 Africa/Lagos] GuardianManager initialized for school ID: 6
[06-Mar-2026 11:07:15 Africa/Lagos] GuardianManager initialized successfully
[06-Mar-2026 11:07:15 Africa/Lagos] === PROCESSING FORM SUBMISSION ===
[06-Mar-2026 11:07:15 Africa/Lagos] === ADD GUARDIAN START ===
[06-Mar-2026 11:07:15 Africa/Lagos] Transaction started
[06-Mar-2026 11:07:15 Africa/Lagos] Validation passed
[06-Mar-2026 11:07:15 Africa/Lagos] Using existing user ID: 12
[06-Mar-2026 11:07:15 Africa/Lagos] Error linking guardian to students: There is already an active transaction
[06-Mar-2026 11:07:15 Africa/Lagos] Linked guardian to 1 students
[06-Mar-2026 11:07:15 Africa/Lagos] ERROR adding guardian: There is no active transaction
[06-Mar-2026 11:07:18 Africa/Lagos] === ADD GUARDIAN PAGE START ===
[06-Mar-2026 11:07:18 Africa/Lagos] Script: /home/academixsuite/public_html/tenant/{school-slug}/admin/add-new-guardian.php
[06-Mar-2026 11:07:18 Africa/Lagos] School Slug: bitflux-wallet-1771434696
[06-Mar-2026 11:07:18 Africa/Lagos] School ID: 6
[06-Mar-2026 11:07:18 Africa/Lagos] School Name: bitflux wallet
[06-Mar-2026 11:07:18 Africa/Lagos] Authenticated User ID: 1
[06-Mar-2026 11:07:18 Africa/Lagos] Loading autoload from: /home/academixsuite/public_html/tenant/{school-slug}/admin/../../../includes/autoload.php
[06-Mar-2026 11:07:18 Africa/Lagos] Autoload loaded successfully
[06-Mar-2026 11:07:18 Africa/Lagos] Database class found
[06-Mar-2026 11:07:18 Africa/Lagos] Loading GuardianManager from: /home/academixsuite/public_html/tenant/{school-slug}/admin/../../../includes/GuardianManager.php
[06-Mar-2026 11:07:18 Africa/Lagos] GuardianManager loaded successfully
[06-Mar-2026 11:07:18 Africa/Lagos] Attempting to connect to database: school_6
[06-Mar-2026 11:07:18 Africa/Lagos] School database connection successful
[06-Mar-2026 11:07:18 Africa/Lagos] GuardianManager initialized for school ID: 6
[06-Mar-2026 11:07:18 Africa/Lagos] GuardianManager initialized successfully
[06-Mar-2026 11:07:18 Africa/Lagos] === ADD GUARDIAN PAGE END ===
[06-Mar-2026 11:07:18 Africa/Lagos] ROUTER END: Successfully served /home/academixsuite/public_html/tenant/{school-slug}/admin/add-new-guardian.php
[06-Mar-2026 12:00:54 Africa/Lagos] === ADD GUARDIAN PAGE START ===
[06-Mar-2026 12:00:54 Africa/Lagos] Script: /home/academixsuite/public_html/tenant/{school-slug}/admin/add-new-guardian.php
[06-Mar-2026 12:00:54 Africa/Lagos] School Slug: bitflux-wallet-1771434696
[06-Mar-2026 12:00:54 Africa/Lagos] School ID: 6
[06-Mar-2026 12:00:54 Africa/Lagos] School Name: bitflux wallet
[06-Mar-2026 12:00:54 Africa/Lagos] Authenticated User ID: 1
[06-Mar-2026 12:00:54 Africa/Lagos] Loading autoload from: /home/academixsuite/public_html/tenant/{school-slug}/admin/../../../includes/autoload.php
[06-Mar-2026 12:00:54 Africa/Lagos] Autoload loaded successfully
[06-Mar-2026 12:00:54 Africa/Lagos] Database class found
[06-Mar-2026 12:00:54 Africa/Lagos] Loading GuardianManager from: /home/academixsuite/public_html/tenant/{school-slug}/admin/../../../includes/GuardianManager.php
[06-Mar-2026 12:00:54 Africa/Lagos] GuardianManager loaded successfully
[06-Mar-2026 12:00:54 Africa/Lagos] Attempting to connect to database: school_6
[06-Mar-2026 12:00:54 Africa/Lagos] School database connection successful
[06-Mar-2026 12:00:54 Africa/Lagos] GuardianManager initialized for school ID: 6
[06-Mar-2026 12:00:54 Africa/Lagos] GuardianManager initialized successfully
[06-Mar-2026 12:00:54 Africa/Lagos] === ADD GUARDIAN PAGE END ===
[06-Mar-2026 12:00:54 Africa/Lagos] ROUTER END: Successfully served /home/academixsuite/public_html/tenant/{school-slug}/admin/add-new-guardian.php
[06-Mar-2026 12:03:20 Africa/Lagos] === ADD GUARDIAN PAGE START ===
[06-Mar-2026 12:03:20 Africa/Lagos] Script: /home/academixsuite/public_html/tenant/{school-slug}/admin/add-new-guardian.php
[06-Mar-2026 12:03:20 Africa/Lagos] School Slug: bitflux-wallet-1771434696
[06-Mar-2026 12:03:20 Africa/Lagos] School ID: 6
[06-Mar-2026 12:03:20 Africa/Lagos] School Name: bitflux wallet
[06-Mar-2026 12:03:20 Africa/Lagos] Authenticated User ID: 1
[06-Mar-2026 12:03:20 Africa/Lagos] Loading autoload from: /home/academixsuite/public_html/tenant/{school-slug}/admin/../../../includes/autoload.php
[06-Mar-2026 12:03:20 Africa/Lagos] Autoload loaded successfully
[06-Mar-2026 12:03:20 Africa/Lagos] Database class found
[06-Mar-2026 12:03:20 Africa/Lagos] Loading GuardianManager from: /home/academixsuite/public_html/tenant/{school-slug}/admin/../../../includes/GuardianManager.php
[06-Mar-2026 12:03:20 Africa/Lagos] GuardianManager loaded successfully
[06-Mar-2026 12:03:20 Africa/Lagos] Attempting to connect to database: school_6
[06-Mar-2026 12:03:20 Africa/Lagos] School database connection successful
[06-Mar-2026 12:03:20 Africa/Lagos] GuardianManager initialized for school ID: 6
[06-Mar-2026 12:03:20 Africa/Lagos] GuardianManager initialized successfully
[06-Mar-2026 12:03:20 Africa/Lagos] === ADD GUARDIAN PAGE START ===
[06-Mar-2026 12:03:20 Africa/Lagos] Script: /home/academixsuite/public_html/tenant/{school-slug}/admin/add-new-guardian.php
[06-Mar-2026 12:03:20 Africa/Lagos] School Slug: bitflux-wallet-1771434696
[06-Mar-2026 12:03:20 Africa/Lagos] School ID: 6
[06-Mar-2026 12:03:20 Africa/Lagos] School Name: bitflux wallet
[06-Mar-2026 12:03:20 Africa/Lagos] Authenticated User ID: 1
[06-Mar-2026 12:03:20 Africa/Lagos] Loading autoload from: /home/academixsuite/public_html/tenant/{school-slug}/admin/../../../includes/autoload.php
[06-Mar-2026 12:03:20 Africa/Lagos] Autoload loaded successfully
[06-Mar-2026 12:03:20 Africa/Lagos] Database class found
[06-Mar-2026 12:03:20 Africa/Lagos] Loading GuardianManager from: /home/academixsuite/public_html/tenant/{school-slug}/admin/../../../includes/GuardianManager.php
[06-Mar-2026 12:03:20 Africa/Lagos] GuardianManager loaded successfully
[06-Mar-2026 12:03:20 Africa/Lagos] Attempting to connect to database: school_6
[06-Mar-2026 12:03:20 Africa/Lagos] School database connection successful
[06-Mar-2026 12:03:20 Africa/Lagos] GuardianManager initialized for school ID: 6
[06-Mar-2026 12:03:20 Africa/Lagos] GuardianManager initialized successfully
[06-Mar-2026 12:03:31 Africa/Lagos] === ADD GUARDIAN PAGE START ===
[06-Mar-2026 12:03:31 Africa/Lagos] Script: /home/academixsuite/public_html/tenant/{school-slug}/admin/add-new-guardian.php
[06-Mar-2026 12:03:31 Africa/Lagos] School Slug: bitflux-wallet-1771434696
[06-Mar-2026 12:03:31 Africa/Lagos] School ID: 6
[06-Mar-2026 12:03:31 Africa/Lagos] School Name: bitflux wallet
[06-Mar-2026 12:03:31 Africa/Lagos] Authenticated User ID: 1
[06-Mar-2026 12:03:31 Africa/Lagos] Loading autoload from: /home/academixsuite/public_html/tenant/{school-slug}/admin/../../../includes/autoload.php
[06-Mar-2026 12:03:31 Africa/Lagos] Autoload loaded successfully
[06-Mar-2026 12:03:31 Africa/Lagos] Database class found
[06-Mar-2026 12:03:31 Africa/Lagos] Loading GuardianManager from: /home/academixsuite/public_html/tenant/{school-slug}/admin/../../../includes/GuardianManager.php
[06-Mar-2026 12:03:31 Africa/Lagos] GuardianManager loaded successfully
[06-Mar-2026 12:03:31 Africa/Lagos] Attempting to connect to database: school_6
[06-Mar-2026 12:03:31 Africa/Lagos] School database connection successful
[06-Mar-2026 12:03:31 Africa/Lagos] GuardianManager initialized for school ID: 6
[06-Mar-2026 12:03:31 Africa/Lagos] GuardianManager initialized successfully
[06-Mar-2026 12:03:31 Africa/Lagos] === PROCESSING FORM SUBMISSION ===
[06-Mar-2026 12:03:31 Africa/Lagos] === ADD GUARDIAN START ===
[06-Mar-2026 12:03:31 Africa/Lagos] Validation passed
[06-Mar-2026 12:03:31 Africa/Lagos] Transaction started
[06-Mar-2026 12:03:31 Africa/Lagos] Using existing user ID: 12
[06-Mar-2026 12:03:31 Africa/Lagos] Linked guardian to 1 students
[06-Mar-2026 12:03:31 Africa/Lagos] Transaction committed successfully
[06-Mar-2026 12:03:31 Africa/Lagos] Sending login email for user ID: 12
[06-Mar-2026 12:03:31 Africa/Lagos] Email sent: Yes
[06-Mar-2026 12:03:37 Africa/Lagos] === ADD GUARDIAN PAGE START ===
[06-Mar-2026 12:03:37 Africa/Lagos] Script: /home/academixsuite/public_html/tenant/{school-slug}/admin/add-new-guardian.php
[06-Mar-2026 12:03:37 Africa/Lagos] School Slug: bitflux-wallet-1771434696
[06-Mar-2026 12:03:37 Africa/Lagos] School ID: 6
[06-Mar-2026 12:03:37 Africa/Lagos] School Name: bitflux wallet
[06-Mar-2026 12:03:37 Africa/Lagos] Authenticated User ID: 1
[06-Mar-2026 12:03:37 Africa/Lagos] Loading autoload from: /home/academixsuite/public_html/tenant/{school-slug}/admin/../../../includes/autoload.php
[06-Mar-2026 12:03:37 Africa/Lagos] Autoload loaded successfully
[06-Mar-2026 12:03:37 Africa/Lagos] Database class found
[06-Mar-2026 12:03:37 Africa/Lagos] Loading GuardianManager from: /home/academixsuite/public_html/tenant/{school-slug}/admin/../../../includes/GuardianManager.php
[06-Mar-2026 12:03:37 Africa/Lagos] GuardianManager loaded successfully
[06-Mar-2026 12:03:37 Africa/Lagos] Attempting to connect to database: school_6
[06-Mar-2026 12:03:37 Africa/Lagos] School database connection successful
[06-Mar-2026 12:03:37 Africa/Lagos] GuardianManager initialized for school ID: 6
[06-Mar-2026 12:03:37 Africa/Lagos] GuardianManager initialized successfully
[06-Mar-2026 12:03:37 Africa/Lagos] === ADD GUARDIAN PAGE END ===
[06-Mar-2026 12:03:37 Africa/Lagos] ROUTER END: Successfully served /home/academixsuite/public_html/tenant/{school-slug}/admin/add-new-guardian.php
[06-Mar-2026 13:12:25 Africa/Lagos] === ADD GUARDIAN PAGE START ===
[06-Mar-2026 13:12:25 Africa/Lagos] Script: /home/academixsuite/public_html/tenant/{school-slug}/admin/add-new-guardian.php
[06-Mar-2026 13:12:25 Africa/Lagos] School Slug: bitflux-wallet-1771434696
[06-Mar-2026 13:12:25 Africa/Lagos] School ID: 6
[06-Mar-2026 13:12:25 Africa/Lagos] School Name: bitflux wallet
[06-Mar-2026 13:12:25 Africa/Lagos] Authenticated User ID: 1
[06-Mar-2026 13:12:25 Africa/Lagos] Loading autoload from: /home/academixsuite/public_html/tenant/{school-slug}/admin/../../../includes/autoload.php
[06-Mar-2026 13:12:25 Africa/Lagos] Autoload loaded successfully
[06-Mar-2026 13:12:25 Africa/Lagos] Database class found
[06-Mar-2026 13:12:25 Africa/Lagos] Loading GuardianManager from: /home/academixsuite/public_html/tenant/{school-slug}/admin/../../../includes/GuardianManager.php
[06-Mar-2026 13:12:25 Africa/Lagos] GuardianManager loaded successfully
[06-Mar-2026 13:12:25 Africa/Lagos] Attempting to connect to database: school_6
[06-Mar-2026 13:12:25 Africa/Lagos] School database connection successful
[06-Mar-2026 13:12:25 Africa/Lagos] GuardianManager initialized for school ID: 6
[06-Mar-2026 13:12:25 Africa/Lagos] GuardianManager initialized successfully
[06-Mar-2026 13:12:25 Africa/Lagos] === ADD GUARDIAN PAGE END ===
[06-Mar-2026 13:12:25 Africa/Lagos] ROUTER END: Successfully served /home/academixsuite/public_html/tenant/{school-slug}/admin/add-new-guardian.php
[06-Mar-2026 13:12:43 Africa/Lagos] === ADD GUARDIAN PAGE START ===
[06-Mar-2026 13:12:43 Africa/Lagos] Script: /home/academixsuite/public_html/tenant/{school-slug}/admin/add-new-guardian.php
[06-Mar-2026 13:12:43 Africa/Lagos] School Slug: bitflux-wallet-1771434696
[06-Mar-2026 13:12:43 Africa/Lagos] School ID: 6
[06-Mar-2026 13:12:43 Africa/Lagos] School Name: bitflux wallet
[06-Mar-2026 13:12:43 Africa/Lagos] Authenticated User ID: 1
[06-Mar-2026 13:12:43 Africa/Lagos] Loading autoload from: /home/academixsuite/public_html/tenant/{school-slug}/admin/../../../includes/autoload.php
[06-Mar-2026 13:12:43 Africa/Lagos] Autoload loaded successfully
[06-Mar-2026 13:12:43 Africa/Lagos] Database class found
[06-Mar-2026 13:12:43 Africa/Lagos] Loading GuardianManager from: /home/academixsuite/public_html/tenant/{school-slug}/admin/../../../includes/GuardianManager.php
[06-Mar-2026 13:12:43 Africa/Lagos] GuardianManager loaded successfully
[06-Mar-2026 13:12:43 Africa/Lagos] Attempting to connect to database: school_6
[06-Mar-2026 13:12:43 Africa/Lagos] School database connection successful
[06-Mar-2026 13:12:43 Africa/Lagos] GuardianManager initialized for school ID: 6
[06-Mar-2026 13:12:43 Africa/Lagos] GuardianManager initialized successfully
[06-Mar-2026 13:12:46 Africa/Lagos] === ADD GUARDIAN PAGE START ===
[06-Mar-2026 13:12:46 Africa/Lagos] Script: /home/academixsuite/public_html/tenant/{school-slug}/admin/add-new-guardian.php
[06-Mar-2026 13:12:46 Africa/Lagos] School Slug: bitflux-wallet-1771434696
[06-Mar-2026 13:12:46 Africa/Lagos] School ID: 6
[06-Mar-2026 13:12:46 Africa/Lagos] School Name: bitflux wallet
[06-Mar-2026 13:12:46 Africa/Lagos] Authenticated User ID: 1
[06-Mar-2026 13:12:46 Africa/Lagos] Loading autoload from: /home/academixsuite/public_html/tenant/{school-slug}/admin/../../../includes/autoload.php
[06-Mar-2026 13:12:46 Africa/Lagos] Autoload loaded successfully
[06-Mar-2026 13:12:46 Africa/Lagos] Database class found
[06-Mar-2026 13:12:46 Africa/Lagos] Loading GuardianManager from: /home/academixsuite/public_html/tenant/{school-slug}/admin/../../../includes/GuardianManager.php
[06-Mar-2026 13:12:46 Africa/Lagos] GuardianManager loaded successfully
[06-Mar-2026 13:12:46 Africa/Lagos] Attempting to connect to database: school_6
[06-Mar-2026 13:12:46 Africa/Lagos] School database connection successful
[06-Mar-2026 13:12:46 Africa/Lagos] GuardianManager initialized for school ID: 6
[06-Mar-2026 13:12:46 Africa/Lagos] GuardianManager initialized successfully
[06-Mar-2026 13:12:47 Africa/Lagos] === ADD GUARDIAN PAGE START ===
[06-Mar-2026 13:12:47 Africa/Lagos] Script: /home/academixsuite/public_html/tenant/{school-slug}/admin/add-new-guardian.php
[06-Mar-2026 13:12:47 Africa/Lagos] School Slug: bitflux-wallet-1771434696
[06-Mar-2026 13:12:47 Africa/Lagos] School ID: 6
[06-Mar-2026 13:12:47 Africa/Lagos] School Name: bitflux wallet
[06-Mar-2026 13:12:47 Africa/Lagos] Authenticated User ID: 1
[06-Mar-2026 13:12:47 Africa/Lagos] Loading autoload from: /home/academixsuite/public_html/tenant/{school-slug}/admin/../../../includes/autoload.php
[06-Mar-2026 13:12:47 Africa/Lagos] Autoload loaded successfully
[06-Mar-2026 13:12:47 Africa/Lagos] Database class found
[06-Mar-2026 13:12:47 Africa/Lagos] Loading GuardianManager from: /home/academixsuite/public_html/tenant/{school-slug}/admin/../../../includes/GuardianManager.php
[06-Mar-2026 13:12:47 Africa/Lagos] GuardianManager loaded successfully
[06-Mar-2026 13:12:47 Africa/Lagos] Attempting to connect to database: school_6
[06-Mar-2026 13:12:47 Africa/Lagos] School database connection successful
[06-Mar-2026 13:12:47 Africa/Lagos] GuardianManager initialized for school ID: 6
[06-Mar-2026 13:12:47 Africa/Lagos] GuardianManager initialized successfully
[06-Mar-2026 13:12:52 Africa/Lagos] === ADD GUARDIAN PAGE START ===
[06-Mar-2026 13:12:52 Africa/Lagos] Script: /home/academixsuite/public_html/tenant/{school-slug}/admin/add-new-guardian.php
[06-Mar-2026 13:12:52 Africa/Lagos] School Slug: bitflux-wallet-1771434696
[06-Mar-2026 13:12:52 Africa/Lagos] School ID: 6
[06-Mar-2026 13:12:52 Africa/Lagos] School Name: bitflux wallet
[06-Mar-2026 13:12:52 Africa/Lagos] Authenticated User ID: 1
[06-Mar-2026 13:12:52 Africa/Lagos] Loading autoload from: /home/academixsuite/public_html/tenant/{school-slug}/admin/../../../includes/autoload.php
[06-Mar-2026 13:12:52 Africa/Lagos] Autoload loaded successfully
[06-Mar-2026 13:12:52 Africa/Lagos] Database class found
[06-Mar-2026 13:12:52 Africa/Lagos] Loading GuardianManager from: /home/academixsuite/public_html/tenant/{school-slug}/admin/../../../includes/GuardianManager.php
[06-Mar-2026 13:12:52 Africa/Lagos] GuardianManager loaded successfully
[06-Mar-2026 13:12:52 Africa/Lagos] Attempting to connect to database: school_6
[06-Mar-2026 13:12:52 Africa/Lagos] School database connection successful
[06-Mar-2026 13:12:52 Africa/Lagos] GuardianManager initialized for school ID: 6
[06-Mar-2026 13:12:52 Africa/Lagos] GuardianManager initialized successfully
[06-Mar-2026 13:12:54 Africa/Lagos] === ADD GUARDIAN PAGE START ===
[06-Mar-2026 13:12:54 Africa/Lagos] Script: /home/academixsuite/public_html/tenant/{school-slug}/admin/add-new-guardian.php
[06-Mar-2026 13:12:54 Africa/Lagos] School Slug: bitflux-wallet-1771434696
[06-Mar-2026 13:12:54 Africa/Lagos] School ID: 6
[06-Mar-2026 13:12:54 Africa/Lagos] School Name: bitflux wallet
[06-Mar-2026 13:12:54 Africa/Lagos] Authenticated User ID: 1
[06-Mar-2026 13:12:54 Africa/Lagos] Loading autoload from: /home/academixsuite/public_html/tenant/{school-slug}/admin/../../../includes/autoload.php
[06-Mar-2026 13:12:54 Africa/Lagos] Autoload loaded successfully
[06-Mar-2026 13:12:54 Africa/Lagos] Database class found
[06-Mar-2026 13:12:54 Africa/Lagos] Loading GuardianManager from: /home/academixsuite/public_html/tenant/{school-slug}/admin/../../../includes/GuardianManager.php
[06-Mar-2026 13:12:54 Africa/Lagos] GuardianManager loaded successfully
[06-Mar-2026 13:12:54 Africa/Lagos] Attempting to connect to database: school_6
[06-Mar-2026 13:12:54 Africa/Lagos] School database connection successful
[06-Mar-2026 13:12:54 Africa/Lagos] GuardianManager initialized for school ID: 6
[06-Mar-2026 13:12:54 Africa/Lagos] GuardianManager initialized successfully
[06-Mar-2026 13:14:29 Africa/Lagos] === ADD GUARDIAN PAGE START ===
[06-Mar-2026 13:14:29 Africa/Lagos] Script: /home/academixsuite/public_html/tenant/{school-slug}/admin/add-new-guardian.php
[06-Mar-2026 13:14:29 Africa/Lagos] School Slug: bitflux-wallet-1771434696
[06-Mar-2026 13:14:29 Africa/Lagos] School ID: 6
[06-Mar-2026 13:14:29 Africa/Lagos] School Name: bitflux wallet
[06-Mar-2026 13:14:29 Africa/Lagos] Authenticated User ID: 1
[06-Mar-2026 13:14:29 Africa/Lagos] Loading autoload from: /home/academixsuite/public_html/tenant/{school-slug}/admin/../../../includes/autoload.php
[06-Mar-2026 13:14:29 Africa/Lagos] Autoload loaded successfully
[06-Mar-2026 13:14:29 Africa/Lagos] Database class found
[06-Mar-2026 13:14:29 Africa/Lagos] Loading GuardianManager from: /home/academixsuite/public_html/tenant/{school-slug}/admin/../../../includes/GuardianManager.php
[06-Mar-2026 13:14:29 Africa/Lagos] GuardianManager loaded successfully
[06-Mar-2026 13:14:29 Africa/Lagos] Attempting to connect to database: school_6
[06-Mar-2026 13:14:29 Africa/Lagos] School database connection successful
[06-Mar-2026 13:14:29 Africa/Lagos] GuardianManager initialized for school ID: 6
[06-Mar-2026 13:14:29 Africa/Lagos] GuardianManager initialized successfully
[06-Mar-2026 13:14:32 Africa/Lagos] === ADD GUARDIAN PAGE START ===
[06-Mar-2026 13:14:32 Africa/Lagos] Script: /home/academixsuite/public_html/tenant/{school-slug}/admin/add-new-guardian.php
[06-Mar-2026 13:14:32 Africa/Lagos] School Slug: bitflux-wallet-1771434696
[06-Mar-2026 13:14:32 Africa/Lagos] School ID: 6
[06-Mar-2026 13:14:32 Africa/Lagos] School Name: bitflux wallet
[06-Mar-2026 13:14:32 Africa/Lagos] Authenticated User ID: 1
[06-Mar-2026 13:14:32 Africa/Lagos] Loading autoload from: /home/academixsuite/public_html/tenant/{school-slug}/admin/../../../includes/autoload.php
[06-Mar-2026 13:14:32 Africa/Lagos] Autoload loaded successfully
[06-Mar-2026 13:14:32 Africa/Lagos] Database class found
[06-Mar-2026 13:14:32 Africa/Lagos] Loading GuardianManager from: /home/academixsuite/public_html/tenant/{school-slug}/admin/../../../includes/GuardianManager.php
[06-Mar-2026 13:14:32 Africa/Lagos] GuardianManager loaded successfully
[06-Mar-2026 13:14:32 Africa/Lagos] Attempting to connect to database: school_6
[06-Mar-2026 13:14:32 Africa/Lagos] School database connection successful
[06-Mar-2026 13:14:32 Africa/Lagos] GuardianManager initialized for school ID: 6
[06-Mar-2026 13:14:32 Africa/Lagos] GuardianManager initialized successfully
[06-Mar-2026 13:14:33 Africa/Lagos] === ADD GUARDIAN PAGE START ===
[06-Mar-2026 13:14:33 Africa/Lagos] Script: /home/academixsuite/public_html/tenant/{school-slug}/admin/add-new-guardian.php
[06-Mar-2026 13:14:33 Africa/Lagos] School Slug: bitflux-wallet-1771434696
[06-Mar-2026 13:14:33 Africa/Lagos] School ID: 6
[06-Mar-2026 13:14:33 Africa/Lagos] School Name: bitflux wallet
[06-Mar-2026 13:14:33 Africa/Lagos] Authenticated User ID: 1
[06-Mar-2026 13:14:33 Africa/Lagos] Loading autoload from: /home/academixsuite/public_html/tenant/{school-slug}/admin/../../../includes/autoload.php
[06-Mar-2026 13:14:33 Africa/Lagos] Autoload loaded successfully
[06-Mar-2026 13:14:33 Africa/Lagos] Database class found
[06-Mar-2026 13:14:33 Africa/Lagos] Loading GuardianManager from: /home/academixsuite/public_html/tenant/{school-slug}/admin/../../../includes/GuardianManager.php
[06-Mar-2026 13:14:33 Africa/Lagos] GuardianManager loaded successfully
[06-Mar-2026 13:14:33 Africa/Lagos] Attempting to connect to database: school_6
[06-Mar-2026 13:14:33 Africa/Lagos] School database connection successful
[06-Mar-2026 13:14:33 Africa/Lagos] GuardianManager initialized for school ID: 6
[06-Mar-2026 13:14:33 Africa/Lagos] GuardianManager initialized successfully
[06-Mar-2026 13:14:36 Africa/Lagos] === ADD GUARDIAN PAGE START ===
[06-Mar-2026 13:14:36 Africa/Lagos] Script: /home/academixsuite/public_html/tenant/{school-slug}/admin/add-new-guardian.php
[06-Mar-2026 13:14:36 Africa/Lagos] School Slug: bitflux-wallet-1771434696
[06-Mar-2026 13:14:36 Africa/Lagos] School ID: 6
[06-Mar-2026 13:14:36 Africa/Lagos] School Name: bitflux wallet
[06-Mar-2026 13:14:36 Africa/Lagos] Authenticated User ID: 1
[06-Mar-2026 13:14:36 Africa/Lagos] Loading autoload from: /home/academixsuite/public_html/tenant/{school-slug}/admin/../../../includes/autoload.php
[06-Mar-2026 13:14:36 Africa/Lagos] Autoload loaded successfully
[06-Mar-2026 13:14:36 Africa/Lagos] Database class found
[06-Mar-2026 13:14:36 Africa/Lagos] Loading GuardianManager from: /home/academixsuite/public_html/tenant/{school-slug}/admin/../../../includes/GuardianManager.php
[06-Mar-2026 13:14:36 Africa/Lagos] GuardianManager loaded successfully
[06-Mar-2026 13:14:36 Africa/Lagos] Attempting to connect to database: school_6
[06-Mar-2026 13:14:36 Africa/Lagos] School database connection successful
[06-Mar-2026 13:14:36 Africa/Lagos] GuardianManager initialized for school ID: 6
[06-Mar-2026 13:14:36 Africa/Lagos] GuardianManager initialized successfully
[06-Mar-2026 13:14:37 Africa/Lagos] === ADD GUARDIAN PAGE START ===
[06-Mar-2026 13:14:37 Africa/Lagos] Script: /home/academixsuite/public_html/tenant/{school-slug}/admin/add-new-guardian.php
[06-Mar-2026 13:14:37 Africa/Lagos] School Slug: bitflux-wallet-1771434696
[06-Mar-2026 13:14:37 Africa/Lagos] School ID: 6
[06-Mar-2026 13:14:37 Africa/Lagos] School Name: bitflux wallet
[06-Mar-2026 13:14:37 Africa/Lagos] Authenticated User ID: 1
[06-Mar-2026 13:14:37 Africa/Lagos] Loading autoload from: /home/academixsuite/public_html/tenant/{school-slug}/admin/../../../includes/autoload.php
[06-Mar-2026 13:14:37 Africa/Lagos] Autoload loaded successfully
[06-Mar-2026 13:14:37 Africa/Lagos] Database class found
[06-Mar-2026 13:14:37 Africa/Lagos] Loading GuardianManager from: /home/academixsuite/public_html/tenant/{school-slug}/admin/../../../includes/GuardianManager.php
[06-Mar-2026 13:14:37 Africa/Lagos] GuardianManager loaded successfully
[06-Mar-2026 13:14:37 Africa/Lagos] Attempting to connect to database: school_6
[06-Mar-2026 13:14:37 Africa/Lagos] School database connection successful
[06-Mar-2026 13:14:37 Africa/Lagos] GuardianManager initialized for school ID: 6
[06-Mar-2026 13:14:37 Africa/Lagos] GuardianManager initialized successfully
[06-Mar-2026 13:14:50 Africa/Lagos] === ADD GUARDIAN PAGE START ===
[06-Mar-2026 13:14:50 Africa/Lagos] Script: /home/academixsuite/public_html/tenant/{school-slug}/admin/add-new-guardian.php
[06-Mar-2026 13:14:50 Africa/Lagos] School Slug: bitflux-wallet-1771434696
[06-Mar-2026 13:14:50 Africa/Lagos] School ID: 6
[06-Mar-2026 13:14:50 Africa/Lagos] School Name: bitflux wallet
[06-Mar-2026 13:14:50 Africa/Lagos] Authenticated User ID: 1
[06-Mar-2026 13:14:50 Africa/Lagos] Loading autoload from: /home/academixsuite/public_html/tenant/{school-slug}/admin/../../../includes/autoload.php
[06-Mar-2026 13:14:50 Africa/Lagos] Autoload loaded successfully
[06-Mar-2026 13:14:50 Africa/Lagos] Database class found
[06-Mar-2026 13:14:50 Africa/Lagos] Loading GuardianManager from: /home/academixsuite/public_html/tenant/{school-slug}/admin/../../../includes/GuardianManager.php
[06-Mar-2026 13:14:50 Africa/Lagos] GuardianManager loaded successfully
[06-Mar-2026 13:14:50 Africa/Lagos] Attempting to connect to database: school_6
[06-Mar-2026 13:14:50 Africa/Lagos] School database connection successful
[06-Mar-2026 13:14:50 Africa/Lagos] GuardianManager initialized for school ID: 6
[06-Mar-2026 13:14:50 Africa/Lagos] GuardianManager initialized successfully
[06-Mar-2026 13:14:59 Africa/Lagos] === ADD GUARDIAN PAGE START ===
[06-Mar-2026 13:14:59 Africa/Lagos] Script: /home/academixsuite/public_html/tenant/{school-slug}/admin/add-new-guardian.php
[06-Mar-2026 13:14:59 Africa/Lagos] School Slug: bitflux-wallet-1771434696
[06-Mar-2026 13:14:59 Africa/Lagos] School ID: 6
[06-Mar-2026 13:14:59 Africa/Lagos] School Name: bitflux wallet
[06-Mar-2026 13:14:59 Africa/Lagos] Authenticated User ID: 1
[06-Mar-2026 13:14:59 Africa/Lagos] Loading autoload from: /home/academixsuite/public_html/tenant/{school-slug}/admin/../../../includes/autoload.php
[06-Mar-2026 13:14:59 Africa/Lagos] Autoload loaded successfully
[06-Mar-2026 13:14:59 Africa/Lagos] Database class found
[06-Mar-2026 13:14:59 Africa/Lagos] Loading GuardianManager from: /home/academixsuite/public_html/tenant/{school-slug}/admin/../../../includes/GuardianManager.php
[06-Mar-2026 13:14:59 Africa/Lagos] GuardianManager loaded successfully
[06-Mar-2026 13:14:59 Africa/Lagos] Attempting to connect to database: school_6
[06-Mar-2026 13:14:59 Africa/Lagos] School database connection successful
[06-Mar-2026 13:14:59 Africa/Lagos] GuardianManager initialized for school ID: 6
[06-Mar-2026 13:14:59 Africa/Lagos] GuardianManager initialized successfully
[06-Mar-2026 13:15:00 Africa/Lagos] === ADD GUARDIAN PAGE START ===
[06-Mar-2026 13:15:00 Africa/Lagos] Script: /home/academixsuite/public_html/tenant/{school-slug}/admin/add-new-guardian.php
[06-Mar-2026 13:15:00 Africa/Lagos] School Slug: bitflux-wallet-1771434696
[06-Mar-2026 13:15:00 Africa/Lagos] School ID: 6
[06-Mar-2026 13:15:00 Africa/Lagos] School Name: bitflux wallet
[06-Mar-2026 13:15:00 Africa/Lagos] Authenticated User ID: 1
[06-Mar-2026 13:15:00 Africa/Lagos] Loading autoload from: /home/academixsuite/public_html/tenant/{school-slug}/admin/../../../includes/autoload.php
[06-Mar-2026 13:15:00 Africa/Lagos] Autoload loaded successfully
[06-Mar-2026 13:15:00 Africa/Lagos] Database class found
[06-Mar-2026 13:15:00 Africa/Lagos] Loading GuardianManager from: /home/academixsuite/public_html/tenant/{school-slug}/admin/../../../includes/GuardianManager.php
[06-Mar-2026 13:15:00 Africa/Lagos] GuardianManager loaded successfully
[06-Mar-2026 13:15:00 Africa/Lagos] Attempting to connect to database: school_6
[06-Mar-2026 13:15:00 Africa/Lagos] School database connection successful
[06-Mar-2026 13:15:00 Africa/Lagos] GuardianManager initialized for school ID: 6
[06-Mar-2026 13:15:00 Africa/Lagos] GuardianManager initialized successfully
[06-Mar-2026 13:15:00 Africa/Lagos] === ADD GUARDIAN PAGE START ===
[06-Mar-2026 13:15:00 Africa/Lagos] Script: /home/academixsuite/public_html/tenant/{school-slug}/admin/add-new-guardian.php
[06-Mar-2026 13:15:00 Africa/Lagos] School Slug: bitflux-wallet-1771434696
[06-Mar-2026 13:15:00 Africa/Lagos] School ID: 6
[06-Mar-2026 13:15:00 Africa/Lagos] School Name: bitflux wallet
[06-Mar-2026 13:15:00 Africa/Lagos] Authenticated User ID: 1
[06-Mar-2026 13:15:00 Africa/Lagos] Loading autoload from: /home/academixsuite/public_html/tenant/{school-slug}/admin/../../../includes/autoload.php
[06-Mar-2026 13:15:00 Africa/Lagos] Autoload loaded successfully
[06-Mar-2026 13:15:00 Africa/Lagos] Database class found
[06-Mar-2026 13:15:00 Africa/Lagos] Loading GuardianManager from: /home/academixsuite/public_html/tenant/{school-slug}/admin/../../../includes/GuardianManager.php
[06-Mar-2026 13:15:00 Africa/Lagos] GuardianManager loaded successfully
[06-Mar-2026 13:15:00 Africa/Lagos] Attempting to connect to database: school_6
[06-Mar-2026 13:15:00 Africa/Lagos] School database connection successful
[06-Mar-2026 13:15:00 Africa/Lagos] GuardianManager initialized for school ID: 6
[06-Mar-2026 13:15:00 Africa/Lagos] GuardianManager initialized successfully
[07-Mar-2026 07:00:14 Africa/Lagos] === ADD GUARDIAN PAGE START ===
[07-Mar-2026 07:00:14 Africa/Lagos] Script: /home/academixsuite/public_html/tenant/{school-slug}/admin/add-new-guardian.php
[07-Mar-2026 07:00:14 Africa/Lagos] School Slug: bitflux-wallet-1771434696
[07-Mar-2026 07:00:14 Africa/Lagos] School ID: 6
[07-Mar-2026 07:00:14 Africa/Lagos] School Name: bitflux wallet
[07-Mar-2026 07:00:14 Africa/Lagos] Authenticated User ID: 1
[07-Mar-2026 07:00:14 Africa/Lagos] Loading autoload from: /home/academixsuite/public_html/tenant/{school-slug}/admin/../../../includes/autoload.php
[07-Mar-2026 07:00:14 Africa/Lagos] Autoload loaded successfully
[07-Mar-2026 07:00:14 Africa/Lagos] Database class found
[07-Mar-2026 07:00:14 Africa/Lagos] Loading GuardianManager from: /home/academixsuite/public_html/tenant/{school-slug}/admin/../../../includes/GuardianManager.php
[07-Mar-2026 07:00:14 Africa/Lagos] GuardianManager loaded successfully
[07-Mar-2026 07:00:14 Africa/Lagos] Attempting to connect to database: school_6
[07-Mar-2026 07:00:14 Africa/Lagos] School database connection successful
[07-Mar-2026 07:00:14 Africa/Lagos] GuardianManager initialized for school ID: 6
[07-Mar-2026 07:00:14 Africa/Lagos] GuardianManager initialized successfully
[07-Mar-2026 07:00:14 Africa/Lagos] === ADD GUARDIAN PAGE END ===
[07-Mar-2026 07:00:14 Africa/Lagos] ROUTER END: Successfully served /home/academixsuite/public_html/tenant/{school-slug}/admin/add-new-guardian.php
[07-Mar-2026 07:00:39 Africa/Lagos] === ADD GUARDIAN PAGE START ===
[07-Mar-2026 07:00:39 Africa/Lagos] Script: /home/academixsuite/public_html/tenant/{school-slug}/admin/add-new-guardian.php
[07-Mar-2026 07:00:39 Africa/Lagos] School Slug: bitflux-wallet-1771434696
[07-Mar-2026 07:00:39 Africa/Lagos] School ID: 6
[07-Mar-2026 07:00:39 Africa/Lagos] School Name: bitflux wallet
[07-Mar-2026 07:00:39 Africa/Lagos] Authenticated User ID: 1
[07-Mar-2026 07:00:39 Africa/Lagos] Loading autoload from: /home/academixsuite/public_html/tenant/{school-slug}/admin/../../../includes/autoload.php
[07-Mar-2026 07:00:39 Africa/Lagos] Autoload loaded successfully
[07-Mar-2026 07:00:39 Africa/Lagos] Database class found
[07-Mar-2026 07:00:39 Africa/Lagos] Loading GuardianManager from: /home/academixsuite/public_html/tenant/{school-slug}/admin/../../../includes/GuardianManager.php
[07-Mar-2026 07:00:39 Africa/Lagos] GuardianManager loaded successfully
[07-Mar-2026 07:00:39 Africa/Lagos] Attempting to connect to database: school_6
[07-Mar-2026 07:00:39 Africa/Lagos] School database connection successful
[07-Mar-2026 07:00:39 Africa/Lagos] GuardianManager initialized for school ID: 6
[07-Mar-2026 07:00:39 Africa/Lagos] GuardianManager initialized successfully
[07-Mar-2026 07:00:49 Africa/Lagos] === ADD GUARDIAN PAGE START ===
[07-Mar-2026 07:00:49 Africa/Lagos] Script: /home/academixsuite/public_html/tenant/{school-slug}/admin/add-new-guardian.php
[07-Mar-2026 07:00:49 Africa/Lagos] School Slug: bitflux-wallet-1771434696
[07-Mar-2026 07:00:49 Africa/Lagos] School ID: 6
[07-Mar-2026 07:00:49 Africa/Lagos] School Name: bitflux wallet
[07-Mar-2026 07:00:49 Africa/Lagos] Authenticated User ID: 1
[07-Mar-2026 07:00:49 Africa/Lagos] Loading autoload from: /home/academixsuite/public_html/tenant/{school-slug}/admin/../../../includes/autoload.php
[07-Mar-2026 07:00:49 Africa/Lagos] Autoload loaded successfully
[07-Mar-2026 07:00:49 Africa/Lagos] Database class found
[07-Mar-2026 07:00:49 Africa/Lagos] Loading GuardianManager from: /home/academixsuite/public_html/tenant/{school-slug}/admin/../../../includes/GuardianManager.php
[07-Mar-2026 07:00:49 Africa/Lagos] GuardianManager loaded successfully
[07-Mar-2026 07:00:49 Africa/Lagos] Attempting to connect to database: school_6
[07-Mar-2026 07:00:49 Africa/Lagos] School database connection successful
[07-Mar-2026 07:00:49 Africa/Lagos] GuardianManager initialized for school ID: 6
[07-Mar-2026 07:00:49 Africa/Lagos] GuardianManager initialized successfully
[07-Mar-2026 07:00:49 Africa/Lagos] === ADD GUARDIAN PAGE START ===
[07-Mar-2026 07:00:49 Africa/Lagos] Script: /home/academixsuite/public_html/tenant/{school-slug}/admin/add-new-guardian.php
[07-Mar-2026 07:00:49 Africa/Lagos] School Slug: bitflux-wallet-1771434696
[07-Mar-2026 07:00:49 Africa/Lagos] School ID: 6
[07-Mar-2026 07:00:49 Africa/Lagos] School Name: bitflux wallet
[07-Mar-2026 07:00:49 Africa/Lagos] Authenticated User ID: 1
[07-Mar-2026 07:00:49 Africa/Lagos] Loading autoload from: /home/academixsuite/public_html/tenant/{school-slug}/admin/../../../includes/autoload.php
[07-Mar-2026 07:00:49 Africa/Lagos] Autoload loaded successfully
[07-Mar-2026 07:00:49 Africa/Lagos] Database class found
[07-Mar-2026 07:00:49 Africa/Lagos] Loading GuardianManager from: /home/academixsuite/public_html/tenant/{school-slug}/admin/../../../includes/GuardianManager.php
[07-Mar-2026 07:00:49 Africa/Lagos] GuardianManager loaded successfully
[07-Mar-2026 07:00:49 Africa/Lagos] Attempting to connect to database: school_6
[07-Mar-2026 07:00:49 Africa/Lagos] School database connection successful
[07-Mar-2026 07:00:49 Africa/Lagos] GuardianManager initialized for school ID: 6
[07-Mar-2026 07:00:49 Africa/Lagos] GuardianManager initialized successfully
[07-Mar-2026 15:28:23 Africa/Lagos] === ADD GUARDIAN PAGE START ===
[07-Mar-2026 15:28:23 Africa/Lagos] Script: /home/academixsuite/public_html/tenant/{school-slug}/admin/add-new-guardian.php
[07-Mar-2026 15:28:23 Africa/Lagos] School Slug: bitflux-wallet-1771434696
[07-Mar-2026 15:28:23 Africa/Lagos] School ID: 6
[07-Mar-2026 15:28:23 Africa/Lagos] School Name: bitflux wallet
[07-Mar-2026 15:28:23 Africa/Lagos] Authenticated User ID: 1
[07-Mar-2026 15:28:23 Africa/Lagos] Loading autoload from: /home/academixsuite/public_html/tenant/{school-slug}/admin/../../../includes/autoload.php
[07-Mar-2026 15:28:23 Africa/Lagos] Autoload loaded successfully
[07-Mar-2026 15:28:23 Africa/Lagos] Database class found
[07-Mar-2026 15:28:23 Africa/Lagos] Loading GuardianManager from: /home/academixsuite/public_html/tenant/{school-slug}/admin/../../../includes/GuardianManager.php
[07-Mar-2026 15:28:23 Africa/Lagos] GuardianManager loaded successfully
[07-Mar-2026 15:28:23 Africa/Lagos] Attempting to connect to database: school_6
[07-Mar-2026 15:28:23 Africa/Lagos] School database connection successful
[07-Mar-2026 15:28:23 Africa/Lagos] GuardianManager initialized for school ID: 6
[07-Mar-2026 15:28:23 Africa/Lagos] GuardianManager initialized successfully
[07-Mar-2026 15:28:23 Africa/Lagos] === ADD GUARDIAN PAGE END ===
[07-Mar-2026 15:28:23 Africa/Lagos] ROUTER END: Successfully served /home/academixsuite/public_html/tenant/{school-slug}/admin/add-new-guardian.php
[08-Mar-2026 12:34:57 Africa/Lagos] === ADD GUARDIAN PAGE START ===
[08-Mar-2026 12:34:57 Africa/Lagos] Script: /home/academixsuite/public_html/tenant/{school-slug}/admin/add-new-guardian.php
[08-Mar-2026 12:34:57 Africa/Lagos] School Slug: bitflux-wallet-1771434696
[08-Mar-2026 12:34:57 Africa/Lagos] School ID: 6
[08-Mar-2026 12:34:57 Africa/Lagos] School Name: bitflux wallet
[08-Mar-2026 12:34:57 Africa/Lagos] Authenticated User ID: 1
[08-Mar-2026 12:34:57 Africa/Lagos] Loading autoload from: /home/academixsuite/public_html/tenant/{school-slug}/admin/../../../includes/autoload.php
[08-Mar-2026 12:34:57 Africa/Lagos] Autoload loaded successfully
[08-Mar-2026 12:34:57 Africa/Lagos] Database class found
[08-Mar-2026 12:34:57 Africa/Lagos] Loading GuardianManager from: /home/academixsuite/public_html/tenant/{school-slug}/admin/../../../includes/GuardianManager.php
[08-Mar-2026 12:34:57 Africa/Lagos] GuardianManager loaded successfully
[08-Mar-2026 12:34:57 Africa/Lagos] Attempting to connect to database: school_6
[08-Mar-2026 12:34:57 Africa/Lagos] School database connection successful
[08-Mar-2026 12:34:57 Africa/Lagos] GuardianManager initialized for school ID: 6
[08-Mar-2026 12:34:57 Africa/Lagos] GuardianManager initialized successfully
[08-Mar-2026 12:34:57 Africa/Lagos] === ADD GUARDIAN PAGE END ===
[08-Mar-2026 12:34:57 Africa/Lagos] ROUTER END: Successfully served /home/academixsuite/public_html/tenant/{school-slug}/admin/add-new-guardian.php
[08-Mar-2026 12:35:05 Africa/Lagos] === ADD GUARDIAN PAGE START ===
[08-Mar-2026 12:35:05 Africa/Lagos] Script: /home/academixsuite/public_html/tenant/{school-slug}/admin/add-new-guardian.php
[08-Mar-2026 12:35:05 Africa/Lagos] School Slug: bitflux-wallet-1771434696
[08-Mar-2026 12:35:05 Africa/Lagos] School ID: 6
[08-Mar-2026 12:35:05 Africa/Lagos] School Name: bitflux wallet
[08-Mar-2026 12:35:05 Africa/Lagos] Authenticated User ID: 1
[08-Mar-2026 12:35:05 Africa/Lagos] Loading autoload from: /home/academixsuite/public_html/tenant/{school-slug}/admin/../../../includes/autoload.php
[08-Mar-2026 12:35:05 Africa/Lagos] Autoload loaded successfully
[08-Mar-2026 12:35:05 Africa/Lagos] Database class found
[08-Mar-2026 12:35:05 Africa/Lagos] Loading GuardianManager from: /home/academixsuite/public_html/tenant/{school-slug}/admin/../../../includes/GuardianManager.php
[08-Mar-2026 12:35:05 Africa/Lagos] GuardianManager loaded successfully
[08-Mar-2026 12:35:05 Africa/Lagos] Attempting to connect to database: school_6
[08-Mar-2026 12:35:05 Africa/Lagos] School database connection successful
[08-Mar-2026 12:35:05 Africa/Lagos] GuardianManager initialized for school ID: 6
[08-Mar-2026 12:35:05 Africa/Lagos] GuardianManager initialized successfully
[08-Mar-2026 12:35:19 Africa/Lagos] === ADD GUARDIAN PAGE START ===
[08-Mar-2026 12:35:19 Africa/Lagos] Script: /home/academixsuite/public_html/tenant/{school-slug}/admin/add-new-guardian.php
[08-Mar-2026 12:35:19 Africa/Lagos] School Slug: bitflux-wallet-1771434696
[08-Mar-2026 12:35:19 Africa/Lagos] School ID: 6
[08-Mar-2026 12:35:19 Africa/Lagos] School Name: bitflux wallet
[08-Mar-2026 12:35:19 Africa/Lagos] Authenticated User ID: 1
[08-Mar-2026 12:35:19 Africa/Lagos] Loading autoload from: /home/academixsuite/public_html/tenant/{school-slug}/admin/../../../includes/autoload.php
[08-Mar-2026 12:35:19 Africa/Lagos] Autoload loaded successfully
[08-Mar-2026 12:35:19 Africa/Lagos] Database class found
[08-Mar-2026 12:35:19 Africa/Lagos] Loading GuardianManager from: /home/academixsuite/public_html/tenant/{school-slug}/admin/../../../includes/GuardianManager.php
[08-Mar-2026 12:35:19 Africa/Lagos] GuardianManager loaded successfully
[08-Mar-2026 12:35:19 Africa/Lagos] Attempting to connect to database: school_6
[08-Mar-2026 12:35:19 Africa/Lagos] School database connection successful
[08-Mar-2026 12:35:19 Africa/Lagos] GuardianManager initialized for school ID: 6
[08-Mar-2026 12:35:19 Africa/Lagos] GuardianManager initialized successfully
[08-Mar-2026 12:35:23 Africa/Lagos] === ADD GUARDIAN PAGE START ===
[08-Mar-2026 12:35:23 Africa/Lagos] Script: /home/academixsuite/public_html/tenant/{school-slug}/admin/add-new-guardian.php
[08-Mar-2026 12:35:23 Africa/Lagos] School Slug: bitflux-wallet-1771434696
[08-Mar-2026 12:35:23 Africa/Lagos] School ID: 6
[08-Mar-2026 12:35:23 Africa/Lagos] School Name: bitflux wallet
[08-Mar-2026 12:35:23 Africa/Lagos] Authenticated User ID: 1
[08-Mar-2026 12:35:23 Africa/Lagos] Loading autoload from: /home/academixsuite/public_html/tenant/{school-slug}/admin/../../../includes/autoload.php
[08-Mar-2026 12:35:23 Africa/Lagos] Autoload loaded successfully
[08-Mar-2026 12:35:23 Africa/Lagos] Database class found
[08-Mar-2026 12:35:23 Africa/Lagos] Loading GuardianManager from: /home/academixsuite/public_html/tenant/{school-slug}/admin/../../../includes/GuardianManager.php
[08-Mar-2026 12:35:23 Africa/Lagos] GuardianManager loaded successfully
[08-Mar-2026 12:35:23 Africa/Lagos] Attempting to connect to database: school_6
[08-Mar-2026 12:35:23 Africa/Lagos] School database connection successful
[08-Mar-2026 12:35:23 Africa/Lagos] GuardianManager initialized for school ID: 6
[08-Mar-2026 12:35:23 Africa/Lagos] GuardianManager initialized successfully
[08-Mar-2026 12:35:26 Africa/Lagos] === ADD GUARDIAN PAGE START ===
[08-Mar-2026 12:35:26 Africa/Lagos] Script: /home/academixsuite/public_html/tenant/{school-slug}/admin/add-new-guardian.php
[08-Mar-2026 12:35:26 Africa/Lagos] School Slug: bitflux-wallet-1771434696
[08-Mar-2026 12:35:26 Africa/Lagos] School ID: 6
[08-Mar-2026 12:35:26 Africa/Lagos] School Name: bitflux wallet
[08-Mar-2026 12:35:26 Africa/Lagos] Authenticated User ID: 1
[08-Mar-2026 12:35:26 Africa/Lagos] Loading autoload from: /home/academixsuite/public_html/tenant/{school-slug}/admin/../../../includes/autoload.php
[08-Mar-2026 12:35:26 Africa/Lagos] Autoload loaded successfully
[08-Mar-2026 12:35:26 Africa/Lagos] Database class found
[08-Mar-2026 12:35:26 Africa/Lagos] Loading GuardianManager from: /home/academixsuite/public_html/tenant/{school-slug}/admin/../../../includes/GuardianManager.php
[08-Mar-2026 12:35:26 Africa/Lagos] GuardianManager loaded successfully
[08-Mar-2026 12:35:26 Africa/Lagos] Attempting to connect to database: school_6
[08-Mar-2026 12:35:26 Africa/Lagos] School database connection successful
[08-Mar-2026 12:35:26 Africa/Lagos] GuardianManager initialized for school ID: 6
[08-Mar-2026 12:35:26 Africa/Lagos] GuardianManager initialized successfully
[08-Mar-2026 12:35:26 Africa/Lagos] === ADD GUARDIAN PAGE START ===
[08-Mar-2026 12:35:26 Africa/Lagos] Script: /home/academixsuite/public_html/tenant/{school-slug}/admin/add-new-guardian.php
[08-Mar-2026 12:35:26 Africa/Lagos] School Slug: bitflux-wallet-1771434696
[08-Mar-2026 12:35:26 Africa/Lagos] School ID: 6
[08-Mar-2026 12:35:26 Africa/Lagos] School Name: bitflux wallet
[08-Mar-2026 12:35:26 Africa/Lagos] Authenticated User ID: 1
[08-Mar-2026 12:35:26 Africa/Lagos] Loading autoload from: /home/academixsuite/public_html/tenant/{school-slug}/admin/../../../includes/autoload.php
[08-Mar-2026 12:35:26 Africa/Lagos] Autoload loaded successfully
[08-Mar-2026 12:35:26 Africa/Lagos] Database class found
[08-Mar-2026 12:35:26 Africa/Lagos] Loading GuardianManager from: /home/academixsuite/public_html/tenant/{school-slug}/admin/../../../includes/GuardianManager.php
[08-Mar-2026 12:35:26 Africa/Lagos] GuardianManager loaded successfully
[08-Mar-2026 12:35:26 Africa/Lagos] Attempting to connect to database: school_6
[08-Mar-2026 12:35:26 Africa/Lagos] School database connection successful
[08-Mar-2026 12:35:26 Africa/Lagos] GuardianManager initialized for school ID: 6
[08-Mar-2026 12:35:26 Africa/Lagos] GuardianManager initialized successfully
[08-Mar-2026 12:35:27 Africa/Lagos] === ADD GUARDIAN PAGE START ===
[08-Mar-2026 12:35:27 Africa/Lagos] Script: /home/academixsuite/public_html/tenant/{school-slug}/admin/add-new-guardian.php
[08-Mar-2026 12:35:27 Africa/Lagos] School Slug: bitflux-wallet-1771434696
[08-Mar-2026 12:35:27 Africa/Lagos] School ID: 6
[08-Mar-2026 12:35:27 Africa/Lagos] School Name: bitflux wallet
[08-Mar-2026 12:35:27 Africa/Lagos] Authenticated User ID: 1
[08-Mar-2026 12:35:27 Africa/Lagos] Loading autoload from: /home/academixsuite/public_html/tenant/{school-slug}/admin/../../../includes/autoload.php
[08-Mar-2026 12:35:27 Africa/Lagos] Autoload loaded successfully
[08-Mar-2026 12:35:27 Africa/Lagos] Database class found
[08-Mar-2026 12:35:27 Africa/Lagos] Loading GuardianManager from: /home/academixsuite/public_html/tenant/{school-slug}/admin/../../../includes/GuardianManager.php
[08-Mar-2026 12:35:27 Africa/Lagos] GuardianManager loaded successfully
[08-Mar-2026 12:35:27 Africa/Lagos] Attempting to connect to database: school_6
[08-Mar-2026 12:35:27 Africa/Lagos] School database connection successful
[08-Mar-2026 12:35:27 Africa/Lagos] GuardianManager initialized for school ID: 6
[08-Mar-2026 12:35:27 Africa/Lagos] GuardianManager initialized successfully
[08-Mar-2026 12:35:38 Africa/Lagos] === ADD GUARDIAN PAGE START ===
[08-Mar-2026 12:35:38 Africa/Lagos] Script: /home/academixsuite/public_html/tenant/{school-slug}/admin/add-new-guardian.php
[08-Mar-2026 12:35:38 Africa/Lagos] School Slug: bitflux-wallet-1771434696
[08-Mar-2026 12:35:38 Africa/Lagos] School ID: 6
[08-Mar-2026 12:35:38 Africa/Lagos] School Name: bitflux wallet
[08-Mar-2026 12:35:38 Africa/Lagos] Authenticated User ID: 1
[08-Mar-2026 12:35:38 Africa/Lagos] Loading autoload from: /home/academixsuite/public_html/tenant/{school-slug}/admin/../../../includes/autoload.php
[08-Mar-2026 12:35:38 Africa/Lagos] Autoload loaded successfully
[08-Mar-2026 12:35:38 Africa/Lagos] Database class found
[08-Mar-2026 12:35:38 Africa/Lagos] Loading GuardianManager from: /home/academixsuite/public_html/tenant/{school-slug}/admin/../../../includes/GuardianManager.php
[08-Mar-2026 12:35:38 Africa/Lagos] GuardianManager loaded successfully
[08-Mar-2026 12:35:38 Africa/Lagos] Attempting to connect to database: school_6
[08-Mar-2026 12:35:38 Africa/Lagos] School database connection successful
[08-Mar-2026 12:35:38 Africa/Lagos] GuardianManager initialized for school ID: 6
[08-Mar-2026 12:35:38 Africa/Lagos] GuardianManager initialized successfully
[08-Mar-2026 12:35:45 Africa/Lagos] === ADD GUARDIAN PAGE START ===
[08-Mar-2026 12:35:45 Africa/Lagos] Script: /home/academixsuite/public_html/tenant/{school-slug}/admin/add-new-guardian.php
[08-Mar-2026 12:35:45 Africa/Lagos] School Slug: bitflux-wallet-1771434696
[08-Mar-2026 12:35:45 Africa/Lagos] School ID: 6
[08-Mar-2026 12:35:45 Africa/Lagos] School Name: bitflux wallet
[08-Mar-2026 12:35:45 Africa/Lagos] Authenticated User ID: 1
[08-Mar-2026 12:35:45 Africa/Lagos] Loading autoload from: /home/academixsuite/public_html/tenant/{school-slug}/admin/../../../includes/autoload.php
[08-Mar-2026 12:35:45 Africa/Lagos] Autoload loaded successfully
[08-Mar-2026 12:35:45 Africa/Lagos] Database class found
[08-Mar-2026 12:35:45 Africa/Lagos] Loading GuardianManager from: /home/academixsuite/public_html/tenant/{school-slug}/admin/../../../includes/GuardianManager.php
[08-Mar-2026 12:35:45 Africa/Lagos] GuardianManager loaded successfully
[08-Mar-2026 12:35:45 Africa/Lagos] Attempting to connect to database: school_6
[08-Mar-2026 12:35:45 Africa/Lagos] School database connection successful
[08-Mar-2026 12:35:45 Africa/Lagos] GuardianManager initialized for school ID: 6
[08-Mar-2026 12:35:45 Africa/Lagos] GuardianManager initialized successfully
[08-Mar-2026 12:35:45 Africa/Lagos] === ADD GUARDIAN PAGE START ===
[08-Mar-2026 12:35:45 Africa/Lagos] Script: /home/academixsuite/public_html/tenant/{school-slug}/admin/add-new-guardian.php
[08-Mar-2026 12:35:45 Africa/Lagos] School Slug: bitflux-wallet-1771434696
[08-Mar-2026 12:35:45 Africa/Lagos] School ID: 6
[08-Mar-2026 12:35:45 Africa/Lagos] School Name: bitflux wallet
[08-Mar-2026 12:35:45 Africa/Lagos] Authenticated User ID: 1
[08-Mar-2026 12:35:45 Africa/Lagos] Loading autoload from: /home/academixsuite/public_html/tenant/{school-slug}/admin/../../../includes/autoload.php
[08-Mar-2026 12:35:45 Africa/Lagos] Autoload loaded successfully
[08-Mar-2026 12:35:45 Africa/Lagos] Database class found
[08-Mar-2026 12:35:45 Africa/Lagos] Loading GuardianManager from: /home/academixsuite/public_html/tenant/{school-slug}/admin/../../../includes/GuardianManager.php
[08-Mar-2026 12:35:45 Africa/Lagos] GuardianManager loaded successfully
[08-Mar-2026 12:35:45 Africa/Lagos] Attempting to connect to database: school_6
[08-Mar-2026 12:35:45 Africa/Lagos] School database connection successful
[08-Mar-2026 12:35:45 Africa/Lagos] GuardianManager initialized for school ID: 6
[08-Mar-2026 12:35:45 Africa/Lagos] GuardianManager initialized successfully
[08-Mar-2026 12:35:51 Africa/Lagos] === ADD GUARDIAN PAGE START ===
[08-Mar-2026 12:35:51 Africa/Lagos] Script: /home/academixsuite/public_html/tenant/{school-slug}/admin/add-new-guardian.php
[08-Mar-2026 12:35:51 Africa/Lagos] School Slug: bitflux-wallet-1771434696
[08-Mar-2026 12:35:51 Africa/Lagos] School ID: 6
[08-Mar-2026 12:35:51 Africa/Lagos] School Name: bitflux wallet
[08-Mar-2026 12:35:51 Africa/Lagos] Authenticated User ID: 1
[08-Mar-2026 12:35:51 Africa/Lagos] Loading autoload from: /home/academixsuite/public_html/tenant/{school-slug}/admin/../../../includes/autoload.php
[08-Mar-2026 12:35:51 Africa/Lagos] Autoload loaded successfully
[08-Mar-2026 12:35:51 Africa/Lagos] Database class found
[08-Mar-2026 12:35:51 Africa/Lagos] Loading GuardianManager from: /home/academixsuite/public_html/tenant/{school-slug}/admin/../../../includes/GuardianManager.php
[08-Mar-2026 12:35:51 Africa/Lagos] GuardianManager loaded successfully
[08-Mar-2026 12:35:51 Africa/Lagos] Attempting to connect to database: school_6
[08-Mar-2026 12:35:51 Africa/Lagos] School database connection successful
[08-Mar-2026 12:35:51 Africa/Lagos] GuardianManager initialized for school ID: 6
[08-Mar-2026 12:35:51 Africa/Lagos] GuardianManager initialized successfully
[08-Mar-2026 12:35:52 Africa/Lagos] === ADD GUARDIAN PAGE START ===
[08-Mar-2026 12:35:52 Africa/Lagos] Script: /home/academixsuite/public_html/tenant/{school-slug}/admin/add-new-guardian.php
[08-Mar-2026 12:35:52 Africa/Lagos] School Slug: bitflux-wallet-1771434696
[08-Mar-2026 12:35:52 Africa/Lagos] School ID: 6
[08-Mar-2026 12:35:52 Africa/Lagos] School Name: bitflux wallet
[08-Mar-2026 12:35:52 Africa/Lagos] Authenticated User ID: 1
[08-Mar-2026 12:35:52 Africa/Lagos] Loading autoload from: /home/academixsuite/public_html/tenant/{school-slug}/admin/../../../includes/autoload.php
[08-Mar-2026 12:35:52 Africa/Lagos] Autoload loaded successfully
[08-Mar-2026 12:35:52 Africa/Lagos] Database class found
[08-Mar-2026 12:35:52 Africa/Lagos] Loading GuardianManager from: /home/academixsuite/public_html/tenant/{school-slug}/admin/../../../includes/GuardianManager.php
[08-Mar-2026 12:35:52 Africa/Lagos] GuardianManager loaded successfully
[08-Mar-2026 12:35:52 Africa/Lagos] Attempting to connect to database: school_6
[08-Mar-2026 12:35:52 Africa/Lagos] School database connection successful
[08-Mar-2026 12:35:52 Africa/Lagos] GuardianManager initialized for school ID: 6
[08-Mar-2026 12:35:52 Africa/Lagos] GuardianManager initialized successfully
[08-Mar-2026 12:35:56 Africa/Lagos] === ADD GUARDIAN PAGE START ===
[08-Mar-2026 12:35:56 Africa/Lagos] Script: /home/academixsuite/public_html/tenant/{school-slug}/admin/add-new-guardian.php
[08-Mar-2026 12:35:56 Africa/Lagos] School Slug: bitflux-wallet-1771434696
[08-Mar-2026 12:35:56 Africa/Lagos] School ID: 6
[08-Mar-2026 12:35:56 Africa/Lagos] School Name: bitflux wallet
[08-Mar-2026 12:35:56 Africa/Lagos] Authenticated User ID: 1
[08-Mar-2026 12:35:56 Africa/Lagos] Loading autoload from: /home/academixsuite/public_html/tenant/{school-slug}/admin/../../../includes/autoload.php
[08-Mar-2026 12:35:56 Africa/Lagos] Autoload loaded successfully
[08-Mar-2026 12:35:56 Africa/Lagos] Database class found
[08-Mar-2026 12:35:56 Africa/Lagos] Loading GuardianManager from: /home/academixsuite/public_html/tenant/{school-slug}/admin/../../../includes/GuardianManager.php
[08-Mar-2026 12:35:56 Africa/Lagos] GuardianManager loaded successfully
[08-Mar-2026 12:35:56 Africa/Lagos] Attempting to connect to database: school_6
[08-Mar-2026 12:35:56 Africa/Lagos] School database connection successful
[08-Mar-2026 12:35:56 Africa/Lagos] GuardianManager initialized for school ID: 6
[08-Mar-2026 12:35:56 Africa/Lagos] GuardianManager initialized successfully
[09-Mar-2026 12:17:26 Africa/Lagos] === ADD GUARDIAN PAGE START ===
[09-Mar-2026 12:17:26 Africa/Lagos] Script: /home/academixsuite/public_html/tenant/{school-slug}/admin/add-new-guardian.php
[09-Mar-2026 12:17:26 Africa/Lagos] School Slug: bitflux-wallet-1771434696
[09-Mar-2026 12:17:26 Africa/Lagos] School ID: 6
[09-Mar-2026 12:17:26 Africa/Lagos] School Name: bitflux wallet
[09-Mar-2026 12:17:26 Africa/Lagos] Authenticated User ID: 1
[09-Mar-2026 12:17:26 Africa/Lagos] Loading autoload from: /home/academixsuite/public_html/tenant/{school-slug}/admin/../../../includes/autoload.php
[09-Mar-2026 12:17:26 Africa/Lagos] Autoload loaded successfully
[09-Mar-2026 12:17:26 Africa/Lagos] Database class found
[09-Mar-2026 12:17:26 Africa/Lagos] Loading GuardianManager from: /home/academixsuite/public_html/tenant/{school-slug}/admin/../../../includes/GuardianManager.php
[09-Mar-2026 12:17:26 Africa/Lagos] GuardianManager loaded successfully
[09-Mar-2026 12:17:26 Africa/Lagos] Attempting to connect to database: school_6
[09-Mar-2026 12:17:26 Africa/Lagos] School database connection successful
[09-Mar-2026 12:17:26 Africa/Lagos] GuardianManager initialized for school ID: 6
[09-Mar-2026 12:17:26 Africa/Lagos] GuardianManager initialized successfully
[09-Mar-2026 12:17:26 Africa/Lagos] === ADD GUARDIAN PAGE END ===
[09-Mar-2026 12:17:26 Africa/Lagos] ROUTER END: Successfully served /home/academixsuite/public_html/tenant/{school-slug}/admin/add-new-guardian.php
[09-Mar-2026 12:18:43 Africa/Lagos] === ADD GUARDIAN PAGE START ===
[09-Mar-2026 12:18:43 Africa/Lagos] Script: /home/academixsuite/public_html/tenant/{school-slug}/admin/add-new-guardian.php
[09-Mar-2026 12:18:43 Africa/Lagos] School Slug: bitflux-wallet-1771434696
[09-Mar-2026 12:18:43 Africa/Lagos] School ID: 6
[09-Mar-2026 12:18:43 Africa/Lagos] School Name: bitflux wallet
[09-Mar-2026 12:18:43 Africa/Lagos] Authenticated User ID: 1
[09-Mar-2026 12:18:43 Africa/Lagos] Loading autoload from: /home/academixsuite/public_html/tenant/{school-slug}/admin/../../../includes/autoload.php
[09-Mar-2026 12:18:43 Africa/Lagos] Autoload loaded successfully
[09-Mar-2026 12:18:43 Africa/Lagos] Database class found
[09-Mar-2026 12:18:43 Africa/Lagos] Loading GuardianManager from: /home/academixsuite/public_html/tenant/{school-slug}/admin/../../../includes/GuardianManager.php
[09-Mar-2026 12:18:43 Africa/Lagos] GuardianManager loaded successfully
[09-Mar-2026 12:18:43 Africa/Lagos] Attempting to connect to database: school_6
[09-Mar-2026 12:18:43 Africa/Lagos] School database connection successful
[09-Mar-2026 12:18:43 Africa/Lagos] GuardianManager initialized for school ID: 6
[09-Mar-2026 12:18:43 Africa/Lagos] GuardianManager initialized successfully
[09-Mar-2026 12:18:43 Africa/Lagos] === ADD GUARDIAN PAGE END ===
[09-Mar-2026 12:18:43 Africa/Lagos] ROUTER END: Successfully served /home/academixsuite/public_html/tenant/{school-slug}/admin/add-new-guardian.php
[09-Mar-2026 12:18:49 Africa/Lagos] === ADD GUARDIAN PAGE START ===
[09-Mar-2026 12:18:49 Africa/Lagos] Script: /home/academixsuite/public_html/tenant/{school-slug}/admin/add-new-guardian.php
[09-Mar-2026 12:18:49 Africa/Lagos] School Slug: bitflux-wallet-1771434696
[09-Mar-2026 12:18:49 Africa/Lagos] School ID: 6
[09-Mar-2026 12:18:49 Africa/Lagos] School Name: bitflux wallet
[09-Mar-2026 12:18:49 Africa/Lagos] Authenticated User ID: 1
[09-Mar-2026 12:18:49 Africa/Lagos] Loading autoload from: /home/academixsuite/public_html/tenant/{school-slug}/admin/../../../includes/autoload.php
[09-Mar-2026 12:18:49 Africa/Lagos] Autoload loaded successfully
[09-Mar-2026 12:18:49 Africa/Lagos] Database class found
[09-Mar-2026 12:18:49 Africa/Lagos] Loading GuardianManager from: /home/academixsuite/public_html/tenant/{school-slug}/admin/../../../includes/GuardianManager.php
[09-Mar-2026 12:18:49 Africa/Lagos] GuardianManager loaded successfully
[09-Mar-2026 12:18:49 Africa/Lagos] Attempting to connect to database: school_6
[09-Mar-2026 12:18:49 Africa/Lagos] School database connection successful
[09-Mar-2026 12:18:49 Africa/Lagos] GuardianManager initialized for school ID: 6
[09-Mar-2026 12:18:49 Africa/Lagos] GuardianManager initialized successfully
[09-Mar-2026 12:18:49 Africa/Lagos] === ADD GUARDIAN PAGE END ===
[09-Mar-2026 12:18:49 Africa/Lagos] ROUTER END: Successfully served /home/academixsuite/public_html/tenant/{school-slug}/admin/add-new-guardian.php
[10-Mar-2026 12:47:43 Africa/Lagos] === ADD GUARDIAN PAGE START ===
[10-Mar-2026 12:47:43 Africa/Lagos] Script: /home/academixsuite/public_html/tenant/{school-slug}/admin/add-new-guardian.php
[10-Mar-2026 12:47:43 Africa/Lagos] School Slug: bitflux-wallet-1771434696
[10-Mar-2026 12:47:43 Africa/Lagos] School ID: 6
[10-Mar-2026 12:47:43 Africa/Lagos] School Name: bitflux wallet
[10-Mar-2026 12:47:43 Africa/Lagos] Authenticated User ID: 1
[10-Mar-2026 12:47:43 Africa/Lagos] Loading autoload from: /home/academixsuite/public_html/tenant/{school-slug}/admin/../../../includes/autoload.php
[10-Mar-2026 12:47:43 Africa/Lagos] Autoload loaded successfully
[10-Mar-2026 12:47:43 Africa/Lagos] Database class found
[10-Mar-2026 12:47:43 Africa/Lagos] Loading GuardianManager from: /home/academixsuite/public_html/tenant/{school-slug}/admin/../../../includes/GuardianManager.php
[10-Mar-2026 12:47:43 Africa/Lagos] GuardianManager loaded successfully
[10-Mar-2026 12:47:43 Africa/Lagos] Attempting to connect to database: school_6
[10-Mar-2026 12:47:43 Africa/Lagos] School database connection successful
[10-Mar-2026 12:47:43 Africa/Lagos] GuardianManager initialized for school ID: 6
[10-Mar-2026 12:47:43 Africa/Lagos] GuardianManager initialized successfully
[10-Mar-2026 12:47:43 Africa/Lagos] === ADD GUARDIAN PAGE END ===
[10-Mar-2026 12:47:43 Africa/Lagos] ROUTER END: Successfully served /home/academixsuite/public_html/tenant/{school-slug}/admin/add-new-guardian.php
[10-Mar-2026 12:48:14 Africa/Lagos] === ADD GUARDIAN PAGE START ===
[10-Mar-2026 12:48:14 Africa/Lagos] Script: /home/academixsuite/public_html/tenant/{school-slug}/admin/add-new-guardian.php
[10-Mar-2026 12:48:14 Africa/Lagos] School Slug: bitflux-wallet-1771434696
[10-Mar-2026 12:48:14 Africa/Lagos] School ID: 6
[10-Mar-2026 12:48:14 Africa/Lagos] School Name: bitflux wallet
[10-Mar-2026 12:48:14 Africa/Lagos] Authenticated User ID: 1
[10-Mar-2026 12:48:14 Africa/Lagos] Loading autoload from: /home/academixsuite/public_html/tenant/{school-slug}/admin/../../../includes/autoload.php
[10-Mar-2026 12:48:14 Africa/Lagos] Autoload loaded successfully
[10-Mar-2026 12:48:14 Africa/Lagos] Database class found
[10-Mar-2026 12:48:14 Africa/Lagos] Loading GuardianManager from: /home/academixsuite/public_html/tenant/{school-slug}/admin/../../../includes/GuardianManager.php
[10-Mar-2026 12:48:14 Africa/Lagos] GuardianManager loaded successfully
[10-Mar-2026 12:48:14 Africa/Lagos] Attempting to connect to database: school_6
[10-Mar-2026 12:48:14 Africa/Lagos] School database connection successful
[10-Mar-2026 12:48:14 Africa/Lagos] GuardianManager initialized for school ID: 6
[10-Mar-2026 12:48:14 Africa/Lagos] GuardianManager initialized successfully
[12-Mar-2026 10:14:45 Africa/Lagos] === ADD GUARDIAN PAGE START ===
[12-Mar-2026 10:14:45 Africa/Lagos] Script: /home/academixsuite/public_html/tenant/{school-slug}/admin/add-new-guardian.php
[12-Mar-2026 10:14:45 Africa/Lagos] School Slug: bitflux-wallet-1771434696
[12-Mar-2026 10:14:45 Africa/Lagos] School ID: 6
[12-Mar-2026 10:14:45 Africa/Lagos] School Name: bitflux wallet
[12-Mar-2026 10:14:45 Africa/Lagos] Authenticated User ID: 1
[12-Mar-2026 10:14:45 Africa/Lagos] Loading autoload from: /home/academixsuite/public_html/tenant/{school-slug}/admin/../../../includes/autoload.php
[12-Mar-2026 10:14:45 Africa/Lagos] Autoload loaded successfully
[12-Mar-2026 10:14:45 Africa/Lagos] Database class found
[12-Mar-2026 10:14:45 Africa/Lagos] Loading GuardianManager from: /home/academixsuite/public_html/tenant/{school-slug}/admin/../../../includes/GuardianManager.php
[12-Mar-2026 10:14:45 Africa/Lagos] GuardianManager loaded successfully
[12-Mar-2026 10:14:45 Africa/Lagos] Attempting to connect to database: school_6
[12-Mar-2026 10:14:45 Africa/Lagos] School database connection successful
[12-Mar-2026 10:14:45 Africa/Lagos] GuardianManager initialized for school ID: 6
[12-Mar-2026 10:14:45 Africa/Lagos] GuardianManager initialized successfully
[12-Mar-2026 10:14:45 Africa/Lagos] === ADD GUARDIAN PAGE END ===
[12-Mar-2026 10:14:45 Africa/Lagos] ROUTER END: Successfully served /home/academixsuite/public_html/tenant/{school-slug}/admin/add-new-guardian.php
[12-Mar-2026 10:19:07 Africa/Lagos] === ADD GUARDIAN PAGE START ===
[12-Mar-2026 10:19:07 Africa/Lagos] Script: /home/academixsuite/public_html/tenant/{school-slug}/admin/add-new-guardian.php
[12-Mar-2026 10:19:07 Africa/Lagos] School Slug: bitflux-wallet-1771434696
[12-Mar-2026 10:19:07 Africa/Lagos] School ID: 6
[12-Mar-2026 10:19:07 Africa/Lagos] School Name: bitflux wallet
[12-Mar-2026 10:19:07 Africa/Lagos] Authenticated User ID: 1
[12-Mar-2026 10:19:07 Africa/Lagos] Loading autoload from: /home/academixsuite/public_html/tenant/{school-slug}/admin/../../../includes/autoload.php
[12-Mar-2026 10:19:07 Africa/Lagos] Autoload loaded successfully
[12-Mar-2026 10:19:07 Africa/Lagos] Database class found
[12-Mar-2026 10:19:07 Africa/Lagos] Loading GuardianManager from: /home/academixsuite/public_html/tenant/{school-slug}/admin/../../../includes/GuardianManager.php
[12-Mar-2026 10:19:07 Africa/Lagos] GuardianManager loaded successfully
[12-Mar-2026 10:19:07 Africa/Lagos] Attempting to connect to database: school_6
[12-Mar-2026 10:19:07 Africa/Lagos] School database connection successful
[12-Mar-2026 10:19:07 Africa/Lagos] GuardianManager initialized for school ID: 6
[12-Mar-2026 10:19:07 Africa/Lagos] GuardianManager initialized successfully
[12-Mar-2026 10:19:07 Africa/Lagos] === PROCESSING FORM SUBMISSION ===
[12-Mar-2026 10:19:07 Africa/Lagos] === ADD GUARDIAN START ===
[12-Mar-2026 10:19:07 Africa/Lagos] Validation passed
[12-Mar-2026 10:19:07 Africa/Lagos] Transaction started
[12-Mar-2026 10:19:07 Africa/Lagos] Created new user with ID: 52
[12-Mar-2026 10:19:07 Africa/Lagos] Transaction committed successfully
[12-Mar-2026 10:19:07 Africa/Lagos] Sending login email for user ID: 52
[12-Mar-2026 10:19:07 Africa/Lagos] Email sent: Yes
[12-Mar-2026 10:20:05 Africa/Lagos] === ADD GUARDIAN PAGE START ===
[12-Mar-2026 10:20:05 Africa/Lagos] Script: /home/academixsuite/public_html/tenant/{school-slug}/admin/add-new-guardian.php
[12-Mar-2026 10:20:05 Africa/Lagos] School Slug: bitflux-wallet-1771434696
[12-Mar-2026 10:20:05 Africa/Lagos] School ID: 6
[12-Mar-2026 10:20:05 Africa/Lagos] School Name: bitflux wallet
[12-Mar-2026 10:20:05 Africa/Lagos] Authenticated User ID: 1
[12-Mar-2026 10:20:05 Africa/Lagos] Loading autoload from: /home/academixsuite/public_html/tenant/{school-slug}/admin/../../../includes/autoload.php
[12-Mar-2026 10:20:05 Africa/Lagos] Autoload loaded successfully
[12-Mar-2026 10:20:05 Africa/Lagos] Database class found
[12-Mar-2026 10:20:05 Africa/Lagos] Loading GuardianManager from: /home/academixsuite/public_html/tenant/{school-slug}/admin/../../../includes/GuardianManager.php
[12-Mar-2026 10:20:05 Africa/Lagos] GuardianManager loaded successfully
[12-Mar-2026 10:20:05 Africa/Lagos] Attempting to connect to database: school_6
[12-Mar-2026 10:20:05 Africa/Lagos] School database connection successful
[12-Mar-2026 10:20:05 Africa/Lagos] GuardianManager initialized for school ID: 6
[12-Mar-2026 10:20:05 Africa/Lagos] GuardianManager initialized successfully
[12-Mar-2026 10:20:05 Africa/Lagos] === ADD GUARDIAN PAGE END ===
[12-Mar-2026 10:20:05 Africa/Lagos] ROUTER END: Successfully served /home/academixsuite/public_html/tenant/{school-slug}/admin/add-new-guardian.php
[12-Mar-2026 10:23:53 Africa/Lagos] === ADD GUARDIAN PAGE START ===
[12-Mar-2026 10:23:53 Africa/Lagos] Script: /home/academixsuite/public_html/tenant/{school-slug}/admin/add-new-guardian.php
[12-Mar-2026 10:23:53 Africa/Lagos] School Slug: bitflux-wallet-1771434696
[12-Mar-2026 10:23:53 Africa/Lagos] School ID: 6
[12-Mar-2026 10:23:53 Africa/Lagos] School Name: bitflux wallet
[12-Mar-2026 10:23:53 Africa/Lagos] Authenticated User ID: 1
[12-Mar-2026 10:23:53 Africa/Lagos] Loading autoload from: /home/academixsuite/public_html/tenant/{school-slug}/admin/../../../includes/autoload.php
[12-Mar-2026 10:23:53 Africa/Lagos] Autoload loaded successfully
[12-Mar-2026 10:23:53 Africa/Lagos] Database class found
[12-Mar-2026 10:23:53 Africa/Lagos] Loading GuardianManager from: /home/academixsuite/public_html/tenant/{school-slug}/admin/../../../includes/GuardianManager.php
[12-Mar-2026 10:23:53 Africa/Lagos] GuardianManager loaded successfully
[12-Mar-2026 10:23:53 Africa/Lagos] Attempting to connect to database: school_6
[12-Mar-2026 10:23:53 Africa/Lagos] School database connection successful
[12-Mar-2026 10:23:53 Africa/Lagos] GuardianManager initialized for school ID: 6
[12-Mar-2026 10:23:53 Africa/Lagos] GuardianManager initialized successfully
[12-Mar-2026 10:23:53 Africa/Lagos] === PROCESSING FORM SUBMISSION ===
[12-Mar-2026 10:23:53 Africa/Lagos] === ADD GUARDIAN START ===
[12-Mar-2026 10:23:53 Africa/Lagos] Validation passed
[12-Mar-2026 10:23:53 Africa/Lagos] Transaction started
[12-Mar-2026 10:23:53 Africa/Lagos] Created new user with ID: 53
[12-Mar-2026 10:23:53 Africa/Lagos] Transaction committed successfully
[12-Mar-2026 10:23:53 Africa/Lagos] Sending login email for user ID: 53
[12-Mar-2026 10:23:53 Africa/Lagos] Email sent: Yes
[12-Mar-2026 10:24:16 Africa/Lagos] === ADD GUARDIAN PAGE START ===
[12-Mar-2026 10:24:16 Africa/Lagos] Script: /home/academixsuite/public_html/tenant/{school-slug}/admin/add-new-guardian.php
[12-Mar-2026 10:24:16 Africa/Lagos] School Slug: bitflux-wallet-1771434696
[12-Mar-2026 10:24:16 Africa/Lagos] School ID: 6
[12-Mar-2026 10:24:16 Africa/Lagos] School Name: bitflux wallet
[12-Mar-2026 10:24:16 Africa/Lagos] Authenticated User ID: 1
[12-Mar-2026 10:24:16 Africa/Lagos] Loading autoload from: /home/academixsuite/public_html/tenant/{school-slug}/admin/../../../includes/autoload.php
[12-Mar-2026 10:24:16 Africa/Lagos] Autoload loaded successfully
[12-Mar-2026 10:24:16 Africa/Lagos] Database class found
[12-Mar-2026 10:24:16 Africa/Lagos] Loading GuardianManager from: /home/academixsuite/public_html/tenant/{school-slug}/admin/../../../includes/GuardianManager.php
[12-Mar-2026 10:24:16 Africa/Lagos] GuardianManager loaded successfully
[12-Mar-2026 10:24:16 Africa/Lagos] Attempting to connect to database: school_6
[12-Mar-2026 10:24:16 Africa/Lagos] School database connection successful
[12-Mar-2026 10:24:16 Africa/Lagos] GuardianManager initialized for school ID: 6
[12-Mar-2026 10:24:16 Africa/Lagos] GuardianManager initialized successfully
[12-Mar-2026 10:24:16 Africa/Lagos] === ADD GUARDIAN PAGE END ===
[12-Mar-2026 10:24:16 Africa/Lagos] ROUTER END: Successfully served /home/academixsuite/public_html/tenant/{school-slug}/admin/add-new-guardian.php
[12-Mar-2026 10:27:54 Africa/Lagos] === ADD GUARDIAN PAGE START ===
[12-Mar-2026 10:27:54 Africa/Lagos] Script: /home/academixsuite/public_html/tenant/{school-slug}/admin/add-new-guardian.php
[12-Mar-2026 10:27:54 Africa/Lagos] School Slug: bitflux-wallet-1771434696
[12-Mar-2026 10:27:54 Africa/Lagos] School ID: 6
[12-Mar-2026 10:27:54 Africa/Lagos] School Name: bitflux wallet
[12-Mar-2026 10:27:54 Africa/Lagos] Authenticated User ID: 1
[12-Mar-2026 10:27:54 Africa/Lagos] Loading autoload from: /home/academixsuite/public_html/tenant/{school-slug}/admin/../../../includes/autoload.php
[12-Mar-2026 10:27:54 Africa/Lagos] Autoload loaded successfully
[12-Mar-2026 10:27:54 Africa/Lagos] Database class found
[12-Mar-2026 10:27:54 Africa/Lagos] Loading GuardianManager from: /home/academixsuite/public_html/tenant/{school-slug}/admin/../../../includes/GuardianManager.php
[12-Mar-2026 10:27:54 Africa/Lagos] GuardianManager loaded successfully
[12-Mar-2026 10:27:54 Africa/Lagos] Attempting to connect to database: school_6
[12-Mar-2026 10:27:54 Africa/Lagos] School database connection successful
[12-Mar-2026 10:27:54 Africa/Lagos] GuardianManager initialized for school ID: 6
[12-Mar-2026 10:27:54 Africa/Lagos] GuardianManager initialized successfully
[12-Mar-2026 10:27:54 Africa/Lagos] === PROCESSING FORM SUBMISSION ===
[12-Mar-2026 10:27:54 Africa/Lagos] === ADD GUARDIAN START ===
[12-Mar-2026 10:27:54 Africa/Lagos] Validation passed
[12-Mar-2026 10:27:54 Africa/Lagos] Transaction started
[12-Mar-2026 10:27:54 Africa/Lagos] Created new user with ID: 54
[12-Mar-2026 10:27:54 Africa/Lagos] Transaction committed successfully
[12-Mar-2026 10:27:54 Africa/Lagos] Sending login email for user ID: 54
[12-Mar-2026 10:27:54 Africa/Lagos] Email sent: Yes
[12-Mar-2026 10:28:10 Africa/Lagos] === ADD GUARDIAN PAGE START ===
[12-Mar-2026 10:28:10 Africa/Lagos] Script: /home/academixsuite/public_html/tenant/{school-slug}/admin/add-new-guardian.php
[12-Mar-2026 10:28:10 Africa/Lagos] School Slug: bitflux-wallet-1771434696
[12-Mar-2026 10:28:10 Africa/Lagos] School ID: 6
[12-Mar-2026 10:28:10 Africa/Lagos] School Name: bitflux wallet
[12-Mar-2026 10:28:10 Africa/Lagos] Authenticated User ID: 1
[12-Mar-2026 10:28:10 Africa/Lagos] Loading autoload from: /home/academixsuite/public_html/tenant/{school-slug}/admin/../../../includes/autoload.php
[12-Mar-2026 10:28:10 Africa/Lagos] Autoload loaded successfully
[12-Mar-2026 10:28:10 Africa/Lagos] Database class found
[12-Mar-2026 10:28:10 Africa/Lagos] Loading GuardianManager from: /home/academixsuite/public_html/tenant/{school-slug}/admin/../../../includes/GuardianManager.php
[12-Mar-2026 10:28:10 Africa/Lagos] GuardianManager loaded successfully
[12-Mar-2026 10:28:10 Africa/Lagos] Attempting to connect to database: school_6
[12-Mar-2026 10:28:10 Africa/Lagos] School database connection successful
[12-Mar-2026 10:28:10 Africa/Lagos] GuardianManager initialized for school ID: 6
[12-Mar-2026 10:28:10 Africa/Lagos] GuardianManager initialized successfully
[12-Mar-2026 10:28:10 Africa/Lagos] === ADD GUARDIAN PAGE END ===
[12-Mar-2026 10:28:10 Africa/Lagos] ROUTER END: Successfully served /home/academixsuite/public_html/tenant/{school-slug}/admin/add-new-guardian.php
[12-Mar-2026 10:31:23 Africa/Lagos] === ADD GUARDIAN PAGE START ===
[12-Mar-2026 10:31:23 Africa/Lagos] Script: /home/academixsuite/public_html/tenant/{school-slug}/admin/add-new-guardian.php
[12-Mar-2026 10:31:23 Africa/Lagos] School Slug: bitflux-wallet-1771434696
[12-Mar-2026 10:31:23 Africa/Lagos] School ID: 6
[12-Mar-2026 10:31:23 Africa/Lagos] School Name: bitflux wallet
[12-Mar-2026 10:31:23 Africa/Lagos] Authenticated User ID: 1
[12-Mar-2026 10:31:23 Africa/Lagos] Loading autoload from: /home/academixsuite/public_html/tenant/{school-slug}/admin/../../../includes/autoload.php
[12-Mar-2026 10:31:23 Africa/Lagos] Autoload loaded successfully
[12-Mar-2026 10:31:23 Africa/Lagos] Database class found
[12-Mar-2026 10:31:23 Africa/Lagos] Loading GuardianManager from: /home/academixsuite/public_html/tenant/{school-slug}/admin/../../../includes/GuardianManager.php
[12-Mar-2026 10:31:23 Africa/Lagos] GuardianManager loaded successfully
[12-Mar-2026 10:31:23 Africa/Lagos] Attempting to connect to database: school_6
[12-Mar-2026 10:31:23 Africa/Lagos] School database connection successful
[12-Mar-2026 10:31:23 Africa/Lagos] GuardianManager initialized for school ID: 6
[12-Mar-2026 10:31:23 Africa/Lagos] GuardianManager initialized successfully
[12-Mar-2026 10:31:23 Africa/Lagos] === PROCESSING FORM SUBMISSION ===
[12-Mar-2026 10:31:23 Africa/Lagos] === ADD GUARDIAN START ===
[12-Mar-2026 10:31:23 Africa/Lagos] Validation passed
[12-Mar-2026 10:31:23 Africa/Lagos] Transaction started
[12-Mar-2026 10:31:23 Africa/Lagos] Created new user with ID: 55
[12-Mar-2026 10:31:23 Africa/Lagos] Transaction committed successfully
[12-Mar-2026 10:31:23 Africa/Lagos] Sending login email for user ID: 55
[12-Mar-2026 10:31:23 Africa/Lagos] Email sent: Yes
[12-Mar-2026 10:31:47 Africa/Lagos] === ADD GUARDIAN PAGE START ===
[12-Mar-2026 10:31:47 Africa/Lagos] Script: /home/academixsuite/public_html/tenant/{school-slug}/admin/add-new-guardian.php
[12-Mar-2026 10:31:47 Africa/Lagos] School Slug: bitflux-wallet-1771434696
[12-Mar-2026 10:31:47 Africa/Lagos] School ID: 6
[12-Mar-2026 10:31:47 Africa/Lagos] School Name: bitflux wallet
[12-Mar-2026 10:31:47 Africa/Lagos] Authenticated User ID: 1
[12-Mar-2026 10:31:47 Africa/Lagos] Loading autoload from: /home/academixsuite/public_html/tenant/{school-slug}/admin/../../../includes/autoload.php
[12-Mar-2026 10:31:47 Africa/Lagos] Autoload loaded successfully
[12-Mar-2026 10:31:47 Africa/Lagos] Database class found
[12-Mar-2026 10:31:47 Africa/Lagos] Loading GuardianManager from: /home/academixsuite/public_html/tenant/{school-slug}/admin/../../../includes/GuardianManager.php
[12-Mar-2026 10:31:47 Africa/Lagos] GuardianManager loaded successfully
[12-Mar-2026 10:31:47 Africa/Lagos] Attempting to connect to database: school_6
[12-Mar-2026 10:31:47 Africa/Lagos] School database connection successful
[12-Mar-2026 10:31:47 Africa/Lagos] GuardianManager initialized for school ID: 6
[12-Mar-2026 10:31:47 Africa/Lagos] GuardianManager initialized successfully
[12-Mar-2026 10:31:47 Africa/Lagos] === ADD GUARDIAN PAGE END ===
[12-Mar-2026 10:31:47 Africa/Lagos] ROUTER END: Successfully served /home/academixsuite/public_html/tenant/{school-slug}/admin/add-new-guardian.php
[12-Mar-2026 10:36:58 Africa/Lagos] === ADD GUARDIAN PAGE START ===
[12-Mar-2026 10:36:58 Africa/Lagos] Script: /home/academixsuite/public_html/tenant/{school-slug}/admin/add-new-guardian.php
[12-Mar-2026 10:36:58 Africa/Lagos] School Slug: bitflux-wallet-1771434696
[12-Mar-2026 10:36:58 Africa/Lagos] School ID: 6
[12-Mar-2026 10:36:58 Africa/Lagos] School Name: bitflux wallet
[12-Mar-2026 10:36:58 Africa/Lagos] Authenticated User ID: 1
[12-Mar-2026 10:36:58 Africa/Lagos] Loading autoload from: /home/academixsuite/public_html/tenant/{school-slug}/admin/../../../includes/autoload.php
[12-Mar-2026 10:36:58 Africa/Lagos] Autoload loaded successfully
[12-Mar-2026 10:36:58 Africa/Lagos] Database class found
[12-Mar-2026 10:36:58 Africa/Lagos] Loading GuardianManager from: /home/academixsuite/public_html/tenant/{school-slug}/admin/../../../includes/GuardianManager.php
[12-Mar-2026 10:36:58 Africa/Lagos] GuardianManager loaded successfully
[12-Mar-2026 10:36:58 Africa/Lagos] Attempting to connect to database: school_6
[12-Mar-2026 10:36:58 Africa/Lagos] School database connection successful
[12-Mar-2026 10:36:58 Africa/Lagos] GuardianManager initialized for school ID: 6
[12-Mar-2026 10:36:58 Africa/Lagos] GuardianManager initialized successfully
[12-Mar-2026 10:36:58 Africa/Lagos] === PROCESSING FORM SUBMISSION ===
[12-Mar-2026 10:36:58 Africa/Lagos] === ADD GUARDIAN START ===
[12-Mar-2026 10:36:58 Africa/Lagos] Validation passed
[12-Mar-2026 10:36:58 Africa/Lagos] Transaction started
[12-Mar-2026 10:36:58 Africa/Lagos] Created new user with ID: 56
[12-Mar-2026 10:36:58 Africa/Lagos] Transaction committed successfully
[12-Mar-2026 10:36:58 Africa/Lagos] Sending login email for user ID: 56
[12-Mar-2026 10:36:58 Africa/Lagos] Email sent: Yes
[12-Mar-2026 10:37:15 Africa/Lagos] === ADD GUARDIAN PAGE START ===
[12-Mar-2026 10:37:15 Africa/Lagos] Script: /home/academixsuite/public_html/tenant/{school-slug}/admin/add-new-guardian.php
[12-Mar-2026 10:37:15 Africa/Lagos] School Slug: bitflux-wallet-1771434696
[12-Mar-2026 10:37:15 Africa/Lagos] School ID: 6
[12-Mar-2026 10:37:15 Africa/Lagos] School Name: bitflux wallet
[12-Mar-2026 10:37:15 Africa/Lagos] Authenticated User ID: 1
[12-Mar-2026 10:37:15 Africa/Lagos] Loading autoload from: /home/academixsuite/public_html/tenant/{school-slug}/admin/../../../includes/autoload.php
[12-Mar-2026 10:37:15 Africa/Lagos] Autoload loaded successfully
[12-Mar-2026 10:37:15 Africa/Lagos] Database class found
[12-Mar-2026 10:37:15 Africa/Lagos] Loading GuardianManager from: /home/academixsuite/public_html/tenant/{school-slug}/admin/../../../includes/GuardianManager.php
[12-Mar-2026 10:37:15 Africa/Lagos] GuardianManager loaded successfully
[12-Mar-2026 10:37:15 Africa/Lagos] Attempting to connect to database: school_6
[12-Mar-2026 10:37:15 Africa/Lagos] School database connection successful
[12-Mar-2026 10:37:15 Africa/Lagos] GuardianManager initialized for school ID: 6
[12-Mar-2026 10:37:15 Africa/Lagos] GuardianManager initialized successfully
[12-Mar-2026 10:37:15 Africa/Lagos] === ADD GUARDIAN PAGE END ===
[12-Mar-2026 10:37:15 Africa/Lagos] ROUTER END: Successfully served /home/academixsuite/public_html/tenant/{school-slug}/admin/add-new-guardian.php
[12-Mar-2026 10:42:23 Africa/Lagos] === ADD GUARDIAN PAGE START ===
[12-Mar-2026 10:42:23 Africa/Lagos] Script: /home/academixsuite/public_html/tenant/{school-slug}/admin/add-new-guardian.php
[12-Mar-2026 10:42:23 Africa/Lagos] School Slug: bitflux-wallet-1771434696
[12-Mar-2026 10:42:23 Africa/Lagos] School ID: 6
[12-Mar-2026 10:42:23 Africa/Lagos] School Name: bitflux wallet
[12-Mar-2026 10:42:23 Africa/Lagos] Authenticated User ID: 1
[12-Mar-2026 10:42:23 Africa/Lagos] Loading autoload from: /home/academixsuite/public_html/tenant/{school-slug}/admin/../../../includes/autoload.php
[12-Mar-2026 10:42:23 Africa/Lagos] Autoload loaded successfully
[12-Mar-2026 10:42:23 Africa/Lagos] Database class found
[12-Mar-2026 10:42:23 Africa/Lagos] Loading GuardianManager from: /home/academixsuite/public_html/tenant/{school-slug}/admin/../../../includes/GuardianManager.php
[12-Mar-2026 10:42:23 Africa/Lagos] GuardianManager loaded successfully
[12-Mar-2026 10:42:23 Africa/Lagos] Attempting to connect to database: school_6
[12-Mar-2026 10:42:23 Africa/Lagos] School database connection successful
[12-Mar-2026 10:42:23 Africa/Lagos] GuardianManager initialized for school ID: 6
[12-Mar-2026 10:42:23 Africa/Lagos] GuardianManager initialized successfully
[12-Mar-2026 10:42:23 Africa/Lagos] === PROCESSING FORM SUBMISSION ===
[12-Mar-2026 10:42:23 Africa/Lagos] === ADD GUARDIAN START ===
[12-Mar-2026 10:42:23 Africa/Lagos] Validation passed
[12-Mar-2026 10:42:23 Africa/Lagos] Transaction started
[12-Mar-2026 10:42:23 Africa/Lagos] Created new user with ID: 57
[12-Mar-2026 10:42:23 Africa/Lagos] Transaction committed successfully
[12-Mar-2026 10:42:23 Africa/Lagos] Sending login email for user ID: 57
[12-Mar-2026 10:42:23 Africa/Lagos] Email sent: Yes
[12-Mar-2026 10:42:29 Africa/Lagos] === ADD GUARDIAN PAGE START ===
[12-Mar-2026 10:42:29 Africa/Lagos] Script: /home/academixsuite/public_html/tenant/{school-slug}/admin/add-new-guardian.php
[12-Mar-2026 10:42:29 Africa/Lagos] School Slug: bitflux-wallet-1771434696
[12-Mar-2026 10:42:29 Africa/Lagos] School ID: 6
[12-Mar-2026 10:42:29 Africa/Lagos] School Name: bitflux wallet
[12-Mar-2026 10:42:29 Africa/Lagos] Authenticated User ID: 1
[12-Mar-2026 10:42:29 Africa/Lagos] Loading autoload from: /home/academixsuite/public_html/tenant/{school-slug}/admin/../../../includes/autoload.php
[12-Mar-2026 10:42:29 Africa/Lagos] Autoload loaded successfully
[12-Mar-2026 10:42:29 Africa/Lagos] Database class found
[12-Mar-2026 10:42:29 Africa/Lagos] Loading GuardianManager from: /home/academixsuite/public_html/tenant/{school-slug}/admin/../../../includes/GuardianManager.php
[12-Mar-2026 10:42:29 Africa/Lagos] GuardianManager loaded successfully
[12-Mar-2026 10:42:29 Africa/Lagos] Attempting to connect to database: school_6
[12-Mar-2026 10:42:29 Africa/Lagos] School database connection successful
[12-Mar-2026 10:42:29 Africa/Lagos] GuardianManager initialized for school ID: 6
[12-Mar-2026 10:42:29 Africa/Lagos] GuardianManager initialized successfully
[12-Mar-2026 10:42:29 Africa/Lagos] === ADD GUARDIAN PAGE END ===
[12-Mar-2026 10:42:29 Africa/Lagos] ROUTER END: Successfully served /home/academixsuite/public_html/tenant/{school-slug}/admin/add-new-guardian.php
[12-Mar-2026 10:47:16 Africa/Lagos] === ADD GUARDIAN PAGE START ===
[12-Mar-2026 10:47:16 Africa/Lagos] Script: /home/academixsuite/public_html/tenant/{school-slug}/admin/add-new-guardian.php
[12-Mar-2026 10:47:16 Africa/Lagos] School Slug: bitflux-wallet-1771434696
[12-Mar-2026 10:47:16 Africa/Lagos] School ID: 6
[12-Mar-2026 10:47:16 Africa/Lagos] School Name: bitflux wallet
[12-Mar-2026 10:47:16 Africa/Lagos] Authenticated User ID: 1
[12-Mar-2026 10:47:16 Africa/Lagos] Loading autoload from: /home/academixsuite/public_html/tenant/{school-slug}/admin/../../../includes/autoload.php
[12-Mar-2026 10:47:16 Africa/Lagos] Autoload loaded successfully
[12-Mar-2026 10:47:16 Africa/Lagos] Database class found
[12-Mar-2026 10:47:16 Africa/Lagos] Loading GuardianManager from: /home/academixsuite/public_html/tenant/{school-slug}/admin/../../../includes/GuardianManager.php
[12-Mar-2026 10:47:16 Africa/Lagos] GuardianManager loaded successfully
[12-Mar-2026 10:47:16 Africa/Lagos] Attempting to connect to database: school_6
[12-Mar-2026 10:47:16 Africa/Lagos] School database connection successful
[12-Mar-2026 10:47:16 Africa/Lagos] GuardianManager initialized for school ID: 6
[12-Mar-2026 10:47:16 Africa/Lagos] GuardianManager initialized successfully
[12-Mar-2026 10:47:16 Africa/Lagos] === PROCESSING FORM SUBMISSION ===
[12-Mar-2026 10:47:16 Africa/Lagos] === ADD GUARDIAN START ===
[12-Mar-2026 10:47:16 Africa/Lagos] Validation passed
[12-Mar-2026 10:47:16 Africa/Lagos] Transaction started
[12-Mar-2026 10:47:16 Africa/Lagos] Created new user with ID: 58
[12-Mar-2026 10:47:16 Africa/Lagos] Transaction committed successfully
[12-Mar-2026 10:47:16 Africa/Lagos] Sending login email for user ID: 58
[12-Mar-2026 10:47:16 Africa/Lagos] Email sent: Yes
[12-Mar-2026 10:47:26 Africa/Lagos] === ADD GUARDIAN PAGE START ===
[12-Mar-2026 10:47:26 Africa/Lagos] Script: /home/academixsuite/public_html/tenant/{school-slug}/admin/add-new-guardian.php
[12-Mar-2026 10:47:26 Africa/Lagos] School Slug: bitflux-wallet-1771434696
[12-Mar-2026 10:47:26 Africa/Lagos] School ID: 6
[12-Mar-2026 10:47:26 Africa/Lagos] School Name: bitflux wallet
[12-Mar-2026 10:47:26 Africa/Lagos] Authenticated User ID: 1
[12-Mar-2026 10:47:26 Africa/Lagos] Loading autoload from: /home/academixsuite/public_html/tenant/{school-slug}/admin/../../../includes/autoload.php
[12-Mar-2026 10:47:26 Africa/Lagos] Autoload loaded successfully
[12-Mar-2026 10:47:26 Africa/Lagos] Database class found
[12-Mar-2026 10:47:26 Africa/Lagos] Loading GuardianManager from: /home/academixsuite/public_html/tenant/{school-slug}/admin/../../../includes/GuardianManager.php
[12-Mar-2026 10:47:26 Africa/Lagos] GuardianManager loaded successfully
[12-Mar-2026 10:47:26 Africa/Lagos] Attempting to connect to database: school_6
[12-Mar-2026 10:47:26 Africa/Lagos] School database connection successful
[12-Mar-2026 10:47:26 Africa/Lagos] GuardianManager initialized for school ID: 6
[12-Mar-2026 10:47:26 Africa/Lagos] GuardianManager initialized successfully
[12-Mar-2026 10:47:26 Africa/Lagos] === ADD GUARDIAN PAGE END ===
[12-Mar-2026 10:47:26 Africa/Lagos] ROUTER END: Successfully served /home/academixsuite/public_html/tenant/{school-slug}/admin/add-new-guardian.php
[12-Mar-2026 10:53:57 Africa/Lagos] === ADD GUARDIAN PAGE START ===
[12-Mar-2026 10:53:57 Africa/Lagos] Script: /home/academixsuite/public_html/tenant/{school-slug}/admin/add-new-guardian.php
[12-Mar-2026 10:53:57 Africa/Lagos] School Slug: bitflux-wallet-1771434696
[12-Mar-2026 10:53:57 Africa/Lagos] School ID: 6
[12-Mar-2026 10:53:57 Africa/Lagos] School Name: bitflux wallet
[12-Mar-2026 10:53:57 Africa/Lagos] Authenticated User ID: 1
[12-Mar-2026 10:53:57 Africa/Lagos] Loading autoload from: /home/academixsuite/public_html/tenant/{school-slug}/admin/../../../includes/autoload.php
[12-Mar-2026 10:53:57 Africa/Lagos] Autoload loaded successfully
[12-Mar-2026 10:53:57 Africa/Lagos] Database class found
[12-Mar-2026 10:53:57 Africa/Lagos] Loading GuardianManager from: /home/academixsuite/public_html/tenant/{school-slug}/admin/../../../includes/GuardianManager.php
[12-Mar-2026 10:53:57 Africa/Lagos] GuardianManager loaded successfully
[12-Mar-2026 10:53:57 Africa/Lagos] Attempting to connect to database: school_6
[12-Mar-2026 10:53:57 Africa/Lagos] School database connection successful
[12-Mar-2026 10:53:57 Africa/Lagos] GuardianManager initialized for school ID: 6
[12-Mar-2026 10:53:57 Africa/Lagos] GuardianManager initialized successfully
[12-Mar-2026 10:53:57 Africa/Lagos] === PROCESSING FORM SUBMISSION ===
[12-Mar-2026 10:53:57 Africa/Lagos] === ADD GUARDIAN START ===
[12-Mar-2026 10:53:57 Africa/Lagos] Validation passed
[12-Mar-2026 10:53:57 Africa/Lagos] Transaction started
[12-Mar-2026 10:53:57 Africa/Lagos] Created new user with ID: 59
[12-Mar-2026 10:53:57 Africa/Lagos] Transaction committed successfully
[12-Mar-2026 10:53:57 Africa/Lagos] Sending login email for user ID: 59
[12-Mar-2026 10:53:58 Africa/Lagos] Email sent: Yes
[12-Mar-2026 10:54:10 Africa/Lagos] === ADD GUARDIAN PAGE START ===
[12-Mar-2026 10:54:10 Africa/Lagos] Script: /home/academixsuite/public_html/tenant/{school-slug}/admin/add-new-guardian.php
[12-Mar-2026 10:54:10 Africa/Lagos] School Slug: bitflux-wallet-1771434696
[12-Mar-2026 10:54:10 Africa/Lagos] School ID: 6
[12-Mar-2026 10:54:10 Africa/Lagos] School Name: bitflux wallet
[12-Mar-2026 10:54:10 Africa/Lagos] Authenticated User ID: 1
[12-Mar-2026 10:54:10 Africa/Lagos] Loading autoload from: /home/academixsuite/public_html/tenant/{school-slug}/admin/../../../includes/autoload.php
[12-Mar-2026 10:54:10 Africa/Lagos] Autoload loaded successfully
[12-Mar-2026 10:54:10 Africa/Lagos] Database class found
[12-Mar-2026 10:54:10 Africa/Lagos] Loading GuardianManager from: /home/academixsuite/public_html/tenant/{school-slug}/admin/../../../includes/GuardianManager.php
[12-Mar-2026 10:54:10 Africa/Lagos] GuardianManager loaded successfully
[12-Mar-2026 10:54:10 Africa/Lagos] Attempting to connect to database: school_6
[12-Mar-2026 10:54:10 Africa/Lagos] School database connection successful
[12-Mar-2026 10:54:10 Africa/Lagos] GuardianManager initialized for school ID: 6
[12-Mar-2026 10:54:10 Africa/Lagos] GuardianManager initialized successfully
[12-Mar-2026 10:54:10 Africa/Lagos] === ADD GUARDIAN PAGE END ===
[12-Mar-2026 10:54:10 Africa/Lagos] ROUTER END: Successfully served /home/academixsuite/public_html/tenant/{school-slug}/admin/add-new-guardian.php
[12-Mar-2026 10:57:59 Africa/Lagos] === ADD GUARDIAN PAGE START ===
[12-Mar-2026 10:57:59 Africa/Lagos] Script: /home/academixsuite/public_html/tenant/{school-slug}/admin/add-new-guardian.php
[12-Mar-2026 10:57:59 Africa/Lagos] School Slug: bitflux-wallet-1771434696
[12-Mar-2026 10:57:59 Africa/Lagos] School ID: 6
[12-Mar-2026 10:57:59 Africa/Lagos] School Name: bitflux wallet
[12-Mar-2026 10:57:59 Africa/Lagos] Authenticated User ID: 1
[12-Mar-2026 10:57:59 Africa/Lagos] Loading autoload from: /home/academixsuite/public_html/tenant/{school-slug}/admin/../../../includes/autoload.php
[12-Mar-2026 10:57:59 Africa/Lagos] Autoload loaded successfully
[12-Mar-2026 10:57:59 Africa/Lagos] Database class found
[12-Mar-2026 10:57:59 Africa/Lagos] Loading GuardianManager from: /home/academixsuite/public_html/tenant/{school-slug}/admin/../../../includes/GuardianManager.php
[12-Mar-2026 10:57:59 Africa/Lagos] GuardianManager loaded successfully
[12-Mar-2026 10:57:59 Africa/Lagos] Attempting to connect to database: school_6
[12-Mar-2026 10:57:59 Africa/Lagos] School database connection successful
[12-Mar-2026 10:57:59 Africa/Lagos] GuardianManager initialized for school ID: 6
[12-Mar-2026 10:57:59 Africa/Lagos] GuardianManager initialized successfully
[12-Mar-2026 10:57:59 Africa/Lagos] === PROCESSING FORM SUBMISSION ===
[12-Mar-2026 10:57:59 Africa/Lagos] === ADD GUARDIAN START ===
[12-Mar-2026 10:57:59 Africa/Lagos] Validation passed
[12-Mar-2026 10:57:59 Africa/Lagos] Transaction started
[12-Mar-2026 10:58:00 Africa/Lagos] Created new user with ID: 60
[12-Mar-2026 10:58:00 Africa/Lagos] Transaction committed successfully
[12-Mar-2026 10:58:00 Africa/Lagos] Sending login email for user ID: 60
[12-Mar-2026 10:58:00 Africa/Lagos] Email sent: Yes
[12-Mar-2026 10:58:14 Africa/Lagos] === ADD GUARDIAN PAGE START ===
[12-Mar-2026 10:58:14 Africa/Lagos] Script: /home/academixsuite/public_html/tenant/{school-slug}/admin/add-new-guardian.php
[12-Mar-2026 10:58:14 Africa/Lagos] School Slug: bitflux-wallet-1771434696
[12-Mar-2026 10:58:14 Africa/Lagos] School ID: 6
[12-Mar-2026 10:58:14 Africa/Lagos] School Name: bitflux wallet
[12-Mar-2026 10:58:14 Africa/Lagos] Authenticated User ID: 1
[12-Mar-2026 10:58:14 Africa/Lagos] Loading autoload from: /home/academixsuite/public_html/tenant/{school-slug}/admin/../../../includes/autoload.php
[12-Mar-2026 10:58:14 Africa/Lagos] Autoload loaded successfully
[12-Mar-2026 10:58:14 Africa/Lagos] Database class found
[12-Mar-2026 10:58:14 Africa/Lagos] Loading GuardianManager from: /home/academixsuite/public_html/tenant/{school-slug}/admin/../../../includes/GuardianManager.php
[12-Mar-2026 10:58:14 Africa/Lagos] GuardianManager loaded successfully
[12-Mar-2026 10:58:14 Africa/Lagos] Attempting to connect to database: school_6
[12-Mar-2026 10:58:14 Africa/Lagos] School database connection successful
[12-Mar-2026 10:58:14 Africa/Lagos] GuardianManager initialized for school ID: 6
[12-Mar-2026 10:58:14 Africa/Lagos] GuardianManager initialized successfully
[12-Mar-2026 10:58:14 Africa/Lagos] === ADD GUARDIAN PAGE END ===
[12-Mar-2026 10:58:14 Africa/Lagos] ROUTER END: Successfully served /home/academixsuite/public_html/tenant/{school-slug}/admin/add-new-guardian.php
[12-Mar-2026 11:04:57 Africa/Lagos] === ADD GUARDIAN PAGE START ===
[12-Mar-2026 11:04:57 Africa/Lagos] Script: /home/academixsuite/public_html/tenant/{school-slug}/admin/add-new-guardian.php
[12-Mar-2026 11:04:57 Africa/Lagos] School Slug: bitflux-wallet-1771434696
[12-Mar-2026 11:04:57 Africa/Lagos] School ID: 6
[12-Mar-2026 11:04:57 Africa/Lagos] School Name: bitflux wallet
[12-Mar-2026 11:04:57 Africa/Lagos] Authenticated User ID: 1
[12-Mar-2026 11:04:57 Africa/Lagos] Loading autoload from: /home/academixsuite/public_html/tenant/{school-slug}/admin/../../../includes/autoload.php
[12-Mar-2026 11:04:57 Africa/Lagos] Autoload loaded successfully
[12-Mar-2026 11:04:57 Africa/Lagos] Database class found
[12-Mar-2026 11:04:57 Africa/Lagos] Loading GuardianManager from: /home/academixsuite/public_html/tenant/{school-slug}/admin/../../../includes/GuardianManager.php
[12-Mar-2026 11:04:57 Africa/Lagos] GuardianManager loaded successfully
[12-Mar-2026 11:04:57 Africa/Lagos] Attempting to connect to database: school_6
[12-Mar-2026 11:04:57 Africa/Lagos] School database connection successful
[12-Mar-2026 11:04:57 Africa/Lagos] GuardianManager initialized for school ID: 6
[12-Mar-2026 11:04:57 Africa/Lagos] GuardianManager initialized successfully
[12-Mar-2026 11:04:57 Africa/Lagos] === PROCESSING FORM SUBMISSION ===
[12-Mar-2026 11:04:57 Africa/Lagos] === ADD GUARDIAN START ===
[12-Mar-2026 11:04:57 Africa/Lagos] Validation passed
[12-Mar-2026 11:04:57 Africa/Lagos] Transaction started
[12-Mar-2026 11:04:57 Africa/Lagos] Created new user with ID: 61
[12-Mar-2026 11:04:57 Africa/Lagos] Transaction committed successfully
[12-Mar-2026 11:04:57 Africa/Lagos] Sending login email for user ID: 61
[12-Mar-2026 11:04:57 Africa/Lagos] Email sent: Yes
[12-Mar-2026 11:05:12 Africa/Lagos] === ADD GUARDIAN PAGE START ===
[12-Mar-2026 11:05:12 Africa/Lagos] Script: /home/academixsuite/public_html/tenant/{school-slug}/admin/add-new-guardian.php
[12-Mar-2026 11:05:12 Africa/Lagos] School Slug: bitflux-wallet-1771434696
[12-Mar-2026 11:05:12 Africa/Lagos] School ID: 6
[12-Mar-2026 11:05:12 Africa/Lagos] School Name: bitflux wallet
[12-Mar-2026 11:05:12 Africa/Lagos] Authenticated User ID: 1
[12-Mar-2026 11:05:12 Africa/Lagos] Loading autoload from: /home/academixsuite/public_html/tenant/{school-slug}/admin/../../../includes/autoload.php
[12-Mar-2026 11:05:12 Africa/Lagos] Autoload loaded successfully
[12-Mar-2026 11:05:12 Africa/Lagos] Database class found
[12-Mar-2026 11:05:12 Africa/Lagos] Loading GuardianManager from: /home/academixsuite/public_html/tenant/{school-slug}/admin/../../../includes/GuardianManager.php
[12-Mar-2026 11:05:12 Africa/Lagos] GuardianManager loaded successfully
[12-Mar-2026 11:05:12 Africa/Lagos] Attempting to connect to database: school_6
[12-Mar-2026 11:05:12 Africa/Lagos] School database connection successful
[12-Mar-2026 11:05:12 Africa/Lagos] GuardianManager initialized for school ID: 6
[12-Mar-2026 11:05:12 Africa/Lagos] GuardianManager initialized successfully
[12-Mar-2026 11:05:12 Africa/Lagos] === ADD GUARDIAN PAGE END ===
[12-Mar-2026 11:05:12 Africa/Lagos] ROUTER END: Successfully served /home/academixsuite/public_html/tenant/{school-slug}/admin/add-new-guardian.php
[12-Mar-2026 11:14:39 Africa/Lagos] === ADD GUARDIAN PAGE START ===
[12-Mar-2026 11:14:39 Africa/Lagos] Script: /home/academixsuite/public_html/tenant/{school-slug}/admin/add-new-guardian.php
[12-Mar-2026 11:14:39 Africa/Lagos] School Slug: bitflux-wallet-1771434696
[12-Mar-2026 11:14:39 Africa/Lagos] School ID: 6
[12-Mar-2026 11:14:39 Africa/Lagos] School Name: bitflux wallet
[12-Mar-2026 11:14:39 Africa/Lagos] Authenticated User ID: 1
[12-Mar-2026 11:14:39 Africa/Lagos] Loading autoload from: /home/academixsuite/public_html/tenant/{school-slug}/admin/../../../includes/autoload.php
[12-Mar-2026 11:14:39 Africa/Lagos] Autoload loaded successfully
[12-Mar-2026 11:14:39 Africa/Lagos] Database class found
[12-Mar-2026 11:14:39 Africa/Lagos] Loading GuardianManager from: /home/academixsuite/public_html/tenant/{school-slug}/admin/../../../includes/GuardianManager.php
[12-Mar-2026 11:14:39 Africa/Lagos] GuardianManager loaded successfully
[12-Mar-2026 11:14:39 Africa/Lagos] Attempting to connect to database: school_6
[12-Mar-2026 11:14:39 Africa/Lagos] School database connection successful
[12-Mar-2026 11:14:39 Africa/Lagos] GuardianManager initialized for school ID: 6
[12-Mar-2026 11:14:39 Africa/Lagos] GuardianManager initialized successfully
[12-Mar-2026 11:14:39 Africa/Lagos] === PROCESSING FORM SUBMISSION ===
[12-Mar-2026 11:14:39 Africa/Lagos] === ADD GUARDIAN START ===
[12-Mar-2026 11:14:39 Africa/Lagos] Validation passed
[12-Mar-2026 11:14:39 Africa/Lagos] Transaction started
[12-Mar-2026 11:14:39 Africa/Lagos] Created new user with ID: 62
[12-Mar-2026 11:14:39 Africa/Lagos] Transaction committed successfully
[12-Mar-2026 11:14:39 Africa/Lagos] Sending login email for user ID: 62
[12-Mar-2026 11:14:39 Africa/Lagos] Email sent: Yes
[12-Mar-2026 11:15:56 Africa/Lagos] === ADD GUARDIAN PAGE START ===
[12-Mar-2026 11:15:56 Africa/Lagos] Script: /home/academixsuite/public_html/tenant/{school-slug}/admin/add-new-guardian.php
[12-Mar-2026 11:15:56 Africa/Lagos] School Slug: bitflux-wallet-1771434696
[12-Mar-2026 11:15:56 Africa/Lagos] School ID: 6
[12-Mar-2026 11:15:56 Africa/Lagos] School Name: bitflux wallet
[12-Mar-2026 11:15:56 Africa/Lagos] Authenticated User ID: 1
[12-Mar-2026 11:15:56 Africa/Lagos] Loading autoload from: /home/academixsuite/public_html/tenant/{school-slug}/admin/../../../includes/autoload.php
[12-Mar-2026 11:15:56 Africa/Lagos] Autoload loaded successfully
[12-Mar-2026 11:15:56 Africa/Lagos] Database class found
[12-Mar-2026 11:15:56 Africa/Lagos] Loading GuardianManager from: /home/academixsuite/public_html/tenant/{school-slug}/admin/../../../includes/GuardianManager.php
[12-Mar-2026 11:15:56 Africa/Lagos] GuardianManager loaded successfully
[12-Mar-2026 11:15:56 Africa/Lagos] Attempting to connect to database: school_6
[12-Mar-2026 11:15:56 Africa/Lagos] School database connection successful
[12-Mar-2026 11:15:56 Africa/Lagos] GuardianManager initialized for school ID: 6
[12-Mar-2026 11:15:56 Africa/Lagos] GuardianManager initialized successfully
[12-Mar-2026 11:15:56 Africa/Lagos] === ADD GUARDIAN PAGE END ===
[12-Mar-2026 11:15:56 Africa/Lagos] ROUTER END: Successfully served /home/academixsuite/public_html/tenant/{school-slug}/admin/add-new-guardian.php
[12-Mar-2026 11:17:01 Africa/Lagos] === ADD GUARDIAN PAGE START ===
[12-Mar-2026 11:17:01 Africa/Lagos] Script: /home/academixsuite/public_html/tenant/{school-slug}/admin/add-new-guardian.php
[12-Mar-2026 11:17:01 Africa/Lagos] School Slug: bitflux-wallet-1771434696
[12-Mar-2026 11:17:01 Africa/Lagos] School ID: 6
[12-Mar-2026 11:17:01 Africa/Lagos] School Name: bitflux wallet
[12-Mar-2026 11:17:01 Africa/Lagos] Authenticated User ID: 1
[12-Mar-2026 11:17:01 Africa/Lagos] Loading autoload from: /home/academixsuite/public_html/tenant/{school-slug}/admin/../../../includes/autoload.php
[12-Mar-2026 11:17:01 Africa/Lagos] Autoload loaded successfully
[12-Mar-2026 11:17:01 Africa/Lagos] Database class found
[12-Mar-2026 11:17:01 Africa/Lagos] Loading GuardianManager from: /home/academixsuite/public_html/tenant/{school-slug}/admin/../../../includes/GuardianManager.php
[12-Mar-2026 11:17:01 Africa/Lagos] GuardianManager loaded successfully
[12-Mar-2026 11:17:01 Africa/Lagos] Attempting to connect to database: school_6
[12-Mar-2026 11:17:01 Africa/Lagos] School database connection successful
[12-Mar-2026 11:17:01 Africa/Lagos] GuardianManager initialized for school ID: 6
[12-Mar-2026 11:17:01 Africa/Lagos] GuardianManager initialized successfully
[12-Mar-2026 11:17:01 Africa/Lagos] === ADD GUARDIAN PAGE END ===
[12-Mar-2026 11:17:01 Africa/Lagos] ROUTER END: Successfully served /home/academixsuite/public_html/tenant/{school-slug}/admin/add-new-guardian.php
[12-Mar-2026 11:17:06 Africa/Lagos] === ADD GUARDIAN PAGE START ===
[12-Mar-2026 11:17:06 Africa/Lagos] Script: /home/academixsuite/public_html/tenant/{school-slug}/admin/add-new-guardian.php
[12-Mar-2026 11:17:06 Africa/Lagos] School Slug: bitflux-wallet-1771434696
[12-Mar-2026 11:17:06 Africa/Lagos] School ID: 6
[12-Mar-2026 11:17:06 Africa/Lagos] School Name: bitflux wallet
[12-Mar-2026 11:17:06 Africa/Lagos] Authenticated User ID: 1
[12-Mar-2026 11:17:06 Africa/Lagos] Loading autoload from: /home/academixsuite/public_html/tenant/{school-slug}/admin/../../../includes/autoload.php
[12-Mar-2026 11:17:06 Africa/Lagos] Autoload loaded successfully
[12-Mar-2026 11:17:06 Africa/Lagos] Database class found
[12-Mar-2026 11:17:06 Africa/Lagos] Loading GuardianManager from: /home/academixsuite/public_html/tenant/{school-slug}/admin/../../../includes/GuardianManager.php
[12-Mar-2026 11:17:06 Africa/Lagos] GuardianManager loaded successfully
[12-Mar-2026 11:17:06 Africa/Lagos] Attempting to connect to database: school_6
[12-Mar-2026 11:17:06 Africa/Lagos] School database connection successful
[12-Mar-2026 11:17:06 Africa/Lagos] GuardianManager initialized for school ID: 6
[12-Mar-2026 11:17:06 Africa/Lagos] GuardianManager initialized successfully
[12-Mar-2026 11:17:06 Africa/Lagos] === ADD GUARDIAN PAGE END ===
[12-Mar-2026 11:17:06 Africa/Lagos] ROUTER END: Successfully served /home/academixsuite/public_html/tenant/{school-slug}/admin/add-new-guardian.php
[12-Mar-2026 11:19:19 Africa/Lagos] === ADD GUARDIAN PAGE START ===
[12-Mar-2026 11:19:19 Africa/Lagos] Script: /home/academixsuite/public_html/tenant/{school-slug}/admin/add-new-guardian.php
[12-Mar-2026 11:19:19 Africa/Lagos] School Slug: bitflux-wallet-1771434696
[12-Mar-2026 11:19:19 Africa/Lagos] School ID: 6
[12-Mar-2026 11:19:19 Africa/Lagos] School Name: bitflux wallet
[12-Mar-2026 11:19:19 Africa/Lagos] Authenticated User ID: 1
[12-Mar-2026 11:19:19 Africa/Lagos] Loading autoload from: /home/academixsuite/public_html/tenant/{school-slug}/admin/../../../includes/autoload.php
[12-Mar-2026 11:19:19 Africa/Lagos] Autoload loaded successfully
[12-Mar-2026 11:19:19 Africa/Lagos] Database class found
[12-Mar-2026 11:19:19 Africa/Lagos] Loading GuardianManager from: /home/academixsuite/public_html/tenant/{school-slug}/admin/../../../includes/GuardianManager.php
[12-Mar-2026 11:19:19 Africa/Lagos] GuardianManager loaded successfully
[12-Mar-2026 11:19:19 Africa/Lagos] Attempting to connect to database: school_6
[12-Mar-2026 11:19:19 Africa/Lagos] School database connection successful
[12-Mar-2026 11:19:19 Africa/Lagos] GuardianManager initialized for school ID: 6
[12-Mar-2026 11:19:19 Africa/Lagos] GuardianManager initialized successfully
[12-Mar-2026 11:19:19 Africa/Lagos] === PROCESSING FORM SUBMISSION ===
[12-Mar-2026 11:19:19 Africa/Lagos] === ADD GUARDIAN START ===
[12-Mar-2026 11:19:19 Africa/Lagos] Validation passed
[12-Mar-2026 11:19:19 Africa/Lagos] Transaction started
[12-Mar-2026 11:19:19 Africa/Lagos] Created new user with ID: 63
[12-Mar-2026 11:19:19 Africa/Lagos] Transaction committed successfully
[12-Mar-2026 11:19:19 Africa/Lagos] Sending login email for user ID: 63
[12-Mar-2026 11:19:19 Africa/Lagos] Email sent: Yes
[13-Mar-2026 07:31:25 Africa/Lagos] === ADD GUARDIAN PAGE START ===
[13-Mar-2026 07:31:25 Africa/Lagos] Script: /home/academixsuite/public_html/tenant/{school-slug}/admin/add-new-guardian.php
[13-Mar-2026 07:31:25 Africa/Lagos] School Slug: bitflux-wallet-1771434696
[13-Mar-2026 07:31:25 Africa/Lagos] School ID: 6
[13-Mar-2026 07:31:25 Africa/Lagos] School Name: bitflux wallet
[13-Mar-2026 07:31:25 Africa/Lagos] Authenticated User ID: 1
[13-Mar-2026 07:31:25 Africa/Lagos] Loading autoload from: /home/academixsuite/public_html/tenant/{school-slug}/admin/../../../includes/autoload.php
[13-Mar-2026 07:31:25 Africa/Lagos] Autoload loaded successfully
[13-Mar-2026 07:31:25 Africa/Lagos] Database class found
[13-Mar-2026 07:31:25 Africa/Lagos] Loading GuardianManager from: /home/academixsuite/public_html/tenant/{school-slug}/admin/../../../includes/GuardianManager.php
[13-Mar-2026 07:31:25 Africa/Lagos] GuardianManager loaded successfully
[13-Mar-2026 07:31:25 Africa/Lagos] Attempting to connect to database: school_6
[13-Mar-2026 07:31:25 Africa/Lagos] School database connection successful
[13-Mar-2026 07:31:25 Africa/Lagos] GuardianManager initialized for school ID: 6
[13-Mar-2026 07:31:25 Africa/Lagos] GuardianManager initialized successfully
[13-Mar-2026 07:31:25 Africa/Lagos] === ADD GUARDIAN PAGE END ===
[13-Mar-2026 07:31:25 Africa/Lagos] ROUTER END: Successfully served /home/academixsuite/public_html/tenant/{school-slug}/admin/add-new-guardian.php
[14-Mar-2026 17:35:03 Africa/Lagos] === ADD GUARDIAN PAGE START ===
[14-Mar-2026 17:35:03 Africa/Lagos] Script: /home/academixsuite/public_html/tenant/{school-slug}/admin/add-new-guardian.php
[14-Mar-2026 17:35:03 Africa/Lagos] School Slug: bitflux-wallet-1771434696
[14-Mar-2026 17:35:03 Africa/Lagos] School ID: 6
[14-Mar-2026 17:35:03 Africa/Lagos] School Name: bitflux wallet
[14-Mar-2026 17:35:03 Africa/Lagos] Authenticated User ID: 1
[14-Mar-2026 17:35:03 Africa/Lagos] Loading autoload from: /home/academixsuite/public_html/tenant/{school-slug}/admin/../../../includes/autoload.php
[14-Mar-2026 17:35:03 Africa/Lagos] Autoload loaded successfully
[14-Mar-2026 17:35:03 Africa/Lagos] Database class found
[14-Mar-2026 17:35:03 Africa/Lagos] Loading GuardianManager from: /home/academixsuite/public_html/tenant/{school-slug}/admin/../../../includes/GuardianManager.php
[14-Mar-2026 17:35:03 Africa/Lagos] GuardianManager loaded successfully
[14-Mar-2026 17:35:03 Africa/Lagos] Attempting to connect to database: school_6
[14-Mar-2026 17:35:03 Africa/Lagos] School database connection successful
[14-Mar-2026 17:35:03 Africa/Lagos] GuardianManager initialized for school ID: 6
[14-Mar-2026 17:35:03 Africa/Lagos] GuardianManager initialized successfully
[14-Mar-2026 17:35:03 Africa/Lagos] === ADD GUARDIAN PAGE END ===
[14-Mar-2026 17:35:03 Africa/Lagos] ROUTER END: Successfully served /home/academixsuite/public_html/tenant/{school-slug}/admin/add-new-guardian.php
[14-Mar-2026 17:35:23 Africa/Lagos] === ADD GUARDIAN PAGE START ===
[14-Mar-2026 17:35:23 Africa/Lagos] Script: /home/academixsuite/public_html/tenant/{school-slug}/admin/add-new-guardian.php
[14-Mar-2026 17:35:23 Africa/Lagos] School Slug: bitflux-wallet-1771434696
[14-Mar-2026 17:35:23 Africa/Lagos] School ID: 6
[14-Mar-2026 17:35:23 Africa/Lagos] School Name: bitflux wallet
[14-Mar-2026 17:35:23 Africa/Lagos] Authenticated User ID: 1
[14-Mar-2026 17:35:23 Africa/Lagos] Loading autoload from: /home/academixsuite/public_html/tenant/{school-slug}/admin/../../../includes/autoload.php
[14-Mar-2026 17:35:23 Africa/Lagos] Autoload loaded successfully
[14-Mar-2026 17:35:23 Africa/Lagos] Database class found
[14-Mar-2026 17:35:23 Africa/Lagos] Loading GuardianManager from: /home/academixsuite/public_html/tenant/{school-slug}/admin/../../../includes/GuardianManager.php
[14-Mar-2026 17:35:23 Africa/Lagos] GuardianManager loaded successfully
[14-Mar-2026 17:35:23 Africa/Lagos] Attempting to connect to database: school_6
[14-Mar-2026 17:35:23 Africa/Lagos] School database connection successful
[14-Mar-2026 17:35:23 Africa/Lagos] GuardianManager initialized for school ID: 6
[14-Mar-2026 17:35:23 Africa/Lagos] GuardianManager initialized successfully
[14-Mar-2026 17:35:30 Africa/Lagos] === ADD GUARDIAN PAGE START ===
[14-Mar-2026 17:35:30 Africa/Lagos] Script: /home/academixsuite/public_html/tenant/{school-slug}/admin/add-new-guardian.php
[14-Mar-2026 17:35:30 Africa/Lagos] School Slug: bitflux-wallet-1771434696
[14-Mar-2026 17:35:30 Africa/Lagos] School ID: 6
[14-Mar-2026 17:35:30 Africa/Lagos] School Name: bitflux wallet
[14-Mar-2026 17:35:30 Africa/Lagos] Authenticated User ID: 1
[14-Mar-2026 17:35:30 Africa/Lagos] Loading autoload from: /home/academixsuite/public_html/tenant/{school-slug}/admin/../../../includes/autoload.php
[14-Mar-2026 17:35:30 Africa/Lagos] Autoload loaded successfully
[14-Mar-2026 17:35:30 Africa/Lagos] Database class found
[14-Mar-2026 17:35:30 Africa/Lagos] Loading GuardianManager from: /home/academixsuite/public_html/tenant/{school-slug}/admin/../../../includes/GuardianManager.php
[14-Mar-2026 17:35:30 Africa/Lagos] GuardianManager loaded successfully
[14-Mar-2026 17:35:30 Africa/Lagos] Attempting to connect to database: school_6
[14-Mar-2026 17:35:30 Africa/Lagos] School database connection successful
[14-Mar-2026 17:35:30 Africa/Lagos] GuardianManager initialized for school ID: 6
[14-Mar-2026 17:35:30 Africa/Lagos] GuardianManager initialized successfully
[14-Mar-2026 17:35:33 Africa/Lagos] === ADD GUARDIAN PAGE START ===
[14-Mar-2026 17:35:33 Africa/Lagos] Script: /home/academixsuite/public_html/tenant/{school-slug}/admin/add-new-guardian.php
[14-Mar-2026 17:35:33 Africa/Lagos] School Slug: bitflux-wallet-1771434696
[14-Mar-2026 17:35:33 Africa/Lagos] School ID: 6
[14-Mar-2026 17:35:33 Africa/Lagos] School Name: bitflux wallet
[14-Mar-2026 17:35:33 Africa/Lagos] Authenticated User ID: 1
[14-Mar-2026 17:35:33 Africa/Lagos] Loading autoload from: /home/academixsuite/public_html/tenant/{school-slug}/admin/../../../includes/autoload.php
[14-Mar-2026 17:35:33 Africa/Lagos] Autoload loaded successfully
[14-Mar-2026 17:35:33 Africa/Lagos] Database class found
[14-Mar-2026 17:35:33 Africa/Lagos] Loading GuardianManager from: /home/academixsuite/public_html/tenant/{school-slug}/admin/../../../includes/GuardianManager.php
[14-Mar-2026 17:35:33 Africa/Lagos] GuardianManager loaded successfully
[14-Mar-2026 17:35:33 Africa/Lagos] Attempting to connect to database: school_6
[14-Mar-2026 17:35:33 Africa/Lagos] School database connection successful
[14-Mar-2026 17:35:33 Africa/Lagos] GuardianManager initialized for school ID: 6
[14-Mar-2026 17:35:33 Africa/Lagos] GuardianManager initialized successfully
[14-Mar-2026 17:35:34 Africa/Lagos] === ADD GUARDIAN PAGE START ===
[14-Mar-2026 17:35:34 Africa/Lagos] Script: /home/academixsuite/public_html/tenant/{school-slug}/admin/add-new-guardian.php
[14-Mar-2026 17:35:34 Africa/Lagos] School Slug: bitflux-wallet-1771434696
[14-Mar-2026 17:35:34 Africa/Lagos] School ID: 6
[14-Mar-2026 17:35:34 Africa/Lagos] School Name: bitflux wallet
[14-Mar-2026 17:35:34 Africa/Lagos] Authenticated User ID: 1
[14-Mar-2026 17:35:34 Africa/Lagos] Loading autoload from: /home/academixsuite/public_html/tenant/{school-slug}/admin/../../../includes/autoload.php
[14-Mar-2026 17:35:34 Africa/Lagos] Autoload loaded successfully
[14-Mar-2026 17:35:34 Africa/Lagos] Database class found
[14-Mar-2026 17:35:34 Africa/Lagos] Loading GuardianManager from: /home/academixsuite/public_html/tenant/{school-slug}/admin/../../../includes/GuardianManager.php
[14-Mar-2026 17:35:34 Africa/Lagos] GuardianManager loaded successfully
[14-Mar-2026 17:35:34 Africa/Lagos] Attempting to connect to database: school_6
[14-Mar-2026 17:35:34 Africa/Lagos] School database connection successful
[14-Mar-2026 17:35:34 Africa/Lagos] GuardianManager initialized for school ID: 6
[14-Mar-2026 17:35:34 Africa/Lagos] GuardianManager initialized successfully
[14-Mar-2026 17:35:44 Africa/Lagos] === ADD GUARDIAN PAGE START ===
[14-Mar-2026 17:35:44 Africa/Lagos] Script: /home/academixsuite/public_html/tenant/{school-slug}/admin/add-new-guardian.php
[14-Mar-2026 17:35:44 Africa/Lagos] School Slug: bitflux-wallet-1771434696
[14-Mar-2026 17:35:44 Africa/Lagos] School ID: 6
[14-Mar-2026 17:35:44 Africa/Lagos] School Name: bitflux wallet
[14-Mar-2026 17:35:44 Africa/Lagos] Authenticated User ID: 1
[14-Mar-2026 17:35:44 Africa/Lagos] Loading autoload from: /home/academixsuite/public_html/tenant/{school-slug}/admin/../../../includes/autoload.php
[14-Mar-2026 17:35:44 Africa/Lagos] Autoload loaded successfully
[14-Mar-2026 17:35:44 Africa/Lagos] Database class found
[14-Mar-2026 17:35:44 Africa/Lagos] Loading GuardianManager from: /home/academixsuite/public_html/tenant/{school-slug}/admin/../../../includes/GuardianManager.php
[14-Mar-2026 17:35:44 Africa/Lagos] GuardianManager loaded successfully
[14-Mar-2026 17:35:44 Africa/Lagos] Attempting to connect to database: school_6
[14-Mar-2026 17:35:44 Africa/Lagos] School database connection successful
[14-Mar-2026 17:35:44 Africa/Lagos] GuardianManager initialized for school ID: 6
[14-Mar-2026 17:35:44 Africa/Lagos] GuardianManager initialized successfully
[14-Mar-2026 17:35:50 Africa/Lagos] === ADD GUARDIAN PAGE START ===
[14-Mar-2026 17:35:50 Africa/Lagos] Script: /home/academixsuite/public_html/tenant/{school-slug}/admin/add-new-guardian.php
[14-Mar-2026 17:35:50 Africa/Lagos] School Slug: bitflux-wallet-1771434696
[14-Mar-2026 17:35:50 Africa/Lagos] School ID: 6
[14-Mar-2026 17:35:50 Africa/Lagos] School Name: bitflux wallet
[14-Mar-2026 17:35:50 Africa/Lagos] Authenticated User ID: 1
[14-Mar-2026 17:35:50 Africa/Lagos] Loading autoload from: /home/academixsuite/public_html/tenant/{school-slug}/admin/../../../includes/autoload.php
[14-Mar-2026 17:35:50 Africa/Lagos] Autoload loaded successfully
[14-Mar-2026 17:35:50 Africa/Lagos] Database class found
[14-Mar-2026 17:35:50 Africa/Lagos] Loading GuardianManager from: /home/academixsuite/public_html/tenant/{school-slug}/admin/../../../includes/GuardianManager.php
[14-Mar-2026 17:35:50 Africa/Lagos] GuardianManager loaded successfully
[14-Mar-2026 17:35:50 Africa/Lagos] Attempting to connect to database: school_6
[14-Mar-2026 17:35:50 Africa/Lagos] School database connection successful
[14-Mar-2026 17:35:50 Africa/Lagos] GuardianManager initialized for school ID: 6
[14-Mar-2026 17:35:50 Africa/Lagos] GuardianManager initialized successfully
[14-Mar-2026 17:35:51 Africa/Lagos] === ADD GUARDIAN PAGE START ===
[14-Mar-2026 17:35:51 Africa/Lagos] Script: /home/academixsuite/public_html/tenant/{school-slug}/admin/add-new-guardian.php
[14-Mar-2026 17:35:51 Africa/Lagos] School Slug: bitflux-wallet-1771434696
[14-Mar-2026 17:35:51 Africa/Lagos] School ID: 6
[14-Mar-2026 17:35:51 Africa/Lagos] School Name: bitflux wallet
[14-Mar-2026 17:35:51 Africa/Lagos] Authenticated User ID: 1
[14-Mar-2026 17:35:51 Africa/Lagos] Loading autoload from: /home/academixsuite/public_html/tenant/{school-slug}/admin/../../../includes/autoload.php
[14-Mar-2026 17:35:51 Africa/Lagos] Autoload loaded successfully
[14-Mar-2026 17:35:51 Africa/Lagos] Database class found
[14-Mar-2026 17:35:51 Africa/Lagos] Loading GuardianManager from: /home/academixsuite/public_html/tenant/{school-slug}/admin/../../../includes/GuardianManager.php
[14-Mar-2026 17:35:51 Africa/Lagos] GuardianManager loaded successfully
[14-Mar-2026 17:35:51 Africa/Lagos] Attempting to connect to database: school_6
[14-Mar-2026 17:35:51 Africa/Lagos] School database connection successful
[14-Mar-2026 17:35:51 Africa/Lagos] GuardianManager initialized for school ID: 6
[14-Mar-2026 17:35:51 Africa/Lagos] GuardianManager initialized successfully
[14-Mar-2026 17:35:52 Africa/Lagos] === ADD GUARDIAN PAGE START ===
[14-Mar-2026 17:35:52 Africa/Lagos] Script: /home/academixsuite/public_html/tenant/{school-slug}/admin/add-new-guardian.php
[14-Mar-2026 17:35:52 Africa/Lagos] School Slug: bitflux-wallet-1771434696
[14-Mar-2026 17:35:52 Africa/Lagos] School ID: 6
[14-Mar-2026 17:35:52 Africa/Lagos] School Name: bitflux wallet
[14-Mar-2026 17:35:52 Africa/Lagos] Authenticated User ID: 1
[14-Mar-2026 17:35:52 Africa/Lagos] Loading autoload from: /home/academixsuite/public_html/tenant/{school-slug}/admin/../../../includes/autoload.php
[14-Mar-2026 17:35:52 Africa/Lagos] Autoload loaded successfully
[14-Mar-2026 17:35:52 Africa/Lagos] Database class found
[14-Mar-2026 17:35:52 Africa/Lagos] Loading GuardianManager from: /home/academixsuite/public_html/tenant/{school-slug}/admin/../../../includes/GuardianManager.php
[14-Mar-2026 17:35:52 Africa/Lagos] GuardianManager loaded successfully
[14-Mar-2026 17:35:52 Africa/Lagos] Attempting to connect to database: school_6
[14-Mar-2026 17:35:52 Africa/Lagos] School database connection successful
[14-Mar-2026 17:35:52 Africa/Lagos] GuardianManager initialized for school ID: 6
[14-Mar-2026 17:35:52 Africa/Lagos] GuardianManager initialized successfully
[14-Mar-2026 17:35:53 Africa/Lagos] === ADD GUARDIAN PAGE START ===
[14-Mar-2026 17:35:53 Africa/Lagos] Script: /home/academixsuite/public_html/tenant/{school-slug}/admin/add-new-guardian.php
[14-Mar-2026 17:35:53 Africa/Lagos] School Slug: bitflux-wallet-1771434696
[14-Mar-2026 17:35:53 Africa/Lagos] School ID: 6
[14-Mar-2026 17:35:53 Africa/Lagos] School Name: bitflux wallet
[14-Mar-2026 17:35:53 Africa/Lagos] Authenticated User ID: 1
[14-Mar-2026 17:35:53 Africa/Lagos] Loading autoload from: /home/academixsuite/public_html/tenant/{school-slug}/admin/../../../includes/autoload.php
[14-Mar-2026 17:35:53 Africa/Lagos] Autoload loaded successfully
[14-Mar-2026 17:35:53 Africa/Lagos] Database class found
[14-Mar-2026 17:35:53 Africa/Lagos] Loading GuardianManager from: /home/academixsuite/public_html/tenant/{school-slug}/admin/../../../includes/GuardianManager.php
[14-Mar-2026 17:35:53 Africa/Lagos] GuardianManager loaded successfully
[14-Mar-2026 17:35:53 Africa/Lagos] Attempting to connect to database: school_6
[14-Mar-2026 17:35:53 Africa/Lagos] School database connection successful
[14-Mar-2026 17:35:53 Africa/Lagos] GuardianManager initialized for school ID: 6
[14-Mar-2026 17:35:53 Africa/Lagos] GuardianManager initialized successfully
